CustomerID,Recency,Frequency,Monetary,TotalQuantity,UniqueProducts,FirstPurchase,LastPurchase,CustomerTenureDays,AverageOrderValue,Cluster
12346,326,1,77183.6,74215,1,2011-01-18 10:01:00,2011-01-18 10:01:00,0,77183.6,0
12347,2,7,4310.0,2458,103,2010-12-07 14:57:00,2011-12-07 15:52:00,365,615.7142857142857,0
12348,75,4,1797.24,2341,22,2010-12-16 19:09:00,2011-09-25 13:13:00,282,449.31,0
12349,19,1,1757.55,631,73,2011-11-21 09:51:00,2011-11-21 09:51:00,0,1757.55,0
12350,310,1,334.4,197,17,2011-02-02 16:01:00,2011-02-02 16:01:00,0,334.4,1
12352,36,8,2506.04,536,59,2011-02-16 12:33:00,2011-11-03 14:37:00,260,313.255,0
12353,204,1,89.0,20,4,2011-05-19 17:47:00,2011-05-19 17:47:00,0,89.0,1
12354,232,1,1079.4,530,58,2011-04-21 13:11:00,2011-04-21 13:11:00,0,1079.4,1
12355,214,1,459.4,240,13,2011-05-09 13:49:00,2011-05-09 13:49:00,0,459.4,1
12356,23,3,2811.43,1591,53,2011-01-18 09:50:00,2011-11-17 08:40:00,302,937.1433333333333,0
12357,33,1,6207.67,2708,131,2011-11-06 16:07:00,2011-11-06 16:07:00,0,6207.67,0
12358,2,2,1168.06,248,13,2011-07-12 10:04:00,2011-12-08 10:26:00,149,584.03,0
12359,58,4,6310.03,1609,214,2011-01-12 12:43:00,2011-10-13 12:47:00,274,1577.5075,0
12360,52,3,2662.06,1165,105,2011-05-23 09:43:00,2011-10-18 15:22:00,148,887.3533333333334,0
12361,287,1,189.9,91,10,2011-02-25 13:51:00,2011-02-25 13:51:00,0,189.9,1
12362,3,10,5226.23,2229,201,2011-02-17 10:30:00,2011-12-06 15:40:00,292,522.6229999999999,0
12363,110,2,552.0,408,23,2011-04-11 13:29:00,2011-08-22 10:18:00,132,276.0,1
12364,8,4,1313.1,1506,70,2011-08-19 15:24:00,2011-12-02 10:22:00,104,328.275,0
12365,291,2,641.38,174,22,2011-02-21 13:51:00,2011-02-21 14:04:00,0,320.69,1
12367,4,1,168.9,173,11,2011-12-05 16:48:00,2011-12-05 16:48:00,0,168.9,1
12370,51,4,3541.94,2352,143,2010-12-14 12:58:00,2011-10-19 14:51:00,309,885.485,0
12371,45,2,1887.96,591,63,2011-10-11 10:43:00,2011-10-26 10:16:00,14,943.98,0
12372,72,3,1298.04,794,34,2011-02-16 12:46:00,2011-09-29 12:12:00,224,432.68,0
12373,311,1,364.6,197,14,2011-02-01 13:10:00,2011-02-01 13:10:00,0,364.6,1
12374,25,1,742.9300000000001,342,33,2011-11-14 15:37:00,2011-11-14 15:37:00,0,742.9300000000001,1
12375,11,2,457.5,178,14,2011-09-02 14:23:00,2011-11-29 10:36:00,87,228.75,1
12377,315,2,1628.12,944,72,2010-12-20 09:37:00,2011-01-28 15:45:00,39,814.06,0
12378,130,1,4008.62,2529,219,2011-08-02 10:34:00,2011-08-02 10:34:00,0,4008.62,0
12379,82,2,852.24,407,39,2011-06-22 16:32:00,2011-09-19 10:09:00,88,426.12,0
12380,22,4,2724.81,1127,77,2011-06-07 09:49:00,2011-11-18 11:27:00,164,681.2025,0
12381,5,5,1845.31,808,70,2011-08-12 09:57:00,2011-12-05 12:44:00,115,369.062,0
12383,185,5,1850.56,1532,84,2010-12-22 14:28:00,2011-06-08 08:02:00,167,370.11199999999997,0
12384,29,2,585.27,126,26,2011-08-10 11:23:00,2011-11-11 08:39:00,92,292.635,1
12386,338,2,401.9,354,10,2010-12-08 09:53:00,2011-01-06 12:37:00,29,200.95,1
12388,16,6,2780.66,1462,57,2011-01-17 11:12:00,2011-11-24 12:30:00,311,463.4433333333333,0
12390,80,1,549.84,353,32,2011-09-21 09:33:00,2011-09-21 09:33:00,0,549.84,1
12391,22,1,439.66,293,92,2011-11-18 12:07:00,2011-11-18 12:07:00,0,439.66,1
12393,72,4,1582.6000000000001,816,47,2011-01-11 09:47:00,2011-09-28 15:41:00,260,395.65000000000003,0
12394,64,2,1272.48,819,26,2011-05-06 14:01:00,2011-10-07 08:08:00,153,636.24,0
12395,19,12,3018.63,2118,91,2010-12-03 16:35:00,2011-11-20 15:21:00,351,251.5525,0
12397,36,2,2409.9,1263,110,2011-07-27 14:21:00,2011-11-04 09:52:00,99,1204.95,0
12398,46,1,1635.6599999999999,1394,85,2011-10-25 10:27:00,2011-10-25 10:27:00,0,1635.6599999999999,0
12399,119,4,1108.65,1178,47,2011-03-23 09:42:00,2011-08-12 13:15:00,142,277.1625,0
12401,303,1,84.3,11,5,2011-02-09 13:50:00,2011-02-09 13:50:00,0,84.3,1
12402,323,1,225.6,94,11,2011-01-20 13:49:00,2011-01-20 13:49:00,0,225.6,1
12403,50,1,427.7,96,5,2011-10-21 10:51:00,2011-10-21 10:51:00,0,427.7,1
12405,149,1,1710.39,857,54,2011-07-14 08:52:00,2011-07-14 08:52:00,0,1710.39,1
12406,22,2,3415.3,1818,92,2011-06-09 10:23:00,2011-11-17 19:22:00,161,1707.65,0
12407,50,5,1708.1200000000001,1416,57,2011-03-20 13:21:00,2011-10-21 10:11:00,214,341.624,0
12408,33,5,2888.55,1409,81,2011-03-24 14:46:00,2011-11-07 12:27:00,227,577.71,0
12409,79,3,11072.67,5551,91,2011-06-10 12:19:00,2011-09-22 10:38:00,103,3690.89,0
12410,309,2,693.3299999999999,211,26,2011-02-04 10:38:00,2011-02-04 10:39:00,0,346.66499999999996,1
12412,75,3,1226.88,829,43,2011-06-23 13:51:00,2011-09-26 10:16:00,94,408.96000000000004,0
12413,67,3,758.1,286,29,2011-01-06 16:12:00,2011-10-04 09:00:00,270,252.70000000000002,0
12414,217,3,562.41,300,16,2011-02-02 14:51:00,2011-05-06 14:51:00,93,187.47,1
12415,24,21,124914.53,77374,444,2011-01-06 11:12:00,2011-11-15 14:22:00,313,5948.310952380953,0
12417,3,9,3649.1,1552,158,2010-12-17 11:51:00,2011-12-06 14:52:00,354,405.4555555555555,0
12418,113,1,668.58,407,34,2011-08-19 11:08:00,2011-08-19 11:08:00,0,668.58,1
12420,64,1,600.39,345,29,2011-10-07 08:55:00,2011-10-07 08:55:00,0,600.39,1
12421,16,4,807.04,484,32,2011-01-24 15:09:00,2011-11-24 09:07:00,303,201.76,0
12422,96,3,803.5600000000001,370,39,2011-01-19 09:13:00,2011-09-05 09:48:00,229,267.85333333333335,0
12423,1,8,1859.31,1339,97,2010-12-21 10:54:00,2011-12-09 10:10:00,352,232.41375,0
12424,163,2,1760.96,740,30,2011-06-30 12:06:00,2011-06-30 12:06:00,0,880.48,1
12425,78,1,777.2,496,36,2011-09-22 17:31:00,2011-09-22 17:31:00,0,777.2,1
12426,195,1,582.73,258,30,2011-05-29 12:26:00,2011-05-29 12:26:00,0,582.73,1
12427,22,3,825.8,533,26,2010-12-03 10:44:00,2011-11-18 08:56:00,349,275.26666666666665,0
12428,26,9,7956.46,3536,258,2011-03-01 09:33:00,2011-11-14 08:22:00,257,884.0511111111111,0
12429,9,4,3750.4,1557,82,2010-12-09 12:05:00,2011-11-30 17:22:00,356,937.6,0
12430,43,1,256.4,117,11,2011-10-27 15:09:00,2011-10-27 15:09:00,0,256.4,1
12431,36,15,6419.95,2896,163,2010-12-01 10:03:00,2011-11-04 11:55:00,338,427.99666666666667,0
12432,43,5,5059.32,1801,107,2011-06-20 13:27:00,2011-10-28 11:43:00,129,1011.8639999999999,0
12433,1,7,13375.87,11071,219,2010-12-01 13:24:00,2011-12-09 10:02:00,372,1910.8385714285716,0
12434,85,2,806.14,394,46,2011-03-24 13:05:00,2011-09-16 12:38:00,175,403.07,0
12435,80,2,7829.89,2055,31,2011-03-17 07:40:00,2011-09-21 09:06:00,188,3914.945,0
12436,100,1,509.01,211,16,2011-09-01 12:09:00,2011-09-01 12:09:00,0,509.01,1
12437,2,18,4951.41,2922,118,2011-01-12 14:13:00,2011-12-08 11:35:00,329,275.0783333333333,0
12438,14,2,2906.85,1180,84,2011-07-22 13:29:00,2011-11-25 13:28:00,125,1453.425,0
12441,367,1,173.55,121,11,2010-12-08 10:45:00,2010-12-08 10:45:00,0,173.55,1
12442,3,1,172.06,182,12,2011-12-06 14:22:00,2011-12-06 14:22:00,0,172.06,1
12444,21,5,5005.46,1153,138,2011-06-21 14:00:00,2011-11-18 13:23:00,149,1001.092,0
12445,22,1,133.4,62,4,2011-11-17 18:43:00,2011-11-17 18:43:00,0,133.4,1
12446,58,1,1002.3100000000001,351,57,2011-10-13 12:50:00,2011-10-13 12:50:00,0,1002.3100000000001,1
12447,243,1,476.49,190,26,2011-04-10 13:25:00,2011-04-10 13:25:00,0,476.49,1
12448,44,1,449.45,243,22,2011-10-26 13:46:00,2011-10-26 13:46:00,0,449.45,1
12449,22,4,4067.29,1553,118,2011-06-05 15:37:00,2011-11-17 13:46:00,164,1016.8225,0
12450,156,2,197.88,128,7,2011-06-19 14:36:00,2011-07-06 14:41:00,17,98.94,1
12451,11,5,9035.52,6575,265,2011-01-19 09:05:00,2011-11-29 08:40:00,313,1807.104,0
12452,17,2,430.57,185,21,2011-11-23 08:05:00,2011-11-23 10:28:00,0,215.285,1
12453,134,1,707.09,473,43,2011-07-28 14:08:00,2011-07-28 14:08:00,0,707.09,1
12454,56,1,3528.34,1006,15,2011-10-14 17:13:00,2011-10-14 17:13:00,0,3528.34,0
12455,73,6,2466.86,2089,85,2011-02-16 09:56:00,2011-09-27 15:31:00,223,411.1433333333334,0
12456,44,3,3181.04,1633,105,2011-03-30 09:12:00,2011-10-26 14:41:00,210,1060.3466666666666,0
12457,66,7,2363.23,843,53,2011-04-14 18:57:00,2011-10-04 13:13:00,172,337.6042857142857,0
12458,71,2,947.4,506,35,2011-02-28 10:55:00,2011-09-29 15:25:00,213,473.7,0
12461,94,2,826.88,287,35,2011-07-08 10:23:00,2011-09-06 16:57:00,60,413.44,1
12462,19,2,1189.59,536,51,2011-02-09 14:44:00,2011-11-21 09:11:00,284,594.795,0
12463,53,4,1344.78,776,65,2011-04-12 12:47:00,2011-10-17 13:44:00,188,336.195,0
12464,10,8,1212.05,112,6,2011-02-03 13:30:00,2011-11-29 13:33:00,299,151.50625,0
12465,17,2,742.1899999999999,479,46,2011-06-23 13:37:00,2011-11-22 16:34:00,152,371.09499999999997,0
12468,188,2,729.5400000000001,366,36,2011-01-27 13:29:00,2011-06-05 11:36:00,128,364.77000000000004,1
12471,2,30,19788.65,8200,150,2010-12-10 09:35:00,2011-12-07 15:43:00,362,659.6216666666667,0
12472,32,7,6572.11,4148,219,2010-12-05 14:19:00,2011-11-07 14:01:00,336,938.8728571428571,0
12473,29,5,3928.0499999999997,2414,140,2011-06-01 10:15:00,2011-11-10 13:46:00,162,785.6099999999999,0
12474,17,18,7324.09,4833,253,2011-01-14 10:06:00,2011-11-22 14:39:00,312,406.8938888888889,0
12475,54,1,723.38,535,36,2011-10-17 10:10:00,2011-10-17 10:10:00,0,723.38,1
12476,16,11,6816.42,2408,177,2010-12-13 14:39:00,2011-11-24 12:40:00,345,619.6745454545454,0
12477,23,6,13219.74,3653,191,2011-02-11 12:45:00,2011-11-17 09:51:00,278,2203.29,0
12478,4,1,680.99,236,36,2011-12-06 09:56:00,2011-12-06 09:56:00,0,680.99,1
12479,11,1,527.2,385,31,2011-11-28 13:26:00,2011-11-28 13:26:00,0,527.2,1
12480,28,4,3281.63,1707,129,2011-01-07 15:27:00,2011-11-11 14:52:00,307,820.4075,0
12481,23,10,5579.82,3294,150,2010-12-09 10:13:00,2011-11-17 08:29:00,342,557.982,0
12483,17,8,2484.98,1110,46,2011-01-04 14:20:00,2011-11-22 17:02:00,322,310.6225,0
12484,33,6,4527.32,2187,256,2011-01-07 14:04:00,2011-11-07 11:37:00,303,754.5533333333333,0
12488,10,3,1298.66,529,46,2011-09-25 10:34:00,2011-11-30 08:50:00,65,432.8866666666667,0
12489,336,1,334.93,105,15,2011-01-07 13:13:00,2011-01-07 13:13:00,0,334.93,1
12490,5,10,5417.93,3064,131,2011-01-14 09:13:00,2011-12-04 16:07:00,324,541.793,0
12491,39,1,460.40000000000003,260,25,2011-11-01 12:18:00,2011-11-01 12:18:00,0,460.40000000000003,1
12492,63,2,263.21000000000004,192,19,2011-08-26 14:51:00,2011-10-07 15:15:00,42,131.60500000000002,1
12493,166,2,433.74,207,20,2011-05-26 14:53:00,2011-06-27 10:17:00,31,216.87,1
12494,16,7,1246.1000000000001,707,63,2010-12-09 11:31:00,2011-11-24 09:34:00,349,178.01428571428573,0
12497,82,1,1043.1,1236,14,2011-09-19 12:29:00,2011-09-19 12:29:00,0,1043.1,1
12498,21,3,403.70000000000005,159,21,2011-10-13 09:30:00,2011-11-18 12:53:00,36,134.5666666666667,1
12500,23,11,4257.82,2678,34,2011-01-10 09:48:00,2011-11-16 16:20:00,310,387.07454545454544,0
12501,337,1,2169.39,1783,149,2011-01-07 12:28:00,2011-01-07 12:28:00,0,2169.39,0
12502,96,5,3723.87,820,102,2011-02-03 10:41:00,2011-09-05 11:52:00,214,744.774,0
12504,18,2,482.04999999999995,90,6,2011-11-09 14:56:00,2011-11-21 16:02:00,12,241.02499999999998,1
12506,233,1,73.5,23,23,2011-04-21 08:54:00,2011-04-21 08:54:00,0,73.5,1
12507,134,3,1304.81,894,19,2011-02-14 09:24:00,2011-07-28 17:09:00,164,434.93666666666667,0
12508,26,2,397.88,271,57,2011-11-10 16:27:00,2011-11-13 15:37:00,2,198.94,1
12509,284,1,176.5,55,7,2011-02-28 14:45:00,2011-02-28 14:45:00,0,176.5,1
12510,143,2,982.5699999999999,353,29,2011-01-18 14:04:00,2011-07-20 10:15:00,182,491.28499999999997,0
12512,66,2,132.18,96,31,2011-10-04 14:53:00,2011-10-04 14:55:00,0,66.09,1
12513,113,1,612.29,462,35,2011-08-19 10:51:00,2011-08-19 10:51:00,0,612.29,1
12514,267,1,1017.68,440,51,2011-03-17 16:38:00,2011-03-17 16:38:00,0,1017.68,1
12515,353,1,383.7,131,16,2010-12-21 15:43:00,2010-12-21 15:43:00,0,383.7,1
12516,78,2,1312.06,875,20,2011-06-12 11:37:00,2011-09-23 09:13:00,102,656.03,0
12517,28,5,2481.6,1361,232,2011-06-02 15:13:00,2011-11-11 14:04:00,161,496.32,0
12518,1,5,2056.89,1318,84,2011-08-21 13:18:00,2011-12-09 10:13:00,109,411.378,0
12519,64,1,330.84,175,17,2011-10-07 09:26:00,2011-10-07 09:26:00,0,330.84,1
12520,79,5,2634.26,1439,121,2011-03-11 11:35:00,2011-09-21 15:23:00,194,526.8520000000001,0
12521,143,1,599.68,309,38,2011-07-20 10:51:00,2011-07-20 10:51:00,0,599.68,1
12522,39,2,192.72,194,11,2011-10-19 14:41:00,2011-10-31 15:30:00,12,96.36,1
12523,19,11,1789.77,865,84,2011-01-12 09:43:00,2011-11-20 12:55:00,312,162.70636363636365,0
12524,9,8,4485.72,3699,113,2011-01-10 10:35:00,2011-11-30 15:31:00,324,560.715,0
12526,1,3,1316.66,632,64,2011-09-06 14:19:00,2011-12-09 12:09:00,93,438.8866666666667,0
12527,82,3,348.71000000000004,234,18,2011-01-18 12:05:00,2011-09-19 11:55:00,243,116.23666666666668,1
12528,9,6,1933.48,756,50,2011-01-31 09:05:00,2011-11-30 14:40:00,303,322.24666666666667,0
12530,60,4,1662.28,913,51,2011-01-07 10:04:00,2011-10-11 12:34:00,277,415.57,0
12531,15,1,125.22,45,17,2011-11-25 11:12:00,2011-11-25 11:12:00,0,125.22,1
12532,30,1,349.83000000000004,153,16,2011-11-09 13:47:00,2011-11-09 13:47:00,0,349.83000000000004,1
12534,131,1,1089.18,651,63,2011-08-01 10:26:00,2011-08-01 10:26:00,0,1089.18,1
12535,92,2,716.35,219,28,2011-06-06 12:47:00,2011-09-09 08:48:00,94,358.175,1
12536,43,3,12601.830000000002,2803,260,2011-10-11 14:52:00,2011-10-27 14:20:00,15,4200.610000000001,0
12538,29,1,363.95,191,21,2011-11-10 17:16:00,2011-11-10 17:16:00,0,363.95,1
12539,22,4,5568.35,2067,157,2011-01-10 09:11:00,2011-11-17 13:30:00,311,1392.0875,0
12540,20,17,13400.24,6685,277,2010-12-13 09:39:00,2011-11-20 11:31:00,342,788.2494117647059,0
12541,30,3,981.18,680,46,2011-03-04 09:32:00,2011-11-10 10:40:00,251,327.06,0
12544,36,1,372.7,136,19,2011-11-03 16:15:00,2011-11-03 16:15:00,0,372.7,1
12545,75,2,1000.39,523,42,2011-03-25 12:04:00,2011-09-25 13:39:00,184,500.195,0
12546,47,2,1161.5,633,59,2011-09-23 09:44:00,2011-10-24 12:09:00,31,580.75,0
12547,198,2,207.79999999999998,134,7,2011-03-04 12:46:00,2011-05-26 12:38:00,82,103.89999999999999,1
12548,166,1,95.19999999999999,49,5,2011-06-26 15:35:00,2011-06-26 15:35:00,0,95.19999999999999,1
12550,79,1,964.83,569,57,2011-09-21 14:35:00,2011-09-21 14:35:00,0,964.83,1
12551,358,1,168.0,100,10,2010-12-17 11:23:00,2010-12-17 11:23:00,0,168.0,1
12552,39,2,437.82,88,20,2011-10-31 12:11:00,2011-11-01 10:02:00,0,218.91,1
12553,8,10,3692.28,1965,95,2011-01-14 10:42:00,2011-12-01 16:38:00,321,369.228,0
12556,50,2,599.56,355,100,2011-07-11 13:35:00,2011-10-20 13:06:00,100,299.78,0
12557,16,5,11990.960000000001,4384,15,2010-12-03 12:20:00,2011-11-23 16:59:00,355,2398.192,0
12558,8,1,269.96,196,11,2011-12-02 10:41:00,2011-12-02 10:41:00,0,269.96,1
12559,311,2,561.71,283,21,2011-01-24 10:12:00,2011-02-02 09:49:00,8,280.855,1
12560,5,3,2134.01,1110,91,2011-07-19 15:55:00,2011-12-04 13:54:00,137,711.3366666666667,0
12561,303,1,238.85,177,16,2011-02-10 11:39:00,2011-02-10 11:39:00,0,238.85,1
12562,8,7,3781.7400000000002,1779,99,2011-05-25 12:44:00,2011-12-01 17:20:00,190,540.2485714285715,0
12564,261,1,456.9,133,21,2011-03-23 14:55:00,2011-03-23 14:55:00,0,456.9,1
12565,289,1,145.92,80,9,2011-02-24 10:34:00,2011-02-24 10:34:00,0,145.92,1
12566,86,1,351.65,265,19,2011-09-14 14:30:00,2011-09-14 14:30:00,0,351.65,1
12567,23,10,9401.28,4305,323,2010-12-05 11:57:00,2011-11-17 11:02:00,346,940.128,0
12569,2,32,4124.69,1801,92,2011-04-01 13:47:00,2011-12-07 16:24:00,250,128.8965625,0
12571,40,2,519.61,523,31,2011-08-10 12:35:00,2011-10-31 10:19:00,81,259.805,0
12572,9,2,1020.42,452,53,2011-10-19 08:20:00,2011-12-01 09:20:00,43,510.21,0
12573,227,1,160.54000000000002,84,26,2011-04-26 15:52:00,2011-04-26 15:52:00,0,160.54000000000002,1
12574,316,1,218.45,61,11,2011-01-28 09:20:00,2011-01-28 09:20:00,0,218.45,1
12576,36,5,1315.83,967,72,2011-02-08 11:31:00,2011-11-04 10:11:00,268,263.166,0
12577,35,3,626.6,469,137,2010-12-15 16:21:00,2011-11-04 13:24:00,323,208.86666666666667,0
12578,21,2,2794.51,1196,111,2011-01-13 15:34:00,2011-11-18 13:30:00,308,1397.255,0
12579,78,1,440.42,285,29,2011-09-22 17:15:00,2011-09-22 17:15:00,0,440.42,1
12580,247,1,415.7,238,24,2011-04-07 10:24:00,2011-04-07 10:24:00,0,415.7,1
12581,40,1,197.71,161,15,2011-10-31 08:56:00,2011-10-31 08:56:00,0,197.71,1
12582,239,2,511.36,300,21,2011-02-24 11:42:00,2011-04-15 08:45:00,49,255.68,1
12583,3,15,7281.38,5060,115,2010-12-01 08:45:00,2011-12-07 08:07:00,370,485.42533333333336,0
12584,4,9,2338.15,416,44,2011-03-04 15:15:00,2011-12-06 09:35:00,276,259.7944444444445,0
12585,234,2,2040.1,1279,77,2010-12-23 12:58:00,2011-04-19 13:39:00,117,1020.05,0
12586,17,1,196.94000000000003,79,11,2011-11-22 16:24:00,2011-11-22 16:24:00,0,196.94000000000003,1
12587,8,1,144.0,51,4,2011-12-02 12:47:00,2011-12-02 12:47:00,0,144.0,1
12588,39,1,214.89999999999998,53,10,2011-10-31 15:01:00,2011-10-31 15:01:00,0,214.89999999999998,1
12589,29,2,646.68,306,29,2011-07-18 12:05:00,2011-11-11 10:19:00,115,323.34,0
12590,211,2,9864.26,4283,68,2011-05-12 14:46:00,2011-05-12 14:52:00,0,4932.13,0
12591,317,1,452.84999999999997,228,26,2011-01-26 14:35:00,2011-01-26 14:35:00,0,452.84999999999997,1
12592,92,2,437.6,290,11,2011-05-10 13:44:00,2011-09-08 15:04:00,121,218.8,1
12593,109,3,418.09999999999997,206,14,2011-05-05 09:29:00,2011-08-23 12:43:00,110,139.36666666666665,1
12594,38,10,3338.2200000000003,1777,50,2011-01-21 09:52:00,2011-11-02 12:20:00,285,333.822,0
12596,51,2,618.27,474,25,2011-04-11 13:22:00,2011-10-19 13:02:00,190,309.135,0
12597,19,4,3811.22,2236,184,2011-03-16 14:00:00,2011-11-20 13:33:00,248,952.805,0
12598,10,8,3023.08,1964,84,2011-02-28 11:58:00,2011-11-30 12:18:00,275,377.885,0
12599,29,7,1032.58,956,32,2011-02-08 13:28:00,2011-11-10 13:34:00,275,147.51142857142855,0
12600,29,10,2599.04,774,32,2010-12-03 12:57:00,2011-11-11 10:29:00,342,259.904,0
12601,190,5,577.0600000000001,245,21,2011-01-11 10:38:00,2011-06-03 10:17:00,142,115.412,1
12602,59,1,153.12,162,12,2011-10-12 11:22:00,2011-10-12 11:22:00,0,153.12,1
12603,22,1,739.1999999999999,63,2,2011-11-18 10:42:00,2011-11-18 10:42:00,0,739.1999999999999,1
12604,79,2,254.18,201,15,2011-03-23 12:06:00,2011-09-21 14:08:00,182,127.09,1
12607,60,1,1579.51,1228,101,2011-10-10 16:06:00,2011-10-10 16:06:00,0,1579.51,0
12609,78,3,1126.85,648,57,2011-01-25 15:13:00,2011-09-22 16:34:00,240,375.6166666666666,0
12610,23,5,2099.54,1049,85,2011-08-05 13:52:00,2011-11-17 09:34:00,103,419.908,0
12611,52,1,1193.32,846,65,2011-10-18 13:12:00,2011-10-18 13:12:00,0,1193.32,0
12612,74,1,704.0400000000001,262,19,2011-09-26 15:35:00,2011-09-26 15:35:00,0,704.0400000000001,1
12613,57,5,3344.38,1644,124,2011-03-22 15:42:00,2011-10-13 14:59:00,204,668.876,0
12614,278,1,315.6,76,20,2011-03-07 10:22:00,2011-03-07 10:22:00,0,315.6,1
12615,2,4,2291.19,1376,82,2011-06-24 13:35:00,2011-12-07 15:02:00,166,572.7975,0
12616,95,2,713.3,284,25,2011-02-15 14:17:00,2011-09-05 15:17:00,202,356.65,1
12617,29,1,352.98,210,39,2011-11-10 14:39:00,2011-11-10 14:39:00,0,352.98,1
12618,22,1,177.31,96,11,2011-11-18 11:10:00,2011-11-18 11:10:00,0,177.31,1
12619,16,9,3641.24,3378,50,2011-03-31 13:10:00,2011-11-23 14:52:00,237,404.5822222222222,0
12620,15,3,1339.41,1181,89,2011-05-19 12:10:00,2011-11-25 10:20:00,189,446.47,0
12621,2,20,13689.67,7440,261,2010-12-09 10:16:00,2011-12-08 11:25:00,364,684.4835,0
12622,232,1,180.1,69,11,2011-04-21 16:39:00,2011-04-21 16:39:00,0,180.1,1
12623,276,1,305.1,191,18,2011-03-08 13:50:00,2011-03-08 13:50:00,0,305.1,1
12624,106,2,641.13,355,36,2011-06-15 12:34:00,2011-08-25 15:04:00,71,320.565,1
12625,212,2,2683.82,1612,73,2011-01-24 13:27:00,2011-05-12 09:54:00,107,1341.91,0
12626,23,9,6620.48,3453,232,2011-01-17 11:01:00,2011-11-16 16:06:00,303,735.6088888888888,0
12627,11,7,4478.53,2752,162,2011-07-22 13:59:00,2011-11-29 12:07:00,129,639.79,0
12628,4,3,786.46,448,34,2011-10-06 09:28:00,2011-12-05 13:15:00,60,262.15333333333336,0
12630,10,2,1270.88,548,60,2011-10-27 10:41:00,2011-11-30 10:48:00,34,635.44,0
12631,57,1,640.5,236,31,2011-10-13 13:53:00,2011-10-13 13:53:00,0,640.5,1
12633,59,4,2163.98,1162,73,2011-02-25 08:44:00,2011-10-12 11:40:00,229,540.995,0
12635,90,2,1689.18,1172,96,2011-07-08 08:43:00,2011-09-11 11:04:00,65,844.59,0
12637,67,8,6002.9,2994,205,2011-01-20 10:47:00,2011-10-03 13:46:00,256,750.3625,0
12638,33,1,671.69,577,39,2011-11-06 13:11:00,2011-11-06 13:11:00,0,671.69,1
12639,239,1,486.1,201,22,2011-04-15 12:48:00,2011-04-15 12:48:00,0,486.1,1
12640,24,3,1174.58,311,47,2011-09-19 12:01:00,2011-11-16 11:52:00,57,391.52666666666664,0
12641,115,1,185.9,72,10,2011-08-16 13:26:00,2011-08-16 13:26:00,0,185.9,1
12642,25,3,1013.26,552,39,2011-08-24 09:23:00,2011-11-14 15:03:00,82,337.75333333333333,0
12643,128,6,3344.64,1808,11,2011-01-11 11:48:00,2011-08-03 12:56:00,204,557.4399999999999,0
12644,130,1,477.91,325,31,2011-08-02 10:33:00,2011-08-02 10:33:00,0,477.91,1
12645,34,4,1775.18,1084,58,2011-01-27 13:08:00,2011-11-06 12:38:00,282,443.795,0
12646,5,2,1346.97,897,43,2011-10-21 12:52:00,2011-12-05 10:14:00,44,673.485,0
12647,22,12,3722.82,1431,78,2010-12-05 14:02:00,2011-11-17 12:56:00,346,310.235,0
12648,155,1,318.05,160,21,2011-07-08 11:55:00,2011-07-08 11:55:00,0,318.05,1
12649,107,3,623.51,586,28,2011-05-11 14:37:00,2011-08-24 14:41:00,105,207.83666666666667,0
12650,3,1,314.44,254,20,2011-12-06 16:34:00,2011-12-06 16:34:00,0,314.44,1
12651,335,1,114.0,78,9,2011-01-09 12:46:00,2011-01-09 12:46:00,0,114.0,1
12652,331,1,919.98,505,48,2011-01-12 15:00:00,2011-01-12 15:00:00,0,919.98,1
12653,149,2,2209.85,919,37,2011-02-16 10:53:00,2011-07-14 10:41:00,147,1104.925,0
12654,11,5,601.98,264,31,2011-02-17 13:16:00,2011-11-29 10:10:00,284,120.396,0
12656,17,5,4051.17,1723,89,2011-04-20 09:20:00,2011-11-22 13:42:00,216,810.234,0
12657,11,4,1643.18,1044,35,2011-09-22 11:40:00,2011-11-28 15:47:00,67,410.795,0
12658,19,1,686.05,320,36,2011-11-21 10:22:00,2011-11-21 10:22:00,0,686.05,1
12659,30,1,91.68,105,5,2011-11-10 11:53:00,2011-11-10 11:53:00,0,91.68,1
12660,11,1,245.1,127,13,2011-11-28 13:26:00,2011-11-28 13:26:00,0,245.1,1
12662,1,11,3849.78,2058,129,2010-12-01 13:04:00,2011-12-09 11:59:00,372,349.98,0
12664,8,9,4881.88,1203,10,2011-01-21 11:42:00,2011-12-01 17:07:00,314,542.4311111111111,0
12665,325,1,63.0,37,3,2011-01-19 08:34:00,2011-01-19 08:34:00,0,63.0,1
12667,58,1,620.13,395,33,2011-10-12 17:00:00,2011-10-12 17:00:00,0,620.13,1
12668,12,4,3807.15,1634,115,2010-12-19 12:46:00,2011-11-28 10:56:00,343,951.7875,0
12669,151,3,2744.0299999999997,1115,98,2011-03-28 10:15:00,2011-07-12 09:54:00,105,914.6766666666666,0
12670,10,5,2996.05,1397,58,2011-04-21 10:16:00,2011-11-29 15:23:00,222,599.21,0
12672,330,1,225.89999999999998,78,10,2011-01-14 09:20:00,2011-01-14 09:20:00,0,225.89999999999998,1
12673,5,2,610.52,351,42,2011-01-17 11:46:00,2011-12-04 13:55:00,321,305.26,0
12674,39,4,1970.6,1133,52,2011-05-16 09:10:00,2011-11-01 12:12:00,169,492.65,0
12676,25,6,1331.39,670,33,2011-02-01 15:41:00,2011-11-15 12:25:00,286,221.89833333333334,0
12678,42,12,17628.46,10923,105,2010-12-21 11:00:00,2011-10-28 13:04:00,311,1469.0383333333332,0
12679,59,4,1113.02,554,43,2011-03-01 12:26:00,2011-10-12 12:30:00,225,278.255,0
12680,1,4,862.81,443,33,2011-08-18 15:44:00,2011-12-09 12:50:00,112,215.7025,0
12681,15,22,13787.54,7536,267,2010-12-07 10:08:00,2011-11-25 11:33:00,353,626.7063636363637,0
12682,4,31,12279.82,5555,209,2010-12-03 13:59:00,2011-12-06 10:00:00,367,396.1232258064516,0
12683,4,15,8476.57,4987,177,2010-12-09 10:37:00,2011-12-05 16:31:00,361,565.1046666666666,0
12684,8,7,2283.63,1985,61,2011-05-10 12:55:00,2011-12-02 09:53:00,205,326.23285714285714,0
12685,28,6,2863.08,1523,117,2011-09-07 10:28:00,2011-11-11 13:46:00,65,477.18,0
12686,372,1,89.14,107,7,2010-12-03 09:51:00,2010-12-03 09:51:00,0,89.14,1
12688,114,1,4873.8099999999995,3028,171,2011-08-18 08:49:00,2011-08-18 08:49:00,0,4873.8099999999995,0
12689,26,2,1247.61,628,57,2011-08-04 10:04:00,2011-11-14 08:31:00,101,623.805,0
12690,206,1,389.01,106,16,2011-05-18 09:09:00,2011-05-18 09:09:00,0,389.01,1
12691,28,6,1035.8,394,21,2010-12-17 14:46:00,2011-11-11 16:49:00,329,172.63333333333333,0
12693,127,4,855.91,255,35,2011-01-24 12:58:00,2011-08-04 17:51:00,192,213.9775,0
12694,70,2,869.67,509,32,2011-06-09 17:48:00,2011-09-30 13:06:00,112,434.835,0
12695,7,4,582.1,220,23,2011-05-13 13:15:00,2011-12-02 13:22:00,203,145.525,0
12697,29,3,957.59,508,37,2011-06-23 15:44:00,2011-11-11 08:47:00,140,319.19666666666666,0
12700,8,4,4939.99,2967,193,2011-05-08 16:10:00,2011-12-02 10:47:00,207,1234.9975,0
12701,80,2,797.71,678,50,2011-04-11 13:02:00,2011-09-21 10:47:00,162,398.855,0
12702,20,1,219.0,53,12,2011-11-20 10:36:00,2011-11-20 10:36:00,0,219.0,1
12703,71,1,283.55,164,21,2011-09-29 17:52:00,2011-09-29 17:52:00,0,283.55,1
12704,7,8,2340.84,1006,64,2011-06-23 10:20:00,2011-12-02 13:15:00,162,292.605,0
12705,15,9,6868.29,3997,228,2010-12-17 15:58:00,2011-11-24 13:17:00,341,763.1433333333333,0
12707,292,1,603.42,256,33,2011-02-21 08:38:00,2011-02-21 08:38:00,0,603.42,1
12708,30,10,2712.91,1307,86,2010-12-06 10:43:00,2011-11-10 09:52:00,338,271.291,0
12709,15,15,9706.52,3912,93,2010-12-08 09:49:00,2011-11-24 15:38:00,351,647.1013333333334,0
12710,97,3,1149.02,851,75,2011-05-22 14:05:00,2011-09-04 12:00:00,104,383.00666666666666,0
12712,29,13,4396.13,1062,58,2010-12-03 14:30:00,2011-11-11 08:19:00,342,338.1638461538462,0
12713,1,1,848.55,508,38,2011-12-09 12:16:00,2011-12-09 12:16:00,0,848.55,0
12714,9,5,4708.86,3069,216,2011-02-18 10:53:00,2011-11-30 15:43:00,285,941.7719999999999,0
12715,106,1,343.36,192,20,2011-08-25 15:22:00,2011-08-25 15:22:00,0,343.36,1
12716,4,2,1053.49,708,60,2011-07-29 13:28:00,2011-12-06 08:55:00,129,526.745,0
12717,151,2,1030.98,506,49,2011-04-08 10:32:00,2011-07-11 14:47:00,94,515.49,0
12718,71,1,238.25,203,19,2011-09-29 16:38:00,2011-09-29 16:38:00,0,238.25,1
12719,5,2,644.95,374,34,2011-10-05 14:50:00,2011-12-04 13:45:00,59,322.475,0
12720,3,25,5781.73,4672,211,2010-12-05 15:21:00,2011-12-07 08:03:00,366,231.26919999999998,0
12721,32,6,2656.13,1959,133,2010-12-20 11:38:00,2011-11-08 12:13:00,323,442.68833333333333,0
12722,85,4,997.63,566,50,2011-07-12 11:55:00,2011-09-15 14:50:00,65,249.4075,0
12723,4,5,725.07,434,53,2011-10-05 15:52:00,2011-12-06 10:19:00,61,145.014,0
12724,5,4,1031.41,445,47,2011-01-11 15:00:00,2011-12-04 16:02:00,327,257.8525,0
12725,371,1,427.8,164,24,2010-12-03 15:45:00,2010-12-03 15:45:00,0,427.8,1
12726,28,7,2609.1,3143,57,2010-12-17 12:56:00,2011-11-11 13:35:00,329,372.7285714285714,0
12727,11,7,3980.7,2098,109,2011-01-23 15:17:00,2011-11-29 11:46:00,309,568.6714285714286,0
12728,71,4,836.33,419,38,2011-01-11 13:31:00,2011-09-29 15:31:00,261,209.0825,0
12729,114,1,453.01,233,26,2011-08-18 11:40:00,2011-08-18 11:40:00,0,453.01,1
12731,24,12,18895.91,8437,109,2010-12-10 10:56:00,2011-11-16 11:59:00,341,1574.6591666666666,0
12732,180,1,236.26000000000002,111,12,2011-06-13 11:33:00,2011-06-13 11:33:00,0,236.26000000000002,1
12733,234,1,383.95,137,22,2011-04-19 16:19:00,2011-04-19 16:19:00,0,383.95,1
12734,353,1,110.39999999999999,88,4,2010-12-22 12:47:00,2010-12-22 12:47:00,0,110.39999999999999,1
12735,315,2,779.5699999999999,368,38,2011-01-06 14:26:00,2011-01-28 13:37:00,21,389.78499999999997,1
12736,333,1,234.0,173,4,2011-01-11 07:57:00,2011-01-11 07:57:00,0,234.0,1
12738,372,1,155.35,148,11,2010-12-02 18:27:00,2010-12-02 18:27:00,0,155.35,1
12739,78,2,1013.04,486,38,2011-09-01 17:45:00,2011-09-22 13:00:00,20,506.52,0
12740,64,1,427.6,342,27,2011-10-07 10:44:00,2011-10-07 10:44:00,0,427.6,1
12743,134,2,540.13,315,114,2011-07-28 16:06:00,2011-07-28 16:21:00,0,270.065,1
12744,52,7,21279.29,5241,178,2011-01-25 13:26:00,2011-10-19 11:18:00,266,3039.8985714285714,0
12747,2,11,4196.01,1275,42,2010-12-05 15:38:00,2011-12-07 14:34:00,366,381.4554545454546,0
12748,1,209,33053.19,25287,1768,2010-12-01 12:48:00,2011-12-09 12:20:00,372,158.14923444976077,0
12749,4,5,4090.88,1471,160,2011-05-10 15:25:00,2011-12-06 09:56:00,209,818.176,0
12750,129,1,275.88,137,15,2011-08-03 09:13:00,2011-08-03 09:13:00,0,275.88,1
12752,81,1,4366.78,2262,53,2011-09-19 13:32:00,2011-09-19 13:32:00,0,4366.78,0
12753,23,6,21429.39,11421,132,2010-12-12 11:44:00,2011-11-17 10:52:00,339,3571.565,0
12754,236,3,3010.74,6481,49,2011-02-04 10:31:00,2011-04-18 09:00:00,72,1003.5799999999999,0
12755,281,2,3811.95,1491,4,2010-12-09 10:44:00,2011-03-04 12:42:00,85,1905.975,0
12756,87,1,112.07999999999998,144,4,2011-09-14 09:31:00,2011-09-14 09:31:00,0,112.07999999999998,1
12757,16,13,7834.650000000001,2395,237,2011-05-12 19:01:00,2011-11-24 12:30:00,195,602.6653846153847,0
12758,117,2,2791.59,2135,84,2011-03-08 12:05:00,2011-08-15 10:22:00,159,1395.795,0
12759,52,3,1531.44,902,81,2011-03-09 08:09:00,2011-10-18 14:49:00,223,510.48,0
12762,8,2,1898.52,1227,62,2011-11-14 14:23:00,2011-12-02 10:23:00,17,949.26,0
12763,138,2,494.08,316,16,2010-12-05 15:46:00,2011-07-24 14:12:00,230,247.04,1
12764,317,1,1693.88,386,45,2011-01-27 10:19:00,2011-01-27 10:19:00,0,1693.88,1
12766,4,7,6989.63,3646,205,2010-12-08 13:53:00,2011-12-06 08:46:00,362,998.5185714285715,0
12769,239,1,1143.6,356,32,2011-04-15 10:25:00,2011-04-15 10:25:00,0,1143.6,1
12770,211,1,1351.45,743,12,2011-05-13 09:33:00,2011-05-13 09:33:00,0,1351.45,1
12772,60,1,892.47,556,55,2011-10-11 09:19:00,2011-10-11 09:19:00,0,892.47,1
12775,17,5,1386.04,877,47,2011-02-01 13:45:00,2011-11-22 16:33:00,294,277.20799999999997,0
12778,20,6,822.23,825,40,2011-01-31 14:35:00,2011-11-20 11:30:00,292,137.03833333333333,0
12779,38,8,3981.36,2024,88,2010-12-03 13:40:00,2011-11-02 11:43:00,333,497.67,0
12781,64,2,826.74,671,25,2011-02-28 08:43:00,2011-10-07 10:37:00,221,413.37,0
12782,5,5,2330.92,1086,81,2010-12-17 11:30:00,2011-12-05 09:16:00,352,466.184,0
12783,2,6,2225.91,624,76,2011-09-25 15:35:00,2011-12-07 15:56:00,73,370.98499999999996,0
12784,9,2,532.8199999999999,280,54,2011-11-24 12:53:00,2011-11-30 15:38:00,6,266.40999999999997,1
12785,364,1,311.95,131,14,2010-12-10 13:48:00,2010-12-10 13:48:00,0,311.95,1
12787,10,3,463.66,261,17,2011-05-31 09:36:00,2011-11-30 08:44:00,182,154.55333333333334,0
12789,65,1,91.85,4,4,2011-10-05 13:34:00,2011-10-05 13:34:00,0,91.85,1
12790,192,1,324.92,166,21,2011-05-31 14:14:00,2011-05-31 14:14:00,0,324.92,1
12791,374,1,192.60000000000002,97,2,2010-12-01 11:27:00,2010-12-01 11:27:00,0,192.60000000000002,1
12792,257,1,400.53999999999996,217,25,2011-03-28 11:36:00,2011-03-28 11:36:00,0,400.53999999999996,1
12793,335,2,545.48,295,21,2010-12-03 15:14:00,2011-01-09 12:12:00,36,272.74,1
12794,53,2,860.41,592,43,2011-09-02 12:01:00,2011-10-17 14:54:00,45,430.205,0
12795,19,1,430.48,68,14,2011-11-21 10:27:00,2011-11-21 10:27:00,0,430.48,1
12797,366,1,254.03,118,13,2010-12-09 10:55:00,2010-12-09 10:55:00,0,254.03,1
12798,10,3,6977.04,5256,6,2011-06-22 10:11:00,2011-11-29 15:52:00,160,2325.68,0
12802,187,1,427.58,314,25,2011-06-06 09:36:00,2011-06-06 09:36:00,0,427.58,1
12808,37,3,483.65000000000003,188,27,2010-12-06 10:27:00,2011-11-03 10:05:00,331,161.21666666666667,1
12809,178,1,489.31,220,25,2011-06-15 10:51:00,2011-06-15 10:51:00,0,489.31,1
12811,261,3,514.85,230,27,2011-02-28 15:39:00,2011-03-24 09:42:00,23,171.61666666666667,1
12812,45,1,229.64000000000001,164,15,2011-10-26 09:54:00,2011-10-26 09:54:00,0,229.64000000000001,1
12814,102,1,125.92,49,2,2011-08-30 12:11:00,2011-08-30 12:11:00,0,125.92,1
12815,148,2,1063.46,379,38,2011-05-25 13:34:00,2011-07-15 10:21:00,50,531.73,0
12816,96,2,572.2,128,27,2011-06-16 13:24:00,2011-09-05 12:41:00,80,286.1,1
12817,281,1,166.04,53,4,2011-03-03 16:28:00,2011-03-03 16:28:00,0,166.04,1
12818,262,1,1542.08,929,14,2011-03-23 12:06:00,2011-03-23 12:06:00,0,1542.08,1
12820,3,4,942.34,722,55,2011-01-17 12:34:00,2011-12-06 15:12:00,323,235.585,0
12821,214,1,92.72,70,6,2011-05-09 15:51:00,2011-05-09 15:51:00,0,92.72,1
12822,71,2,948.88,550,41,2011-09-13 13:46:00,2011-09-30 10:04:00,16,474.44,0
12823,75,5,1759.5,230,1,2011-02-16 12:15:00,2011-09-26 07:35:00,221,351.9,1
12824,60,1,397.12,232,25,2011-10-11 12:49:00,2011-10-11 12:49:00,0,397.12,1
12826,3,7,1474.72,1058,58,2010-12-09 15:21:00,2011-12-07 10:25:00,362,210.67428571428573,0
12827,6,3,430.15000000000003,197,19,2011-10-26 15:44:00,2011-12-04 12:17:00,38,143.38333333333335,1
12828,3,6,1018.71,494,46,2011-08-01 16:16:00,2011-12-07 08:45:00,127,169.785,0
12829,337,2,293.0,376,9,2010-12-14 14:54:00,2011-01-07 11:13:00,23,146.5,1
12830,38,6,6814.64,9848,13,2011-06-21 10:53:00,2011-11-02 11:54:00,134,1135.7733333333333,0
12831,262,1,215.05,135,9,2011-03-22 13:02:00,2011-03-22 13:02:00,0,215.05,1
12832,32,2,383.03,195,27,2011-09-02 13:48:00,2011-11-07 13:30:00,65,191.515,1
12833,145,1,417.38,156,24,2011-07-17 13:46:00,2011-07-17 13:46:00,0,417.38,1
12834,283,1,312.38,110,18,2011-03-02 09:49:00,2011-03-02 09:49:00,0,312.38,1
12836,59,4,2610.36,1062,148,2011-02-01 11:19:00,2011-10-11 15:10:00,252,652.59,0
12837,173,1,134.1,24,12,2011-06-19 16:07:00,2011-06-19 16:07:00,0,134.1,1
12838,34,2,671.95,355,115,2010-12-01 11:57:00,2011-11-06 12:20:00,340,335.975,0
12839,3,14,5591.42,3807,95,2010-12-07 15:48:00,2011-12-07 12:33:00,364,399.38714285714286,0
12840,144,4,2726.77,1511,67,2011-04-27 12:21:00,2011-07-19 09:29:00,82,681.6925,0
12841,5,25,3991.58,2720,229,2010-12-03 10:43:00,2011-12-05 11:13:00,367,159.6632,0
12842,70,2,1118.99,547,34,2011-02-04 12:36:00,2011-09-30 15:33:00,238,559.495,0
12843,66,8,1702.26,781,69,2011-03-20 14:38:00,2011-10-05 12:09:00,198,212.7825,0
12844,29,2,325.96000000000004,125,47,2011-08-01 13:11:00,2011-11-10 13:31:00,101,162.98000000000002,1
12845,267,4,354.09,204,26,2011-02-22 14:10:00,2011-03-17 13:34:00,22,88.5225,1
12847,22,1,843.64,873,72,2011-11-17 13:16:00,2011-11-17 13:16:00,0,843.64,0
12849,31,2,1010.29,597,47,2011-03-16 12:26:00,2011-11-08 13:41:00,237,505.145,0
12851,97,1,131.81,106,43,2011-09-04 12:41:00,2011-09-04 12:41:00,0,131.81,1
12852,295,1,311.55,149,17,2011-02-18 08:47:00,2011-02-18 08:47:00,0,311.55,1
12853,135,6,1957.1000000000001,800,66,2011-01-28 10:28:00,2011-07-28 11:29:00,181,326.18333333333334,0
12854,79,3,1316.25,626,95,2011-01-25 13:35:00,2011-09-22 12:15:00,239,438.75,0
12855,373,1,38.1,30,3,2010-12-02 09:37:00,2010-12-02 09:37:00,0,38.1,1
12856,8,6,2170.78,1076,155,2011-10-07 12:38:00,2011-12-02 10:52:00,55,361.7966666666667,0
12857,211,2,1106.4,343,37,2011-02-10 12:32:00,2011-05-13 10:20:00,91,553.2,0
12863,52,1,521.2,188,5,2011-10-18 14:15:00,2011-10-18 14:15:00,0,521.2,1
12864,138,1,147.12,216,3,2011-07-24 13:03:00,2011-07-24 13:03:00,0,147.12,1
12865,26,2,1568.23,925,86,2011-08-08 10:11:00,2011-11-13 14:31:00,97,784.115,0
12866,283,1,559.12,171,26,2011-03-01 14:11:00,2011-03-01 14:11:00,0,559.12,1
12867,26,7,4009.34,4284,240,2010-12-14 16:39:00,2011-11-13 15:30:00,333,572.7628571428571,0
12868,186,6,1607.0600000000002,928,72,2010-12-01 12:50:00,2011-06-07 10:42:00,187,267.84333333333336,0
12871,84,2,380.64,200,8,2011-05-16 13:32:00,2011-09-16 15:07:00,123,190.32,1
12872,327,2,599.97,319,58,2010-12-09 14:44:00,2011-01-17 10:52:00,38,299.985,1
12873,282,1,374.0,128,4,2011-03-02 14:58:00,2011-03-02 14:58:00,0,374.0,1
12875,143,2,343.2300000000001,2019,1,2010-12-12 12:03:00,2011-07-19 15:30:00,219,171.61500000000004,1
12876,58,2,2218.02,1941,67,2011-05-27 13:34:00,2011-10-13 12:26:00,138,1109.01,0
12877,4,12,1535.77,1178,100,2010-12-16 12:23:00,2011-12-06 10:30:00,354,127.98083333333334,0
12878,236,2,854.99,547,38,2011-03-18 14:02:00,2011-04-17 13:07:00,29,427.495,1
12879,45,3,573.22,370,7,2011-09-09 12:11:00,2011-10-26 12:24:00,47,191.07333333333335,1
12881,276,1,298.0,21,7,2011-03-09 11:44:00,2011-03-09 11:44:00,0,298.0,1
12882,9,2,1463.04,246,12,2011-11-06 11:22:00,2011-11-30 16:18:00,24,731.52,0
12883,25,4,703.47,196,39,2011-09-11 15:18:00,2011-11-15 09:32:00,64,175.8675,0
12884,88,1,309.05,43,7,2011-09-12 13:10:00,2011-09-12 13:10:00,0,309.05,1
12885,63,3,1175.22,655,66,2011-08-08 11:45:00,2011-10-07 13:40:00,60,391.74,0
12886,68,2,1378.4,770,75,2011-05-04 11:21:00,2011-10-03 10:09:00,151,689.2,0
12888,214,2,354.12,76,4,2011-03-29 14:31:00,2011-05-09 16:02:00,41,177.06,1
12890,24,1,376.71999999999997,256,78,2011-11-15 17:26:00,2011-11-15 17:26:00,0,376.71999999999997,1
12891,186,3,331.0,950,2,2011-02-20 11:28:00,2011-06-07 12:31:00,107,110.33333333333333,1
12893,31,1,176.55,90,27,2011-11-09 12:34:00,2011-11-09 12:34:00,0,176.55,1
12895,42,2,372.8,210,22,2011-09-14 08:35:00,2011-10-28 13:51:00,44,186.4,1
12897,205,2,216.5,110,3,2011-02-11 11:40:00,2011-05-19 12:13:00,97,108.25,1
12901,9,28,17654.54,23075,30,2011-03-14 10:41:00,2011-12-01 10:07:00,261,630.5192857142857,0
12902,265,1,138.68,66,10,2011-03-20 12:06:00,2011-03-20 12:06:00,0,138.68,1
12904,18,2,496.06,294,59,2011-06-20 13:18:00,2011-11-21 14:34:00,154,248.03,0
12906,12,5,2919.81,1749,55,2011-09-22 15:03:00,2011-11-28 09:55:00,66,583.962,0
12908,176,2,750.0,1200,1,2011-01-31 12:37:00,2011-06-16 15:39:00,136,375.0,1
12909,40,5,2178.67,1280,78,2011-03-31 12:51:00,2011-10-31 12:43:00,213,435.73400000000004,0
12910,23,8,3075.04,1692,48,2011-04-12 10:01:00,2011-11-16 14:28:00,218,384.38,0
12912,3,5,1662.3,670,17,2011-10-30 11:35:00,2011-12-07 08:55:00,37,332.46,0
12913,5,5,2483.63,1419,37,2010-12-06 16:36:00,2011-12-05 12:11:00,363,496.726,0
12915,149,2,363.65,93,19,2010-12-02 12:33:00,2011-07-14 11:34:00,223,181.825,1
12916,139,4,2944.95,1083,53,2011-01-23 10:43:00,2011-07-24 10:35:00,181,736.2375,0
12917,128,1,594.0,120,2,2011-08-03 16:42:00,2011-08-03 16:42:00,0,594.0,1
12919,8,6,1335.19,673,34,2011-06-23 09:22:00,2011-12-01 13:47:00,161,222.53166666666667,0
12920,17,1,162.78,128,27,2011-11-22 15:05:00,2011-11-22 15:05:00,0,162.78,1
12921,9,37,16587.09,9526,233,2010-12-01 15:06:00,2011-11-30 16:22:00,364,448.29972972972973,0
12922,161,1,405.38,370,28,2011-07-01 15:35:00,2011-07-01 15:35:00,0,405.38,1
12923,64,1,172.82,68,28,2011-10-06 16:20:00,2011-10-06 16:20:00,0,172.82,1
12924,88,4,933.7,481,22,2011-01-16 11:49:00,2011-09-12 13:55:00,239,233.425,0
12925,5,2,694.05,541,42,2011-09-26 11:05:00,2011-12-05 11:11:00,70,347.025,0
12928,35,5,2062.7000000000003,1472,59,2010-12-15 15:45:00,2011-11-04 14:24:00,323,412.5400000000001,0
12929,312,1,117.85,37,8,2011-02-01 12:08:00,2011-02-01 12:08:00,0,117.85,1
12930,78,2,415.8,252,20,2011-06-21 13:25:00,2011-09-22 15:18:00,93,207.9,1
12931,22,15,42055.96,28004,28,2010-12-17 09:45:00,2011-11-18 12:39:00,336,2803.730666666667,0
12933,24,3,607.53,499,102,2011-03-01 11:30:00,2011-11-15 16:38:00,259,202.51,0
12935,2,7,2160.7,1853,80,2011-01-24 13:58:00,2011-12-07 17:25:00,317,308.6714285714285,0
12936,17,4,1063.9,559,56,2011-09-22 13:51:00,2011-11-22 17:32:00,61,265.975,0
12937,15,4,1504.27,1007,81,2011-03-17 14:19:00,2011-11-24 15:05:00,252,376.0675,0
12938,26,1,114.14,140,9,2011-11-14 11:21:00,2011-11-14 11:21:00,0,114.14,1
12939,64,8,11581.8,4876,21,2011-01-09 11:20:00,2011-10-06 14:33:00,270,1447.725,0
12940,55,2,899.69,404,87,2011-09-13 10:16:00,2011-10-16 12:09:00,33,449.845,0
12942,131,3,675.6,198,68,2010-12-09 09:34:00,2011-07-31 14:39:00,234,225.20000000000002,0
12944,36,2,604.51,289,29,2010-12-20 10:41:00,2011-11-04 11:04:00,319,302.255,0
12945,288,1,462.95,165,23,2011-02-24 14:15:00,2011-02-24 14:15:00,0,462.95,1
12947,144,6,1603.99,1165,83,2010-12-01 16:21:00,2011-07-19 10:06:00,229,267.33166666666665,0
12948,16,7,2064.95,1080,82,2011-03-20 10:17:00,2011-11-23 17:10:00,248,294.99285714285713,0
12949,31,8,4167.22,2381,166,2011-04-01 13:20:00,2011-11-09 11:25:00,221,520.9025,0
12950,2,3,1843.0,1380,13,2011-11-15 13:48:00,2011-12-07 13:17:00,21,614.3333333333334,0
12951,9,6,1064.07,503,53,2011-01-13 10:33:00,2011-12-01 12:14:00,322,177.345,0
12952,6,4,1387.79,653,64,2011-09-22 16:37:00,2011-12-04 10:35:00,72,346.9475,0
12953,10,1,329.85,84,17,2011-11-30 09:24:00,2011-11-30 09:24:00,0,329.85,1
12955,1,11,4757.16,3664,81,2011-03-17 09:03:00,2011-12-08 16:29:00,266,432.4690909090909,0
12956,306,1,108.07,34,19,2011-02-06 16:08:00,2011-02-06 16:08:00,0,108.07,1
12957,10,8,4017.54,2549,208,2011-01-04 12:18:00,2011-11-30 09:53:00,329,502.1925,0
12962,7,2,266.39,129,15,2011-08-18 13:38:00,2011-12-02 15:55:00,106,133.195,1
12963,8,8,1856.63,881,75,2010-12-09 09:14:00,2011-12-01 12:55:00,357,232.07875,0
12965,89,1,769.8100000000001,282,108,2011-09-11 15:31:00,2011-09-11 15:31:00,0,769.8100000000001,1
12966,10,1,160.18,75,10,2011-11-30 12:38:00,2011-11-30 12:38:00,0,160.18,1
12967,358,2,1660.9,438,19,2010-12-03 09:49:00,2010-12-16 19:10:00,13,830.45,1
12968,112,1,135.95,73,5,2011-08-19 15:44:00,2011-08-19 15:44:00,0,135.95,1
12970,7,4,405.47,268,116,2011-01-21 14:04:00,2011-12-02 14:30:00,315,101.3675,0
12971,4,86,11189.91,9289,94,2010-12-02 16:42:00,2011-12-06 12:20:00,368,130.11523255813952,0
12974,198,1,144.8,24,8,2011-05-26 09:33:00,2011-05-26 09:33:00,0,144.8,1
12976,212,1,738.6,561,22,2011-05-12 09:55:00,2011-05-12 09:55:00,0,738.6,1
12977,156,1,39.239999999999995,12,9,2011-07-06 16:40:00,2011-07-06 16:40:00,0,39.239999999999995,1
12980,158,9,7374.900000000001,886,6,2010-12-16 11:36:00,2011-07-05 09:34:00,200,819.4333333333334,0
12981,30,2,372.21999999999997,242,12,2011-07-29 14:14:00,2011-11-10 12:00:00,103,186.10999999999999,1
12982,243,1,390.54,288,28,2011-04-11 11:51:00,2011-04-11 11:51:00,0,390.54,1
12984,19,1,97.5,26,4,2011-11-21 12:37:00,2011-11-21 12:37:00,0,97.5,1
12985,1,2,1239.38,1533,73,2011-11-11 12:44:00,2011-12-09 10:46:00,27,619.69,0
12987,74,2,558.7,219,27,2011-05-26 12:00:00,2011-09-27 12:03:00,124,279.35,1
12988,292,1,505.82,126,75,2011-02-20 14:31:00,2011-02-20 14:31:00,0,505.82,1
12989,3,15,6924.110000000001,2943,41,2010-12-10 13:24:00,2011-12-06 15:28:00,361,461.6073333333334,0
12990,31,3,409.5,200,8,2011-02-02 15:39:00,2011-11-08 13:01:00,278,136.5,1
12991,23,2,503.76,405,31,2011-08-19 14:39:00,2011-11-16 15:34:00,89,251.88,0
12993,23,4,414.76,240,26,2011-02-14 14:29:00,2011-11-16 15:49:00,275,103.69,0
12994,4,3,974.4200000000001,459,52,2011-03-16 08:31:00,2011-12-05 15:43:00,264,324.8066666666667,0
12995,85,1,211.32,108,3,2011-09-15 15:44:00,2011-09-15 15:44:00,0,211.32,1
12997,22,4,1226.89,664,45,2011-01-26 15:49:00,2011-11-17 15:47:00,294,306.7225,0
12999,196,3,455.88,342,25,2011-04-08 10:26:00,2011-05-27 13:24:00,49,151.96,1
13000,107,3,534.85,379,30,2010-12-10 10:26:00,2011-08-25 10:43:00,258,178.28333333333333,1
13001,4,13,9785.970000000001,5490,166,2011-01-17 12:45:00,2011-12-05 14:51:00,322,752.7669230769231,0
13002,318,1,120.94999999999999,73,7,2011-01-25 15:18:00,2011-01-25 15:18:00,0,120.94999999999999,1
13003,106,3,149.05,103,4,2011-05-09 08:23:00,2011-08-26 10:50:00,109,49.68333333333334,1
13004,12,18,5655.91,4822,277,2010-12-17 08:20:00,2011-11-28 11:27:00,346,314.21722222222223,0
13005,174,2,513.7,172,21,2011-04-07 13:32:00,2011-06-19 10:53:00,72,256.85,1
13006,56,1,81.57,55,4,2011-10-14 13:49:00,2011-10-14 13:49:00,0,81.57,1
13008,323,1,229.46999999999997,175,14,2011-01-20 14:24:00,2011-01-20 14:24:00,0,229.46999999999997,1
13011,372,1,50.550000000000004,13,3,2010-12-02 17:22:00,2010-12-02 17:22:00,0,50.550000000000004,1
13012,9,8,1646.8400000000001,820,67,2011-02-18 09:43:00,2011-11-30 13:05:00,285,205.85500000000002,0
13013,1,13,4810.9400000000005,2224,155,2010-12-03 12:28:00,2011-12-08 15:01:00,370,370.07230769230773,0
13014,11,10,3466.2799999999997,905,67,2011-03-03 18:28:00,2011-11-29 12:27:00,270,346.628,0
13015,53,5,3339.64,1609,156,2011-04-04 14:28:00,2011-10-17 13:19:00,195,667.928,0
13016,73,3,789.89,527,39,2011-08-08 15:00:00,2011-09-27 14:08:00,49,263.2966666666667,0
13017,7,1,204.0,48,1,2011-12-02 15:53:00,2011-12-02 15:53:00,0,204.0,1
13018,16,28,7277.7,5435,313,2011-02-17 11:05:00,2011-11-23 13:28:00,279,259.91785714285714,0
13021,4,9,2616.38,1352,101,2010-12-16 10:12:00,2011-12-05 16:37:00,354,290.7088888888889,0
13023,64,2,689.9,286,36,2011-08-02 09:34:00,2011-10-06 16:27:00,65,344.95,1
13026,1,5,975.36,1620,32,2011-03-09 11:35:00,2011-12-08 16:58:00,274,195.072,0
13027,114,6,6912.0,17280,6,2010-12-20 12:45:00,2011-08-18 09:39:00,240,1152.0,0
13028,23,2,661.3199999999999,798,40,2011-10-25 14:09:00,2011-11-17 11:10:00,22,330.65999999999997,0
13029,31,3,1247.5,134,8,2010-12-21 13:53:00,2011-11-09 09:13:00,322,415.8333333333333,0
13030,11,2,752.4399999999999,348,76,2010-12-06 14:31:00,2011-11-28 14:30:00,356,376.21999999999997,0
13032,52,2,1010.18,375,55,2011-09-13 16:40:00,2011-10-18 15:54:00,34,505.09,0
13033,357,1,190.55,83,11,2010-12-17 14:23:00,2010-12-17 14:23:00,0,190.55,1
13034,55,2,642.77,369,37,2010-12-05 14:52:00,2011-10-16 12:21:00,314,321.385,0
13035,74,2,921.88,644,23,2011-03-24 09:21:00,2011-09-27 08:57:00,186,460.94,0
13037,138,3,881.07,431,44,2011-03-28 15:42:00,2011-07-24 15:46:00,118,293.69,0
13038,80,3,908.46,360,24,2011-02-22 11:43:00,2011-09-20 14:37:00,210,302.82,0
13040,9,2,676.99,355,38,2011-11-06 13:53:00,2011-12-01 10:38:00,24,338.495,0
13043,273,1,516.42,254,13,2011-03-11 14:52:00,2011-03-11 14:52:00,0,516.42,1
13044,291,1,560.47,429,33,2011-02-21 15:20:00,2011-02-21 15:20:00,0,560.47,1
13045,99,1,305.28000000000003,221,18,2011-09-01 15:04:00,2011-09-01 15:04:00,0,305.28000000000003,1
13046,31,2,629.31,264,33,2011-03-18 15:43:00,2011-11-09 08:36:00,235,314.655,0
13047,32,10,3237.54,1391,106,2010-12-01 08:34:00,2011-11-08 12:06:00,342,323.754,0
13048,14,4,1819.41,1228,77,2011-01-16 14:36:00,2011-11-25 13:23:00,312,454.8525,0
13049,64,2,656.6800000000001,268,14,2011-01-25 16:33:00,2011-10-06 15:31:00,253,328.34000000000003,1
13050,15,17,5836.86,3748,246,2010-12-08 09:30:00,2011-11-25 09:18:00,351,343.3447058823529,0
13052,212,1,348.15000000000003,222,18,2011-05-11 14:12:00,2011-05-11 14:12:00,0,348.15000000000003,1
13055,78,3,1214.41,894,74,2011-05-10 08:58:00,2011-09-22 14:26:00,135,404.80333333333334,0
13058,25,3,271.40000000000003,52,5,2011-07-11 12:01:00,2011-11-15 12:43:00,127,90.46666666666668,1
13059,250,1,183.4,35,8,2011-04-04 10:40:00,2011-04-04 10:40:00,0,183.4,1
13060,254,1,307.53,123,15,2011-03-31 11:37:00,2011-03-31 11:37:00,0,307.53,1
13061,72,1,248.61,107,10,2011-09-28 16:04:00,2011-09-28 16:04:00,0,248.61,1
13062,191,1,346.98,343,11,2011-06-01 15:12:00,2011-06-01 15:12:00,0,346.98,1
13064,13,4,1105.59,514,51,2011-01-16 13:41:00,2011-11-27 12:31:00,314,276.3975,0
13065,373,1,205.86,74,14,2010-12-01 16:52:00,2010-12-01 16:52:00,0,205.86,1
13066,24,2,470.8,322,48,2011-11-07 17:06:00,2011-11-15 12:57:00,7,235.4,1
13067,82,1,115.46000000000001,32,14,2011-09-18 13:38:00,2011-09-18 13:38:00,0,115.46000000000001,1
13068,10,2,344.0,200,1,2011-01-24 08:20:00,2011-11-29 15:00:00,309,172.0,1
13069,1,24,4431.44,5873,281,2010-12-05 11:02:00,2011-12-09 08:39:00,368,184.64333333333332,0
13070,192,1,228.8,110,9,2011-05-31 13:45:00,2011-05-31 13:45:00,0,228.8,1
13072,267,1,177.15,69,7,2011-03-18 08:12:00,2011-03-18 08:12:00,0,177.15,1
13075,130,1,919.61,485,22,2011-08-02 10:19:00,2011-08-02 10:19:00,0,919.61,1
13077,1,4,728.02,862,99,2010-12-08 14:59:00,2011-12-08 19:24:00,365,182.005,0
13078,3,26,12627.94,5630,95,2010-12-08 09:07:00,2011-12-06 15:36:00,363,485.69,0
13079,4,5,220.10000000000002,62,2,2011-07-22 14:41:00,2011-12-05 16:53:00,136,44.02,1
13080,179,1,58.08,120,6,2011-06-13 14:59:00,2011-06-13 14:59:00,0,58.08,1
13081,12,11,28337.38,19068,503,2010-12-03 17:20:00,2011-11-28 10:54:00,359,2576.1254545454544,0
13082,126,9,3613.63,4324,63,2011-01-05 15:42:00,2011-08-05 16:16:00,212,401.51444444444445,0
13083,4,2,303.75,187,15,2011-09-25 10:46:00,2011-12-05 15:01:00,71,151.875,1
13085,158,2,416.08000000000004,216,17,2011-02-17 13:57:00,2011-07-05 12:11:00,137,208.04000000000002,1
13089,3,97,58762.08,31025,636,2010-12-05 10:27:00,2011-12-07 09:02:00,366,605.7946391752578,0
13090,9,14,8910.82,2263,98,2010-12-02 07:48:00,2011-12-01 12:39:00,364,636.4871428571429,0
13091,28,1,345.82,466,21,2011-11-11 15:54:00,2011-11-11 15:54:00,0,345.82,1
13092,71,5,477.83,279,19,2010-12-15 12:27:00,2011-09-30 11:18:00,288,95.566,1
13093,276,8,7832.47,3961,97,2010-12-01 15:00:00,2011-03-09 12:14:00,97,979.05875,0
13094,21,12,1927.3200000000002,1716,4,2010-12-06 10:34:00,2011-11-18 14:07:00,347,160.61,0
13095,71,1,74.39999999999999,144,6,2011-09-30 12:03:00,2011-09-30 12:03:00,0,74.39999999999999,1
13097,33,10,6003.22,2360,214,2010-12-14 15:13:00,2011-11-07 10:43:00,327,600.322,0
13098,1,28,28882.44,15968,156,2011-01-26 13:46:00,2011-12-08 14:14:00,316,1031.5157142857142,0
13099,99,1,207.35999999999999,288,1,2011-09-01 17:40:00,2011-09-01 17:40:00,0,207.35999999999999,1
13101,234,1,101.19,113,8,2011-04-19 14:37:00,2011-04-19 14:37:00,0,101.19,1
13102,1,24,6424.09,4204,140,2010-12-09 13:38:00,2011-12-08 12:52:00,363,267.67041666666665,0
13103,40,1,243.94,82,8,2011-10-31 09:38:00,2011-10-31 09:38:00,0,243.94,1
13104,3,6,1098.48,504,14,2010-12-20 11:58:00,2011-12-06 13:10:00,351,183.08,0
13106,133,1,76.5,18,1,2011-07-29 15:12:00,2011-07-29 15:12:00,0,76.5,1
13107,44,4,1531.6200000000001,1293,54,2011-01-10 12:28:00,2011-10-26 14:52:00,289,382.90500000000003,0
13108,373,1,350.06,298,10,2010-12-02 10:35:00,2010-12-02 10:35:00,0,350.06,1
13109,60,2,786.54,520,41,2011-07-05 14:56:00,2011-10-11 10:16:00,97,393.27,0
13110,31,7,1488.67,388,109,2011-02-01 15:24:00,2011-11-08 14:30:00,279,212.66714285714286,0
13113,1,24,12245.960000000001,3045,95,2010-12-08 13:21:00,2011-12-09 12:49:00,365,510.2483333333334,0
13115,12,4,2294.78,1567,88,2011-06-08 16:15:00,2011-11-28 12:38:00,172,573.695,0
13116,138,1,501.14,291,30,2011-07-24 14:33:00,2011-07-24 14:33:00,0,501.14,1
13117,22,8,984.91,945,66,2010-12-02 13:11:00,2011-11-18 12:02:00,350,123.11375,0
13118,20,5,1197.81,410,68,2011-02-24 12:32:00,2011-11-20 12:46:00,269,239.56199999999998,0
13120,239,1,30.599999999999998,12,1,2011-04-15 10:19:00,2011-04-15 10:19:00,0,30.599999999999998,1
13121,269,1,283.73,252,50,2011-03-15 16:47:00,2011-03-15 16:47:00,0,283.73,1
13122,94,2,922.39,585,54,2011-04-13 14:12:00,2011-09-06 15:53:00,146,461.195,0
13124,90,3,3756.33,2119,185,2010-12-15 15:00:00,2011-09-11 12:45:00,269,1252.11,0
13126,5,8,2099.64,2143,124,2010-12-08 11:42:00,2011-12-05 10:00:00,361,262.455,0
13127,78,1,259.17,127,15,2011-09-23 10:26:00,2011-09-23 10:26:00,0,259.17,1
13130,94,1,64.0,32,2,2011-09-06 15:30:00,2011-09-06 15:30:00,0,64.0,1
13131,23,3,1073.3,447,30,2011-06-05 10:54:00,2011-11-16 13:21:00,164,357.76666666666665,0
13132,262,1,77.3,20,3,2011-03-23 12:44:00,2011-03-23 12:44:00,0,77.3,1
13133,274,2,109.8,32,7,2011-02-08 15:48:00,2011-03-11 10:31:00,30,54.9,1
13134,86,4,1793.58,1059,94,2011-04-13 12:57:00,2011-09-15 10:35:00,154,448.395,0
13135,197,1,3096.0,4300,1,2011-05-27 10:52:00,2011-05-27 10:52:00,0,3096.0,1
13136,56,5,2607.61,1328,94,2011-05-11 12:47:00,2011-10-14 13:41:00,156,521.522,0
13137,11,8,3603.29,2204,345,2011-02-04 11:54:00,2011-11-29 12:09:00,298,450.41125,0
13138,22,6,962.39,473,31,2010-12-02 15:03:00,2011-11-17 16:51:00,350,160.39833333333334,0
13139,16,7,5064.94,2425,132,2011-03-25 11:57:00,2011-11-23 13:54:00,243,723.5628571428571,0
13140,108,3,422.47,185,40,2010-12-08 15:12:00,2011-08-23 15:33:00,258,140.82333333333335,1
13141,85,5,2388.75,1548,113,2011-01-28 13:04:00,2011-09-16 09:54:00,230,477.75,0
13142,19,1,307.09,258,23,2011-11-20 16:07:00,2011-11-20 16:07:00,0,307.09,1
13144,333,1,110.95,21,3,2011-01-11 11:15:00,2011-01-11 11:15:00,0,110.95,1
13145,40,4,618.52,145,5,2010-12-02 18:06:00,2011-10-31 12:45:00,332,154.63,1
13146,26,1,228.91,154,16,2011-11-13 15:29:00,2011-11-13 15:29:00,0,228.91,1
13147,10,4,712.8000000000001,144,1,2011-09-01 12:28:00,2011-11-29 13:59:00,89,178.20000000000002,1
13148,29,12,3683.26,1965,231,2010-12-10 13:06:00,2011-11-10 15:23:00,335,306.93833333333333,0
13149,14,4,1676.06,1280,76,2011-02-23 13:57:00,2011-11-25 13:09:00,274,419.015,0
13151,296,1,1257.8700000000001,363,73,2011-02-17 12:29:00,2011-02-17 12:29:00,0,1257.8700000000001,1
13153,6,1,486.22,418,15,2011-12-04 12:14:00,2011-12-04 12:14:00,0,486.22,1
13155,33,4,971.76,497,67,2010-12-06 12:44:00,2011-11-06 15:41:00,335,242.94,0
13157,49,4,1741.22,1439,69,2011-02-14 14:03:00,2011-10-21 13:50:00,248,435.305,0
13158,95,4,1201.06,784,59,2011-01-25 09:58:00,2011-09-06 11:58:00,224,300.265,0
13159,9,4,1429.35,1058,114,2011-08-16 11:44:00,2011-12-01 11:20:00,106,357.3375,0
13160,22,1,91.8,56,4,2011-11-17 13:07:00,2011-11-17 13:07:00,0,91.8,1
13161,313,1,112.75,29,8,2011-01-30 14:03:00,2011-01-30 14:03:00,0,112.75,1
13162,122,4,1688.29,1713,74,2011-01-09 10:43:00,2011-08-09 15:59:00,212,422.0725,0
13165,46,2,1021.48,1376,40,2010-12-23 14:06:00,2011-10-24 15:05:00,305,510.74,0
13166,283,1,417.2,216,39,2011-03-01 15:16:00,2011-03-01 15:16:00,0,417.2,1
13167,19,4,791.33,785,51,2011-07-19 12:13:00,2011-11-21 12:24:00,125,197.8325,0
13168,36,4,1299.59,670,102,2011-01-25 13:55:00,2011-11-03 12:56:00,281,324.8975,0
13169,64,2,712.88,272,11,2011-04-01 14:24:00,2011-10-07 12:11:00,188,356.44,1
13170,27,1,108.81,141,29,2011-11-13 12:19:00,2011-11-13 12:19:00,0,108.81,1
13171,22,3,468.41,229,37,2011-02-13 14:16:00,2011-11-18 10:27:00,277,156.13666666666668,0
13173,4,2,353.65,277,41,2010-12-07 14:30:00,2011-12-05 15:51:00,363,176.825,0
13174,16,3,2742.82,1352,228,2010-12-05 16:24:00,2011-11-23 14:35:00,352,914.2733333333334,0
13176,46,1,481.49,448,66,2011-10-24 15:43:00,2011-10-24 15:43:00,0,481.49,1
13177,65,1,282.45,91,17,2011-10-06 09:56:00,2011-10-06 09:56:00,0,282.45,1
13178,26,11,5725.47,3570,95,2010-12-14 12:22:00,2011-11-13 16:14:00,334,520.4972727272727,0
13182,45,1,121.18,201,11,2011-10-25 13:46:00,2011-10-25 13:46:00,0,121.18,1
13183,8,9,3957.78,2208,51,2011-01-09 10:50:00,2011-12-02 10:30:00,326,439.75333333333333,0
13184,15,10,1668.95,1662,138,2011-02-22 17:25:00,2011-11-25 12:02:00,275,166.895,0
13185,268,1,71.4,12,1,2011-03-17 11:56:00,2011-03-17 11:56:00,0,71.4,1
13186,40,3,1575.89,820,69,2011-08-03 09:09:00,2011-10-31 11:40:00,89,525.2966666666667,0
13187,337,1,236.02,95,37,2011-01-06 18:57:00,2011-01-06 18:57:00,0,236.02,1
13188,11,1,114.60000000000001,25,2,2011-11-28 15:28:00,2011-11-28 15:28:00,0,114.60000000000001,1
13189,19,2,260.68,842,29,2011-08-16 13:12:00,2011-11-21 10:39:00,96,130.34,1
13192,95,2,911.94,595,57,2011-05-18 14:57:00,2011-09-05 14:13:00,109,455.97,0
13193,61,1,112.08,46,22,2011-10-09 14:30:00,2011-10-09 14:30:00,0,112.08,1
13194,136,1,60.7,26,3,2011-07-27 09:01:00,2011-07-27 09:01:00,0,60.7,1
13196,11,4,1797.78,1224,97,2011-03-22 14:24:00,2011-11-28 13:54:00,250,449.445,0
13198,10,6,3401.2400000000002,2648,199,2010-12-13 09:29:00,2011-11-29 15:17:00,351,566.8733333333333,0
13199,4,38,9817.12,6176,48,2010-12-08 10:51:00,2011-12-06 12:30:00,363,258.34526315789475,0
13200,19,4,870.09,516,42,2011-08-05 14:50:00,2011-11-20 15:35:00,107,217.5225,0
13203,10,4,869.46,800,56,2011-04-11 14:40:00,2011-11-30 10:45:00,232,217.365,0
13207,15,2,250.26000000000002,130,7,2011-07-12 11:35:00,2011-11-24 14:52:00,135,125.13000000000001,1
13208,59,6,1217.65,803,124,2011-02-03 19:32:00,2011-10-12 09:54:00,250,202.9416666666667,0
13209,30,8,5891.61,4253,255,2010-12-13 10:31:00,2011-11-09 13:54:00,331,736.45125,0
13210,94,1,353.48,316,22,2011-09-07 08:18:00,2011-09-07 08:18:00,0,353.48,1
13211,10,3,1095.42,834,45,2010-12-13 16:17:00,2011-11-29 14:43:00,350,365.14000000000004,0
13212,20,3,786.83,309,128,2011-10-09 14:48:00,2011-11-20 12:40:00,41,262.2766666666667,0
13213,57,5,1520.58,1360,82,2011-05-24 12:22:00,2011-10-14 11:42:00,142,304.116,0
13216,268,1,333.74,297,5,2011-03-17 12:18:00,2011-03-17 12:18:00,0,333.74,1
13217,122,3,533.98,262,3,2011-07-06 12:08:00,2011-08-09 15:32:00,34,177.99333333333334,1
13218,127,1,62.63999999999999,88,5,2011-08-04 16:59:00,2011-08-04 16:59:00,0,62.63999999999999,1
13220,78,4,819.2900000000001,196,18,2011-04-17 10:59:00,2011-09-22 13:38:00,158,204.82250000000002,1
13221,240,2,847.41,244,62,2010-12-15 13:24:00,2011-04-13 16:58:00,119,423.705,1
13223,200,2,163.20000000000002,88,5,2011-04-21 15:16:00,2011-05-23 13:03:00,31,81.60000000000001,1
13224,60,2,2155.95,1518,101,2011-07-11 14:10:00,2011-10-10 14:55:00,91,1077.975,0
13225,3,7,6463.84,3416,23,2010-12-13 09:49:00,2011-12-06 13:29:00,358,923.4057142857143,0
13226,273,1,108.21000000000001,80,16,2011-03-11 14:35:00,2011-03-11 14:35:00,0,108.21000000000001,1
13227,202,1,257.7,99,9,2011-05-22 11:47:00,2011-05-22 11:47:00,0,257.7,1
13228,81,1,358.0,200,2,2011-09-19 14:28:00,2011-09-19 14:28:00,0,358.0,1
13229,226,1,160.95,63,10,2011-04-28 12:07:00,2011-04-28 12:07:00,0,160.95,1
13230,4,14,2755.63,1638,393,2010-12-09 19:28:00,2011-12-05 16:03:00,360,196.8307142857143,0
13232,13,7,1328.35,773,147,2011-04-10 13:48:00,2011-11-27 10:39:00,230,189.7642857142857,0
13233,74,2,605.12,1004,43,2011-01-07 14:49:00,2011-09-26 13:25:00,261,302.56,0
13235,212,1,1031.07,441,53,2011-05-11 17:13:00,2011-05-11 17:13:00,0,1031.07,1
13236,25,2,744.85,416,34,2011-08-25 08:58:00,2011-11-15 12:50:00,82,372.425,0
13238,17,4,700.73,298,20,2010-12-14 14:37:00,2011-11-22 15:37:00,343,175.1825,0
13239,262,1,329.56,327,21,2011-03-23 10:25:00,2011-03-23 10:25:00,0,329.56,1
13240,96,4,663.65,298,59,2010-12-09 12:49:00,2011-09-04 14:08:00,269,165.9125,0
13242,112,3,270.40000000000003,130,12,2011-05-10 12:26:00,2011-08-19 12:53:00,101,90.13333333333334,1
13243,203,1,585.12,232,56,2011-05-20 13:14:00,2011-05-20 13:14:00,0,585.12,1
13244,93,1,121.74000000000001,38,27,2011-09-08 11:46:00,2011-09-08 11:46:00,0,121.74000000000001,1
13245,51,1,430.5,125,16,2011-10-20 11:40:00,2011-10-20 11:40:00,0,430.5,1
13246,18,6,1961.52,1587,110,2011-01-13 13:36:00,2011-11-21 16:50:00,312,326.92,0
13247,18,4,501.12,328,18,2011-09-18 11:31:00,2011-11-22 10:59:00,64,125.28,1
13248,125,2,465.68,305,25,2011-06-03 13:05:00,2011-08-07 12:40:00,64,232.84,1
13249,92,3,711.41,546,21,2011-03-23 15:26:00,2011-09-08 13:26:00,168,237.13666666666666,0
13253,157,2,1030.4,1572,35,2011-01-04 15:43:00,2011-07-06 10:09:00,182,515.2,0
13255,9,2,399.51,177,13,2010-12-01 11:58:00,2011-11-30 13:14:00,364,199.755,1
13258,12,3,672.83,282,28,2011-05-18 13:11:00,2011-11-28 09:31:00,193,224.27666666666667,0
13259,62,1,283.18,126,77,2011-10-09 10:48:00,2011-10-09 10:48:00,0,283.18,1
13260,61,1,557.62,142,8,2011-10-09 13:21:00,2011-10-09 13:21:00,0,557.62,1
13261,269,2,944.1,210,8,2011-02-27 10:41:00,2011-03-16 12:22:00,17,472.05,1
13262,263,1,200.29,125,11,2011-03-21 15:06:00,2011-03-21 15:06:00,0,200.29,1
13263,1,35,7436.93,4768,450,2011-01-18 16:31:00,2011-12-08 13:59:00,323,212.48371428571429,0
13265,53,5,2092.66,1740,66,2011-03-11 09:54:00,2011-10-17 15:02:00,220,418.532,0
13266,11,12,3834.2599999999998,4428,82,2011-03-28 10:14:00,2011-11-28 14:39:00,245,319.52166666666665,0
13267,3,19,4521.49,1969,88,2010-12-08 09:20:00,2011-12-07 11:12:00,364,237.97315789473683,0
13268,18,11,3174.75,3624,257,2011-03-17 13:20:00,2011-11-22 11:51:00,249,288.6136363636364,0
13269,1,15,5343.28,3513,177,2010-12-05 11:51:00,2011-12-08 14:53:00,368,356.21866666666665,0
13270,366,1,590.0,200,1,2010-12-08 14:53:00,2010-12-08 14:53:00,0,590.0,1
13271,37,1,211.49,240,79,2011-11-02 14:31:00,2011-11-02 14:31:00,0,211.49,1
13272,31,2,276.56,96,15,2011-09-11 12:06:00,2011-11-08 14:00:00,58,138.28,1
13273,113,1,138.98,153,16,2011-08-18 14:02:00,2011-08-18 14:02:00,0,138.98,1
13276,64,2,590.9300000000001,161,30,2011-09-01 10:03:00,2011-10-07 12:44:00,36,295.46500000000003,1
13277,16,4,258.4,176,5,2011-07-29 10:06:00,2011-11-24 09:21:00,117,64.6,1
13278,41,1,542.73,537,46,2011-10-30 11:49:00,2011-10-30 11:49:00,0,542.73,1
13279,78,1,137.75,73,9,2011-09-22 17:24:00,2011-09-22 17:24:00,0,137.75,1
13280,122,3,798.46,518,67,2011-01-06 17:10:00,2011-08-09 13:14:00,214,266.15333333333336,0
13282,18,3,1132.14,307,29,2011-05-03 12:03:00,2011-11-21 15:33:00,202,377.38000000000005,0
13283,60,2,93.66,90,7,2011-06-07 12:39:00,2011-10-11 09:50:00,125,46.83,1
13284,331,1,201.19,91,13,2011-01-13 09:23:00,2011-01-13 09:23:00,0,201.19,1
13285,23,4,2709.12,2051,157,2011-02-22 17:13:00,2011-11-16 13:19:00,266,677.28,0
13291,156,1,361.11,233,41,2011-07-07 10:36:00,2011-07-07 10:36:00,0,361.11,1
13292,39,2,578.9399999999999,347,29,2011-02-28 15:00:00,2011-11-01 10:04:00,245,289.46999999999997,0
13294,190,2,873.74,453,48,2011-04-04 12:37:00,2011-06-03 08:54:00,59,436.87,0
13295,360,1,201.20000000000002,82,10,2010-12-15 11:21:00,2010-12-15 11:21:00,0,201.20000000000002,1
13296,137,1,87.4,78,5,2011-07-25 13:46:00,2011-07-25 13:46:00,0,87.4,1
13297,8,4,2089.85,963,52,2011-10-03 15:08:00,2011-12-02 09:32:00,59,522.4625,0
13298,1,1,360.0,96,2,2011-12-08 13:11:00,2011-12-08 13:11:00,0,360.0,1
13299,268,1,142.5,30,5,2011-03-16 12:55:00,2011-03-16 12:55:00,0,142.5,1
13300,169,1,371.89,203,20,2011-06-23 13:09:00,2011-06-23 13:09:00,0,371.89,1
13301,104,4,618.09,345,75,2011-02-20 13:13:00,2011-08-28 11:25:00,188,154.5225,0
13302,155,1,63.75,5,1,2011-07-07 17:56:00,2011-07-07 17:56:00,0,63.75,1
13304,351,1,300.42,238,21,2010-12-23 14:35:00,2010-12-23 14:35:00,0,300.42,1
13305,4,10,2000.86,1232,50,2010-12-02 12:10:00,2011-12-05 15:15:00,368,200.08599999999998,0
13307,120,1,15.0,4,1,2011-08-11 17:14:00,2011-08-11 17:14:00,0,15.0,1
13308,23,3,1385.51,843,49,2011-05-20 13:13:00,2011-11-17 09:31:00,180,461.83666666666664,0
13309,7,5,1456.79,1544,82,2011-02-04 12:29:00,2011-12-02 16:34:00,301,291.358,0
13310,28,3,1132.03,587,65,2011-01-19 14:50:00,2011-11-11 17:23:00,296,377.3433333333333,0
13311,4,2,598.57,305,25,2011-07-12 14:26:00,2011-12-05 12:55:00,145,299.285,0
13313,22,5,1555.32,851,47,2011-01-04 10:00:00,2011-11-17 16:48:00,317,311.06399999999996,0
13314,2,3,775.94,560,55,2011-09-27 10:20:00,2011-12-08 12:29:00,72,258.6466666666667,0
13316,37,4,5732.93,5508,66,2011-03-30 13:01:00,2011-11-02 13:40:00,217,1433.2325,0
13317,66,6,2273.68,1035,100,2010-12-16 09:22:00,2011-10-04 13:35:00,292,378.94666666666666,0
13318,1,3,640.76,304,14,2011-11-02 13:26:00,2011-12-08 18:51:00,36,213.58666666666667,0
13319,5,26,10845.550000000001,4724,209,2010-12-09 10:04:00,2011-12-04 13:34:00,360,417.1365384615385,0
13320,78,4,1532.2,1086,77,2011-05-10 10:29:00,2011-09-22 18:07:00,135,383.05,0
13321,72,2,567.36,372,10,2011-09-14 15:18:00,2011-09-28 15:24:00,14,283.68,1
13322,17,1,199.48000000000002,117,25,2011-11-22 14:21:00,2011-11-22 14:21:00,0,199.48000000000002,1
13323,3,5,787.85,175,6,2011-09-16 13:23:00,2011-12-06 17:12:00,81,157.57,0
13324,36,10,7121.95,5205,25,2010-12-14 09:50:00,2011-11-03 16:28:00,324,712.1949999999999,0
13325,82,1,675.3,240,12,2011-09-19 10:36:00,2011-09-19 10:36:00,0,675.3,1
13327,39,8,3627.77,1600,74,2010-12-09 15:32:00,2011-11-01 10:21:00,326,453.47125,0
13328,316,1,1308.48,680,17,2011-01-27 15:22:00,2011-01-27 15:22:00,0,1308.48,1
13329,32,2,789.0,463,16,2010-12-08 10:11:00,2011-11-08 10:29:00,335,394.5,0
13330,93,3,1140.93,751,37,2011-01-28 10:08:00,2011-09-08 12:27:00,223,380.31,0
13332,14,1,350.9,179,21,2011-11-25 13:30:00,2011-11-25 13:30:00,0,350.9,1
13334,82,3,3502.32,1764,207,2011-02-07 11:42:00,2011-09-18 15:21:00,223,1167.44,0
13336,77,1,795.12,559,51,2011-09-23 14:05:00,2011-09-23 14:05:00,0,795.12,1
13338,158,1,487.02,256,19,2011-07-05 09:06:00,2011-07-05 09:06:00,0,487.02,1
13339,201,1,860.12,326,54,2011-05-23 08:31:00,2011-05-23 08:31:00,0,860.12,1
13340,45,7,10736.48,5770,128,2011-03-08 11:39:00,2011-10-25 13:15:00,231,1533.782857142857,0
13341,261,1,775.85,301,42,2011-03-24 09:50:00,2011-03-24 09:50:00,0,775.85,1
13343,178,1,353.43,135,19,2011-06-15 12:24:00,2011-06-15 12:24:00,0,353.43,1
13344,68,3,2511.69,952,115,2011-03-07 10:28:00,2011-10-03 09:45:00,209,837.23,0
13345,288,1,389.5,141,20,2011-02-25 09:01:00,2011-02-25 09:01:00,0,389.5,1
13347,70,1,341.36,205,8,2011-09-30 13:28:00,2011-09-30 13:28:00,0,341.36,1
13348,64,1,233.76,136,14,2011-10-06 17:28:00,2011-10-06 17:28:00,0,233.76,1
13349,11,1,247.32,225,16,2011-11-29 08:07:00,2011-11-29 08:07:00,0,247.32,1
13350,16,2,979.12,287,36,2011-09-21 13:33:00,2011-11-23 16:33:00,63,489.56,0
13351,66,1,373.94,117,16,2011-10-04 12:55:00,2011-10-04 12:55:00,0,373.94,1
13352,60,1,397.97999999999996,321,24,2011-10-10 13:55:00,2011-10-10 13:55:00,0,397.97999999999996,1
13354,71,1,743.53,604,51,2011-09-29 13:17:00,2011-09-29 13:17:00,0,743.53,1
13355,122,1,674.7,314,32,2011-08-09 14:48:00,2011-08-09 14:48:00,0,674.7,1
13356,80,1,768.24,325,42,2011-09-20 14:33:00,2011-09-20 14:33:00,0,768.24,1
13357,257,1,609.4,321,85,2011-03-27 13:56:00,2011-03-27 13:56:00,0,609.4,1
13358,269,1,439.03,285,29,2011-03-16 11:52:00,2011-03-16 11:52:00,0,439.03,1
13359,64,1,439.56,161,23,2011-10-07 09:30:00,2011-10-07 09:30:00,0,439.56,1
13362,9,4,3090.7400000000002,1382,128,2011-02-25 11:33:00,2011-11-30 14:41:00,278,772.6850000000001,0
13363,18,2,992.5,710,47,2011-10-27 10:46:00,2011-11-22 12:40:00,26,496.25,0
13364,71,1,134.95999999999998,71,10,2011-09-29 18:13:00,2011-09-29 18:13:00,0,134.95999999999998,1
13365,34,2,2225.37,1247,122,2011-05-06 12:00:00,2011-11-06 12:36:00,184,1112.685,0
13366,50,1,56.160000000000004,144,1,2011-10-20 13:37:00,2011-10-20 13:37:00,0,56.160000000000004,1
13368,257,2,623.4,327,29,2011-01-06 12:32:00,2011-03-28 09:59:00,80,311.7,1
13369,366,1,308.28000000000003,149,14,2010-12-09 11:30:00,2010-12-09 11:30:00,0,308.28000000000003,1
13370,372,1,754.87,343,39,2010-12-03 10:26:00,2010-12-03 10:26:00,0,754.87,1
13372,90,1,378.64,159,23,2011-09-11 12:46:00,2011-09-11 12:46:00,0,378.64,1
13373,61,3,3312.25,1651,135,2011-03-08 14:35:00,2011-10-10 10:51:00,215,1104.0833333333333,0
13375,89,1,778.65,442,37,2011-09-12 10:19:00,2011-09-12 10:19:00,0,778.65,1
13376,99,3,1019.76,493,45,2011-04-19 13:03:00,2011-09-01 16:16:00,135,339.92,0
13379,26,3,572.56,601,85,2011-07-26 12:26:00,2011-11-13 13:45:00,110,190.85333333333332,0
13381,32,6,3639.31,2029,77,2011-02-14 10:10:00,2011-11-08 11:58:00,267,606.5516666666666,0
13382,281,1,222.99,131,15,2011-03-04 10:03:00,2011-03-04 10:03:00,0,222.99,1
13384,31,7,4151.93,2422,123,2011-06-14 12:47:00,2011-11-09 11:04:00,147,593.1328571428572,0
13385,330,1,534.57,281,35,2011-01-14 09:52:00,2011-01-14 09:52:00,0,534.57,1
13388,131,2,677.1,282,35,2011-07-31 12:52:00,2011-07-31 12:52:00,0,338.55,1
13389,11,3,797.96,429,50,2011-04-21 12:12:00,2011-11-28 14:01:00,221,265.9866666666667,0
13390,75,1,544.08,224,13,2011-09-26 08:38:00,2011-09-26 08:38:00,0,544.08,1
13391,204,1,59.8,4,1,2011-05-20 10:50:00,2011-05-20 10:50:00,0,59.8,1
13394,2,8,2520.02,2392,124,2011-02-03 10:39:00,2011-12-08 11:36:00,308,315.0025,0
13395,185,1,307.72,336,21,2011-06-07 15:04:00,2011-06-07 15:04:00,0,307.72,1
13396,29,2,1360.99,600,42,2011-01-24 13:37:00,2011-11-10 16:59:00,290,680.495,0
13397,73,5,1544.13,430,28,2011-01-04 13:50:00,2011-09-28 10:56:00,266,308.826,0
13398,192,1,457.34,281,26,2011-05-31 13:17:00,2011-05-31 13:17:00,0,457.34,1
13402,127,2,621.23,479,32,2010-12-02 17:12:00,2011-08-04 15:51:00,244,310.615,0
13403,18,1,75.0,44,3,2011-11-22 08:28:00,2011-11-22 08:28:00,0,75.0,1
13404,1,2,252.49,111,11,2011-05-11 11:57:00,2011-12-08 15:37:00,211,126.245,1
13405,74,3,572.451,165,25,2011-01-26 09:27:00,2011-09-26 17:01:00,243,190.817,1
13408,2,62,28117.04,16232,234,2010-12-01 10:39:00,2011-12-08 09:05:00,371,453.5006451612903,0
13410,24,5,1003.06,518,15,2011-02-21 14:38:00,2011-11-15 15:33:00,267,200.612,0
13411,107,1,213.55,72,17,2011-08-24 13:57:00,2011-08-24 13:57:00,0,213.55,1
13414,134,3,1390.5,1574,23,2011-02-16 12:13:00,2011-07-29 11:45:00,162,463.5,0
13416,44,2,712.5,142,11,2011-09-19 14:43:00,2011-10-27 08:56:00,37,356.25,1
13417,5,2,640.83,162,26,2011-05-18 16:26:00,2011-12-05 08:49:00,200,320.415,0
13418,12,18,6127.43,3918,223,2010-12-02 10:45:00,2011-11-28 10:23:00,360,340.4127777777778,0
13419,64,1,221.06,275,16,2011-10-07 12:49:00,2011-10-07 12:49:00,0,221.06,1
13420,150,2,159.85,101,8,2011-06-22 11:35:00,2011-07-13 08:48:00,20,79.925,1
13421,40,2,1833.71,1128,88,2011-02-22 15:46:00,2011-10-30 14:21:00,249,916.855,0
13422,64,1,2626.3,1326,127,2011-10-06 13:42:00,2011-10-06 13:42:00,0,2626.3,0
13425,108,3,1624.21,1123,66,2011-02-18 08:34:00,2011-08-23 17:13:00,186,541.4033333333333,0
13426,1,10,3641.32,2245,103,2010-12-15 12:43:00,2011-12-09 08:59:00,358,364.132,0
13427,19,3,582.6,545,25,2011-05-08 15:58:00,2011-11-20 13:02:00,195,194.20000000000002,0
13428,10,1,201.78,151,70,2011-11-29 14:20:00,2011-11-29 14:20:00,0,201.78,1
13429,11,4,1006.8,1390,55,2011-09-25 15:59:00,2011-11-29 09:10:00,64,251.7,0
13430,19,2,679.45,751,48,2011-09-14 14:26:00,2011-11-21 08:19:00,67,339.725,0
13431,67,2,1269.1,672,44,2011-09-12 11:25:00,2011-10-03 13:49:00,21,634.55,0
13434,74,2,534.24,300,9,2011-09-04 10:35:00,2011-09-26 14:30:00,22,267.12,1
13435,5,7,3809.8900000000003,2129,68,2011-06-03 17:07:00,2011-12-04 14:45:00,183,544.2700000000001,0
13436,2,1,196.89,76,12,2011-12-08 10:33:00,2011-12-08 10:33:00,0,196.89,1
13437,14,7,3408.06,1283,143,2011-06-02 14:30:00,2011-11-25 14:00:00,175,486.86571428571426,0
13439,255,1,283.71,242,54,2011-03-29 14:20:00,2011-03-29 14:20:00,0,283.71,1
13441,92,1,296.64,204,13,2011-09-09 09:38:00,2011-09-09 09:38:00,0,296.64,1
13447,23,3,1129.14,584,55,2011-11-04 10:10:00,2011-11-16 13:38:00,12,376.38000000000005,0
13448,17,6,3534.69,1648,137,2010-12-01 10:52:00,2011-11-23 12:33:00,357,589.115,0
13449,24,1,291.88,222,19,2011-11-16 08:28:00,2011-11-16 08:28:00,0,291.88,1
13450,27,6,2043.7199999999998,1982,32,2011-05-05 19:48:00,2011-11-13 11:54:00,191,340.61999999999995,0
13451,26,5,2898.2599999999998,2128,315,2011-01-09 15:35:00,2011-11-13 15:58:00,308,579.6519999999999,0
13452,259,2,590.0,2,1,2011-03-14 11:38:00,2011-03-25 14:19:00,11,295.0,1
13453,166,2,356.97999999999996,134,16,2011-02-23 09:44:00,2011-06-27 09:34:00,123,178.48999999999998,1
13455,25,2,1058.34,354,42,2010-12-08 13:11:00,2011-11-15 11:21:00,341,529.17,0
13456,18,6,1766.72,765,43,2011-05-16 15:34:00,2011-11-22 09:18:00,189,294.4533333333333,0
13458,7,14,9646.57,5508,242,2010-12-15 12:05:00,2011-12-02 15:29:00,352,689.0407142857142,0
13460,29,2,183.44,286,16,2011-10-21 09:50:00,2011-11-10 17:17:00,20,91.72,1
13461,39,3,1445.0,1170,14,2011-06-29 10:23:00,2011-11-01 09:01:00,124,481.6666666666667,0
13462,253,1,151.5,62,9,2011-04-01 11:20:00,2011-04-01 11:20:00,0,151.5,1
13464,58,1,674.68,403,41,2011-10-12 15:01:00,2011-10-12 15:01:00,0,674.68,1
13466,184,1,307.9,259,17,2011-06-08 16:39:00,2011-06-08 16:39:00,0,307.9,1
13467,11,2,1071.91,580,89,2011-11-03 16:56:00,2011-11-29 10:01:00,25,535.955,0
13468,2,37,5704.97,2589,184,2010-12-01 15:08:00,2011-12-08 10:39:00,371,154.1883783783784,0
13470,99,2,165.0,100,7,2011-08-16 17:06:00,2011-09-01 14:57:00,15,82.5,1
13471,1,4,2501.84,1583,214,2011-10-23 13:10:00,2011-12-08 15:44:00,46,625.46,0
13473,61,2,422.64,266,21,2011-01-11 08:45:00,2011-10-10 11:20:00,272,211.32,1
13474,236,1,226.84,129,59,2011-04-17 13:53:00,2011-04-17 13:53:00,0,226.84,1
13475,191,4,1431.78,1012,64,2011-02-14 12:36:00,2011-06-01 13:52:00,107,357.945,0
13476,179,2,1238.47,417,56,2011-03-03 14:43:00,2011-06-14 12:00:00,102,619.235,0
13477,38,6,1454.58,1021,57,2011-02-21 12:29:00,2011-11-02 12:04:00,253,242.42999999999998,0
13479,201,2,300.95,134,14,2011-04-19 11:27:00,2011-05-23 10:45:00,33,150.475,1
13481,46,5,1804.56,1142,98,2011-03-28 09:07:00,2011-10-25 09:07:00,211,360.912,0
13482,232,1,184.64,116,11,2011-04-21 17:03:00,2011-04-21 17:03:00,0,184.64,1
13483,66,1,140.34,160,10,2011-10-05 11:53:00,2011-10-05 11:53:00,0,140.34,1
13484,241,1,313.8,44,8,2011-04-12 16:30:00,2011-04-12 16:30:00,0,313.8,1
13485,233,1,454.24,277,23,2011-04-20 13:58:00,2011-04-20 13:58:00,0,454.24,1
13486,78,3,1122.41,669,69,2011-07-07 17:19:00,2011-09-22 13:13:00,76,374.1366666666667,0
13487,58,3,575.4,265,26,2010-12-21 14:54:00,2011-10-13 12:07:00,295,191.79999999999998,0
13488,17,13,8968.31,4518,271,2010-12-07 13:01:00,2011-11-22 14:41:00,350,689.87,0
13489,105,4,449.52,560,11,2011-02-18 10:42:00,2011-08-26 13:16:00,189,112.38,1
13491,52,10,1215.82,903,73,2010-12-02 14:30:00,2011-10-19 08:32:00,320,121.582,0
13492,136,3,1269.84,408,38,2011-05-09 10:06:00,2011-07-26 14:25:00,78,423.28,0
13493,275,2,618.63,380,6,2011-02-25 16:42:00,2011-03-09 15:35:00,11,309.315,1
13494,312,1,316.26000000000005,162,18,2011-02-01 11:58:00,2011-02-01 11:58:00,0,316.26000000000005,1
13495,8,5,2044.8700000000001,829,34,2010-12-06 15:14:00,2011-12-02 11:21:00,360,408.97400000000005,0
13496,11,2,653.33,341,28,2010-12-15 10:17:00,2011-11-29 10:58:00,349,326.665,0
13497,283,2,348.05,163,19,2010-12-06 11:37:00,2011-03-02 09:04:00,85,174.025,1
13499,18,5,1159.11,1365,31,2011-03-15 08:52:00,2011-11-22 11:21:00,252,231.82199999999997,0
13500,23,3,1166.77,609,60,2011-08-09 12:20:00,2011-11-16 15:35:00,99,388.92333333333335,0
13501,288,1,1340.32,560,52,2011-02-24 18:59:00,2011-02-24 18:59:00,0,1340.32,1
13502,17,3,292.0,264,17,2011-01-20 09:03:00,2011-11-23 10:39:00,307,97.33333333333333,1
13503,71,1,216.85,248,17,2011-09-29 13:23:00,2011-09-29 13:23:00,0,216.85,1
13504,64,1,295.93,178,22,2011-10-06 13:20:00,2011-10-06 13:20:00,0,295.93,1
13505,73,4,4393.63,2486,182,2011-04-21 12:07:00,2011-09-28 11:56:00,159,1098.4075,0
13506,316,2,458.52,324,26,2010-12-05 12:15:00,2011-01-27 13:53:00,53,229.26,1
13507,3,4,2479.16,1597,146,2011-07-17 11:50:00,2011-12-06 13:13:00,142,619.79,0
13508,244,1,110.97,24,12,2011-04-10 11:58:00,2011-04-10 11:58:00,0,110.97,1
13509,9,7,979.72,1106,27,2011-02-28 13:27:00,2011-12-01 10:10:00,275,139.96,0
13510,1,4,1791.56,1386,86,2011-06-09 09:32:00,2011-12-08 13:46:00,182,447.89,0
13512,261,1,251.21,143,15,2011-03-24 10:03:00,2011-03-24 10:03:00,0,251.21,1
13513,127,1,205.1,109,10,2011-08-05 11:50:00,2011-08-05 11:50:00,0,205.1,1
13514,74,1,152.20000000000002,40,4,2011-09-27 09:39:00,2011-09-27 09:39:00,0,152.20000000000002,1
13515,73,4,891.12,681,50,2011-04-06 10:33:00,2011-09-28 11:26:00,175,222.78,0
13516,21,3,1389.41,985,43,2011-04-15 11:06:00,2011-11-18 13:15:00,217,463.1366666666667,0
13517,60,3,2128.42,1369,125,2011-06-13 08:44:00,2011-10-11 11:43:00,120,709.4733333333334,0
13518,86,1,627.16,382,36,2011-09-15 10:29:00,2011-09-15 10:29:00,0,627.16,1
13519,78,1,122.75,23,8,2011-09-22 18:24:00,2011-09-22 18:24:00,0,122.75,1
13520,59,6,3624.35,1649,49,2010-12-03 10:36:00,2011-10-12 10:20:00,312,604.0583333333333,0
13521,1,3,1071.73,718,313,2011-11-29 15:09:00,2011-12-08 13:50:00,8,357.24333333333334,0
13522,30,1,125.80000000000001,44,5,2011-11-09 15:11:00,2011-11-09 15:11:00,0,125.80000000000001,1
13523,33,5,3964.88,1752,157,2010-12-08 14:22:00,2011-11-06 15:11:00,333,792.976,0
13524,41,5,680.1800000000001,324,17,2011-05-04 12:26:00,2011-10-30 12:34:00,179,136.036,0
13525,15,2,628.78,394,5,2011-04-05 15:36:00,2011-11-25 12:01:00,233,314.39,1
13527,34,7,2242.36,1683,153,2011-01-17 11:17:00,2011-11-06 12:04:00,293,320.33714285714285,0
13529,79,2,307.76,74,15,2011-05-19 11:50:00,2011-09-22 09:15:00,125,153.88,1
13531,205,2,483.8,174,17,2010-12-08 15:03:00,2011-05-18 16:56:00,161,241.9,1
13532,34,1,210.31,129,66,2011-11-06 12:25:00,2011-11-06 12:25:00,0,210.31,1
13533,183,3,269.09,202,61,2011-03-17 12:47:00,2011-06-10 11:54:00,84,89.69666666666666,1
13534,2,25,5870.08,2961,119,2010-12-16 15:23:00,2011-12-07 14:52:00,355,234.8032,0
13536,1,7,3444.39,2126,91,2011-09-25 13:30:00,2011-12-08 16:38:00,74,492.05571428571426,0
13538,43,7,1280.85,175,10,2011-01-28 10:40:00,2011-10-27 16:34:00,272,182.97857142857143,0
13539,86,3,631.34,320,35,2011-02-03 15:23:00,2011-09-15 10:18:00,223,210.4466666666667,0
13544,40,2,276.06,112,76,2011-04-13 12:09:00,2011-10-31 11:57:00,200,138.03,1
13546,12,3,621.09,357,72,2011-05-23 12:14:00,2011-11-27 14:50:00,188,207.03,0
13548,96,2,678.16,436,114,2011-04-10 11:35:00,2011-09-04 14:50:00,147,339.08,0
13549,26,7,918.2,458,37,2011-04-11 13:42:00,2011-11-14 09:20:00,216,131.17142857142858,0
13551,319,1,91.80000000000001,12,4,2011-01-24 14:46:00,2011-01-24 14:46:00,0,91.80000000000001,1
13552,66,12,3740.07,1417,82,2011-01-28 10:10:00,2011-10-04 15:19:00,249,311.6725,0
13555,74,4,4098.88,2636,128,2011-05-22 11:06:00,2011-09-27 12:36:00,128,1024.72,0
13557,28,2,584.06,546,31,2011-03-04 12:14:00,2011-11-11 15:24:00,252,292.03,0
13558,6,4,594.52,338,123,2011-10-02 13:01:00,2011-12-04 11:24:00,62,148.63,0
13560,7,1,171.42000000000002,63,32,2011-12-02 13:11:00,2011-12-02 13:11:00,0,171.42000000000002,1
13561,216,1,141.85999999999999,83,14,2011-05-08 12:39:00,2011-05-08 12:39:00,0,141.85999999999999,1
13562,82,3,1799.33,757,50,2011-04-08 12:42:00,2011-09-19 10:51:00,163,599.7766666666666,0
13563,84,2,777.53,209,49,2011-07-22 17:21:00,2011-09-16 14:45:00,55,388.765,1
13564,144,3,1724.67,636,68,2010-12-06 17:26:00,2011-07-18 14:33:00,223,574.89,0
13565,19,2,240.22,172,35,2011-01-09 14:28:00,2011-11-20 14:33:00,315,120.11,1
13566,41,2,856.84,567,134,2011-09-18 12:40:00,2011-10-30 11:59:00,41,428.42,0
13568,173,1,187.05,66,41,2011-06-19 14:42:00,2011-06-19 14:42:00,0,187.05,1
13569,17,2,338.62,156,73,2010-12-07 12:29:00,2011-11-22 13:07:00,350,169.31,0
13570,243,1,239.49,161,27,2011-04-10 13:36:00,2011-04-10 13:36:00,0,239.49,1
13571,13,12,2088.94,1757,157,2011-03-31 12:43:00,2011-11-27 10:47:00,240,174.07833333333335,0
13572,206,1,1384.25,534,32,2011-05-18 11:59:00,2011-05-18 11:59:00,0,1384.25,1
13573,50,2,290.25,302,24,2011-03-31 14:47:00,2011-10-20 14:33:00,202,145.125,1
13575,23,5,732.0699999999999,449,41,2011-06-16 14:24:00,2011-11-16 13:14:00,152,146.414,0
13576,10,18,6717.34,2646,78,2010-12-01 17:24:00,2011-11-29 15:34:00,362,373.18555555555554,0
13577,25,4,1687.6000000000001,791,61,2011-04-12 10:33:00,2011-11-14 15:19:00,216,421.90000000000003,0
13579,15,2,467.04,176,19,2010-12-05 16:10:00,2011-11-25 08:41:00,354,233.52,1
13581,309,1,118.0,30,10,2011-02-03 14:41:00,2011-02-03 14:41:00,0,118.0,1
13583,156,1,781.03,725,53,2011-07-07 10:40:00,2011-07-07 10:40:00,0,781.03,1
13584,307,1,142.4,37,24,2011-02-06 12:49:00,2011-02-06 12:49:00,0,142.4,1
13587,64,1,712.4,180,8,2011-10-07 12:31:00,2011-10-07 12:31:00,0,712.4,1
13588,16,9,2478.95,2606,131,2011-03-29 15:53:00,2011-11-24 10:42:00,239,275.43888888888887,0
13589,15,2,379.65,114,21,2011-06-13 12:44:00,2011-11-25 12:10:00,164,189.825,1
13590,11,6,1981.92,1848,70,2011-02-09 13:25:00,2011-11-28 12:54:00,291,330.32,0
13591,65,3,1117.13,485,56,2011-03-18 12:18:00,2011-10-06 12:26:00,202,372.3766666666667,0
13592,36,4,247.95999999999998,84,15,2011-03-20 14:01:00,2011-11-04 09:49:00,228,61.989999999999995,1
13593,108,5,2011.88,719,77,2011-01-07 16:32:00,2011-08-23 13:35:00,227,402.37600000000003,0
13594,53,1,396.97,359,26,2011-10-18 10:19:00,2011-10-18 10:19:00,0,396.97,1
13596,6,2,664.11,384,133,2011-11-27 11:57:00,2011-12-04 12:01:00,7,332.055,0
13598,47,1,160.04,52,33,2011-10-23 14:28:00,2011-10-23 14:28:00,0,160.04,1
13599,1,21,5149.92,3293,171,2010-12-08 10:11:00,2011-12-08 16:10:00,365,245.2342857142857,0
13600,312,1,219.52,324,19,2011-01-31 15:27:00,2011-01-31 15:27:00,0,219.52,1
13601,45,2,693.32,548,90,2011-05-12 16:52:00,2011-10-25 17:31:00,166,346.66,0
13602,65,1,428.89,267,23,2011-10-06 11:47:00,2011-10-06 11:47:00,0,428.89,1
13603,26,1,164.34,164,27,2011-11-13 15:57:00,2011-11-13 15:57:00,0,164.34,1
13606,29,3,276.75,276,40,2011-02-01 11:42:00,2011-11-10 17:46:00,282,92.25,1
13607,40,1,675.51,288,93,2011-10-30 16:17:00,2011-10-30 16:17:00,0,675.51,1
13610,12,7,1082.33,488,165,2011-02-27 14:44:00,2011-11-27 15:38:00,273,154.6185714285714,0
13611,89,3,1154.4,754,67,2010-12-15 10:31:00,2011-09-11 14:51:00,270,384.8,0
13614,24,4,1585.46,564,171,2011-01-13 12:37:00,2011-11-15 14:47:00,306,396.365,0
13615,319,1,417.69,189,23,2011-01-25 08:21:00,2011-01-25 08:21:00,0,417.69,1
13617,40,3,544.18,300,31,2011-06-12 12:55:00,2011-10-30 13:50:00,140,181.39333333333332,0
13618,174,1,177.34,246,13,2011-06-19 11:09:00,2011-06-19 11:09:00,0,177.34,1
13621,117,1,213.85,343,19,2011-08-15 08:26:00,2011-08-15 08:26:00,0,213.85,1
13623,31,5,727.74,286,75,2011-02-15 13:08:00,2011-11-09 12:00:00,266,145.548,0
13626,253,1,257.23,209,19,2011-04-01 10:05:00,2011-04-01 10:05:00,0,257.23,1
13627,59,5,1638.47,1269,84,2010-12-17 09:52:00,2011-10-11 14:20:00,298,327.694,0
13629,23,11,7792.36,4372,28,2011-01-05 12:09:00,2011-11-16 13:21:00,315,708.3963636363636,0
13630,5,7,2031.78,1391,51,2011-02-27 12:49:00,2011-12-04 15:16:00,280,290.2542857142857,0
13631,100,11,3070.42,467,6,2011-03-17 17:13:00,2011-09-01 09:57:00,167,279.1290909090909,0
13632,25,5,2118.93,1031,121,2011-04-10 15:07:00,2011-11-15 10:51:00,218,423.78599999999994,0
13634,33,5,1547.3600000000001,700,156,2011-01-16 15:30:00,2011-11-06 13:40:00,293,309.47200000000004,0
13635,68,1,1071.03,677,62,2011-10-03 10:55:00,2011-10-03 10:55:00,0,1071.03,1
13636,37,5,949.12,592,57,2011-02-27 14:29:00,2011-11-03 10:30:00,248,189.824,0
13637,52,3,804.3,405,79,2011-04-27 13:06:00,2011-10-18 13:32:00,174,268.09999999999997,0
13638,16,1,122.64,93,8,2011-11-24 10:38:00,2011-11-24 10:38:00,0,122.64,1
13639,74,1,1033.34,800,39,2011-09-26 13:36:00,2011-09-26 13:36:00,0,1033.34,1
13642,216,1,312.28,151,57,2011-05-08 12:34:00,2011-05-08 12:34:00,0,312.28,1
13643,31,3,519.44,273,24,2011-06-07 11:40:00,2011-11-08 15:37:00,154,173.14666666666668,1
13644,16,4,2624.26,2067,144,2011-08-26 11:53:00,2011-11-23 14:07:00,89,656.065,0
13645,120,1,252.1,158,5,2011-08-11 16:11:00,2011-08-11 16:11:00,0,252.1,1
13647,10,4,1648.1200000000001,887,65,2011-04-19 09:49:00,2011-11-30 12:00:00,225,412.03000000000003,0
13649,257,2,346.6,139,23,2010-12-08 14:46:00,2011-03-28 11:51:00,109,173.3,1
13650,17,6,1836.34,922,79,2011-03-17 12:37:00,2011-11-23 12:22:00,250,306.0566666666667,0
13651,35,2,94.2,33,6,2011-10-31 12:11:00,2011-11-04 14:59:00,4,47.1,1
13652,46,3,1095.08,578,48,2010-12-06 09:21:00,2011-10-25 08:51:00,322,365.02666666666664,0
13654,43,6,2707.33,2182,157,2011-03-11 12:54:00,2011-10-27 16:24:00,230,451.22166666666664,0
13655,114,2,932.97,605,52,2011-04-12 09:53:00,2011-08-17 14:25:00,127,466.485,0
13656,165,2,379.65,490,49,2011-01-06 15:42:00,2011-06-28 10:31:00,172,189.825,1
13657,11,2,382.14,209,16,2011-05-22 12:35:00,2011-11-29 12:32:00,190,191.07,1
13658,10,5,2639.17,1019,91,2011-05-19 17:15:00,2011-11-30 10:13:00,194,527.8340000000001,0
13659,206,2,1563.0,882,92,2011-01-23 12:08:00,2011-05-18 12:37:00,115,781.5,0
13662,86,3,881.26,533,50,2011-03-25 13:23:00,2011-09-15 12:04:00,173,293.75333333333333,0
13663,179,1,189.47,91,13,2011-06-13 15:44:00,2011-06-13 15:44:00,0,189.47,1
13666,60,3,84.65,41,12,2011-02-25 13:05:00,2011-10-10 15:39:00,227,28.21666666666667,1
13667,149,1,299.05,149,82,2011-07-13 15:42:00,2011-07-13 15:42:00,0,299.05,1
13668,3,21,6309.83,3722,284,2010-12-12 12:35:00,2011-12-07 12:11:00,359,300.46809523809526,0
13669,51,2,218.55,237,9,2011-07-13 11:44:00,2011-10-20 09:32:00,98,109.275,1
13670,75,1,349.7,282,25,2011-09-25 15:25:00,2011-09-25 15:25:00,0,349.7,1
13672,301,2,186.39000000000001,57,4,2011-01-11 13:54:00,2011-02-11 13:53:00,30,93.19500000000001,1
13673,19,2,387.44,114,47,2011-11-07 15:40:00,2011-11-21 12:11:00,13,193.72,1
13675,151,2,486.82000000000005,330,25,2011-02-28 12:14:00,2011-07-11 12:57:00,133,243.41000000000003,1
13678,152,1,232.6,924,16,2011-07-11 10:14:00,2011-07-11 10:14:00,0,232.6,1
13680,1,4,3719.12,1934,164,2011-01-04 14:12:00,2011-12-08 13:47:00,337,929.78,0
13681,18,4,827.83,360,37,2011-07-07 15:21:00,2011-11-22 11:13:00,137,206.9575,0
13682,187,1,59.5,10,3,2011-06-05 14:06:00,2011-06-05 14:06:00,0,59.5,1
13684,286,1,65.13,38,29,2011-02-27 10:13:00,2011-02-27 10:13:00,0,65.13,1
13685,3,7,3119.44,5056,29,2011-10-10 12:59:00,2011-12-07 11:41:00,57,445.63428571428574,0
13686,183,1,72.0,70,8,2011-06-10 09:10:00,2011-06-10 09:10:00,0,72.0,1
13689,63,1,910.0,512,6,2011-10-07 13:21:00,2011-10-07 13:21:00,0,910.0,1
13690,59,1,172.25,67,9,2011-10-11 15:03:00,2011-10-11 15:03:00,0,172.25,1
13692,25,3,1488.32,1226,48,2011-04-17 12:57:00,2011-11-15 11:17:00,211,496.1066666666666,0
13694,4,50,65039.62,63312,366,2010-12-01 12:12:00,2011-12-06 09:32:00,369,1300.7924,0
13695,31,15,2504.13,1603,46,2011-03-25 11:31:00,2011-11-08 14:26:00,228,166.942,0
13697,39,1,151.29999999999998,177,12,2011-11-01 09:14:00,2011-11-01 09:14:00,0,151.29999999999998,1
13699,155,1,308.58000000000004,66,14,2011-07-07 16:51:00,2011-07-07 16:51:00,0,308.58000000000004,1
13700,26,10,2248.63,2281,139,2011-01-16 13:18:00,2011-11-13 13:00:00,300,224.863,0
13703,318,1,99.5,10,1,2011-01-25 13:10:00,2011-01-25 13:10:00,0,99.5,1
13704,5,9,2308.06,1531,111,2011-09-12 14:40:00,2011-12-04 15:13:00,83,256.4511111111111,0
13705,8,3,711.86,363,25,2010-12-01 10:29:00,2011-12-02 12:32:00,366,237.28666666666666,0
13706,303,1,330.79,189,20,2011-02-10 09:21:00,2011-02-10 09:21:00,0,330.79,1
13707,267,2,806.41,351,48,2011-01-28 13:27:00,2011-03-17 18:03:00,48,403.205,1
13708,271,1,285.33,301,49,2011-03-13 13:46:00,2011-03-13 13:46:00,0,285.33,1
13709,4,13,6307.650000000001,3508,244,2011-01-28 14:57:00,2011-12-06 10:28:00,311,485.2038461538462,0
13710,32,1,180.48,176,8,2011-11-08 08:16:00,2011-11-08 08:16:00,0,180.48,1
13711,219,2,252.06,140,11,2011-05-05 10:29:00,2011-05-05 10:31:00,0,126.03,1
13712,247,1,228.84,352,10,2011-04-07 12:33:00,2011-04-07 12:33:00,0,228.84,1
13715,281,5,1077.39,562,89,2010-12-02 08:52:00,2011-03-03 19:21:00,91,215.478,0
13716,269,1,138.28,138,21,2011-03-15 13:49:00,2011-03-15 13:49:00,0,138.28,1
13717,32,6,1445.01,1959,92,2011-02-14 13:21:00,2011-11-07 14:13:00,266,240.835,0
13718,246,2,306.55,173,9,2011-02-17 11:58:00,2011-04-07 13:24:00,49,153.275,1
13719,15,5,1041.68,609,56,2011-04-19 13:56:00,2011-11-24 15:26:00,219,208.336,0
13720,117,4,799.9,501,42,2011-03-30 09:17:00,2011-08-15 12:46:00,138,199.975,0
13721,36,1,524.14,316,28,2011-11-03 14:05:00,2011-11-03 14:05:00,0,524.14,1
13722,132,3,2375.41,1401,75,2011-03-02 11:43:00,2011-07-31 12:44:00,151,791.8033333333333,0
13723,217,1,199.85000000000002,43,6,2011-05-06 17:04:00,2011-05-06 17:04:00,0,199.85000000000002,1
13725,50,8,1980.56,806,95,2011-02-04 12:18:00,2011-10-21 10:03:00,258,247.57,0
13726,39,2,1079.6599999999999,1054,39,2011-08-31 11:06:00,2011-11-01 10:49:00,61,539.8299999999999,0
13727,29,2,333.48,162,19,2011-11-06 12:16:00,2011-11-11 09:46:00,4,166.74,1
13728,37,6,1016.14,458,38,2011-02-02 12:09:00,2011-11-03 10:49:00,273,169.35666666666665,0
13730,136,2,752.6,488,38,2011-07-01 12:47:00,2011-07-27 08:35:00,25,376.3,1
13731,219,2,610.59,278,36,2011-04-07 10:10:00,2011-05-04 14:33:00,27,305.295,1
13732,28,1,491.86,498,33,2011-11-11 15:49:00,2011-11-11 15:49:00,0,491.86,1
13735,25,4,2883.54,1128,158,2011-04-19 13:49:00,2011-11-15 11:14:00,209,720.885,0
13736,5,2,729.8,496,166,2011-03-24 13:04:00,2011-12-04 15:19:00,255,364.9,0
13737,200,1,339.59999999999997,125,29,2011-05-23 16:32:00,2011-05-23 16:32:00,0,339.59999999999997,1
13739,18,1,216.9,54,3,2011-11-21 13:35:00,2011-11-21 13:35:00,0,216.9,1
13740,241,1,350.75,425,23,2011-04-13 10:32:00,2011-04-13 10:32:00,0,350.75,1
13741,72,3,668.4300000000001,218,34,2011-05-06 13:43:00,2011-09-29 09:19:00,145,222.81000000000003,1
13742,17,12,3107.87,1115,200,2011-01-23 14:59:00,2011-11-23 11:07:00,303,258.9891666666667,0
13743,3,7,1341.6,1776,8,2011-03-25 14:46:00,2011-12-07 10:09:00,256,191.65714285714284,0
13744,95,2,1080.52,1153,54,2011-02-20 14:08:00,2011-09-05 15:19:00,197,540.26,0
13745,162,1,300.04,496,25,2011-06-30 16:43:00,2011-06-30 16:43:00,0,300.04,1
13747,374,1,79.6,8,1,2010-12-01 10:37:00,2010-12-01 10:37:00,0,79.6,1
13748,96,5,948.25,439,24,2010-12-01 09:00:00,2011-09-05 09:45:00,278,189.65,0
13750,54,5,1647.26,516,20,2011-01-07 11:49:00,2011-10-17 12:16:00,283,329.452,0
13751,288,1,296.25,152,9,2011-02-24 15:56:00,2011-02-24 15:56:00,0,296.25,1
13752,124,6,1175.38,874,64,2011-04-07 12:04:00,2011-08-07 14:16:00,122,195.89666666666668,0
13753,288,1,741.26,512,35,2011-02-25 12:48:00,2011-02-25 12:48:00,0,741.26,1
13754,152,2,282.59999999999997,214,11,2011-01-26 14:58:00,2011-07-11 11:51:00,165,141.29999999999998,1
13755,4,9,2108.06,1242,232,2011-10-07 15:45:00,2011-12-06 12:26:00,59,234.2288888888889,0
13756,2,14,5189.52,3188,66,2010-12-07 11:41:00,2011-12-07 16:44:00,365,370.68,0
13758,12,7,3190.55,1844,104,2010-12-01 12:08:00,2011-11-28 11:11:00,361,455.79285714285714,0
13759,33,2,659.4100000000001,287,24,2011-09-29 15:40:00,2011-11-06 14:47:00,37,329.70500000000004,1
13760,54,2,286.79,197,50,2011-03-28 12:52:00,2011-10-16 16:13:00,202,143.395,1
13761,50,2,1070.65,642,68,2011-06-13 08:43:00,2011-10-20 14:01:00,129,535.325,0
13762,219,1,306.72,272,7,2011-05-05 09:15:00,2011-05-05 09:15:00,0,306.72,1
13763,63,1,1714.96,728,15,2011-10-07 15:13:00,2011-10-07 15:13:00,0,1714.96,1
13764,71,3,1519.42,926,183,2011-01-06 14:53:00,2011-09-30 12:03:00,266,506.47333333333336,0
13767,2,37,17220.36,7322,55,2010-12-01 10:47:00,2011-12-07 15:00:00,371,465.41513513513513,0
13769,2,10,2796.51,1163,73,2010-12-07 13:28:00,2011-12-07 15:08:00,365,279.651,0
13771,64,4,2634.45,1477,114,2011-04-06 15:47:00,2011-10-06 14:18:00,182,658.6125,0
13772,34,3,1122.63,540,141,2011-04-14 12:31:00,2011-11-06 11:43:00,205,374.21000000000004,0
13774,82,1,345.0,192,22,2011-09-19 12:06:00,2011-09-19 12:06:00,0,345.0,1
13777,1,33,25977.16,12897,36,2010-12-01 16:01:00,2011-12-09 12:25:00,372,787.1866666666666,0
13778,103,1,178.7,70,9,2011-08-28 15:25:00,2011-08-28 15:25:00,0,178.7,1
13780,7,2,360.01,318,56,2011-06-22 11:43:00,2011-12-02 13:49:00,163,180.005,0
13781,251,1,127.84,30,17,2011-04-03 12:08:00,2011-04-03 12:08:00,0,127.84,1
13782,13,6,908.86,369,96,2011-01-16 11:08:00,2011-11-27 11:54:00,315,151.47666666666666,0
13784,10,11,2462.79,2493,9,2011-01-11 14:38:00,2011-11-30 09:33:00,322,223.89,0
13786,367,1,230.39999999999998,136,7,2010-12-07 13:53:00,2010-12-07 13:53:00,0,230.39999999999998,1
13787,76,2,309.04,337,24,2010-12-10 14:45:00,2011-09-25 12:06:00,288,154.52,1
13790,4,1,348.8,748,45,2011-12-05 15:48:00,2011-12-05 15:48:00,0,348.8,1
13791,128,2,1516.0,1200,7,2011-06-24 16:38:00,2011-08-04 11:44:00,40,758.0,0
13792,66,2,195.55,92,13,2011-02-25 14:03:00,2011-10-04 14:31:00,221,97.775,1
13798,1,57,37153.85,23948,113,2010-12-02 17:24:00,2011-12-08 15:51:00,370,651.8219298245614,0
13799,117,2,688.86,402,32,2011-02-18 14:18:00,2011-08-15 12:07:00,177,344.43,0
13800,310,1,558.32,331,33,2011-02-03 12:27:00,2011-02-03 12:27:00,0,558.32,1
13801,67,1,324.8,168,23,2011-10-04 10:15:00,2011-10-04 10:15:00,0,324.8,1
13802,139,3,4599.42,2572,55,2011-02-01 12:03:00,2011-07-24 10:54:00,172,1533.14,0
13803,255,1,277.07,121,17,2011-03-29 12:57:00,2011-03-29 12:57:00,0,277.07,1
13804,31,7,2588.39,1462,124,2011-02-23 09:09:00,2011-11-09 12:32:00,259,369.77,0
13805,52,2,924.6,1900,10,2011-08-02 15:29:00,2011-10-18 14:50:00,76,462.3,0
13806,64,1,256.38,56,10,2011-10-07 11:43:00,2011-10-07 11:43:00,0,256.38,1
13807,367,1,112.6,36,7,2010-12-07 15:48:00,2010-12-07 15:48:00,0,112.6,1
13808,6,5,1747.66,782,70,2011-09-04 12:07:00,2011-12-04 12:18:00,91,349.53200000000004,0
13809,305,1,155.05,29,11,2011-02-07 13:15:00,2011-02-07 13:15:00,0,155.05,1
13810,29,3,1499.01,312,32,2011-10-14 12:57:00,2011-11-11 08:33:00,27,499.67,0
13811,184,3,814.5,68,7,2011-04-14 18:40:00,2011-06-09 09:54:00,55,271.5,1
13812,42,3,539.0,333,33,2011-08-26 12:54:00,2011-10-28 14:27:00,63,179.66666666666666,1
13813,40,4,1366.8600000000001,552,54,2011-07-28 10:33:00,2011-10-31 10:38:00,95,341.71500000000003,0
13814,92,2,1579.12,864,37,2011-07-25 13:54:00,2011-09-08 13:48:00,44,789.56,0
13815,22,4,4027.36,2560,132,2011-01-25 12:16:00,2011-11-17 14:19:00,296,1006.84,0
13816,24,2,571.6700000000001,269,25,2011-10-06 14:37:00,2011-11-16 08:38:00,40,285.83500000000004,1
13817,29,2,382.98,211,20,2010-12-23 11:46:00,2011-11-10 17:49:00,322,191.49,1
13819,302,3,1140.35,1109,26,2011-01-24 10:38:00,2011-02-11 10:38:00,18,380.1166666666666,0
13821,145,2,385.64,153,51,2011-03-23 11:30:00,2011-07-18 09:49:00,116,192.82,1
13822,6,2,632.0,611,90,2011-10-30 15:55:00,2011-12-04 12:13:00,34,316.0,0
13823,19,2,957.66,439,39,2011-09-09 10:42:00,2011-11-21 10:22:00,72,478.83,0
13824,33,5,1698.94,768,34,2011-02-02 13:07:00,2011-11-07 12:41:00,277,339.788,0
13826,176,1,189.5,82,10,2011-06-16 13:48:00,2011-06-16 13:48:00,0,189.5,1
13827,58,3,409.8,138,83,2011-07-19 15:38:00,2011-10-13 12:38:00,85,136.6,1
13828,22,1,209.49,311,15,2011-11-17 16:02:00,2011-11-17 16:02:00,0,209.49,1
13831,16,6,2198.45,743,58,2010-12-05 12:13:00,2011-11-23 15:41:00,353,366.4083333333333,0
13832,19,1,52.199999999999996,28,3,2011-11-20 15:36:00,2011-11-20 15:36:00,0,52.199999999999996,1
13833,159,1,383.85,117,28,2011-07-03 13:27:00,2011-07-03 13:27:00,0,383.85,1
13835,25,4,834.57,442,48,2011-05-08 15:22:00,2011-11-14 15:37:00,190,208.6425,0
13837,212,2,266.59000000000003,182,17,2011-01-26 12:15:00,2011-05-12 12:10:00,105,133.29500000000002,1
13838,6,4,674.82,254,144,2010-12-05 10:45:00,2011-12-04 11:00:00,364,168.705,0
13841,253,1,85.0,100,1,2011-04-01 12:10:00,2011-04-01 12:10:00,0,85.0,1
13842,59,9,3385.62,1768,155,2010-12-08 10:39:00,2011-10-12 10:51:00,308,376.18,0
13844,11,1,361.62,196,20,2011-11-28 13:21:00,2011-11-28 13:21:00,0,361.62,1
13845,65,1,312.98,182,9,2011-10-06 08:25:00,2011-10-06 08:25:00,0,312.98,1
13846,25,3,865.0600000000001,388,55,2010-12-14 16:07:00,2011-11-15 12:07:00,335,288.35333333333335,0
13848,92,3,1255.0,3700,3,2010-12-08 15:10:00,2011-09-08 12:58:00,273,418.3333333333333,0
13849,52,2,1537.95,1016,97,2011-06-22 10:11:00,2011-10-19 10:59:00,119,768.975,0
13850,129,1,1595.48,944,93,2011-08-02 14:04:00,2011-08-02 14:04:00,0,1595.48,0
13851,96,3,2651.46,1705,77,2011-02-24 17:18:00,2011-09-05 12:36:00,192,883.82,0
13853,57,1,1090.14,312,23,2011-10-13 14:18:00,2011-10-13 14:18:00,0,1090.14,1
13854,9,25,8109.5199999999995,2296,39,2010-12-09 10:48:00,2011-12-01 09:06:00,356,324.38079999999997,0
13856,169,3,388.5,494,10,2011-05-20 13:13:00,2011-06-24 10:03:00,34,129.5,1
13858,57,1,216.17,75,11,2011-10-13 16:17:00,2011-10-13 16:17:00,0,216.17,1
13859,326,1,201.16,129,27,2011-01-17 16:14:00,2011-01-17 16:14:00,0,201.16,1
13860,1,5,1245.9,591,58,2011-09-14 09:27:00,2011-12-08 12:57:00,85,249.18,0
13862,18,8,2209.36,1688,97,2011-01-11 15:13:00,2011-11-21 16:24:00,314,276.17,0
13863,248,1,305.78,224,20,2011-04-06 10:20:00,2011-04-06 10:20:00,0,305.78,1
13865,58,4,501.56,204,26,2011-02-23 12:04:00,2011-10-12 13:31:00,231,125.39,1
13866,74,1,145.67000000000002,57,7,2011-09-26 14:54:00,2011-09-26 14:54:00,0,145.67000000000002,1
13867,31,3,1005.09,501,51,2011-05-05 17:28:00,2011-11-08 15:48:00,186,335.03000000000003,0
13868,7,2,3192.54,1964,32,2011-11-01 12:45:00,2011-12-02 16:32:00,31,1596.27,0
13869,123,4,3083.65,1709,234,2010-12-17 15:14:00,2011-08-08 13:53:00,233,770.9125,0
13870,2,8,2770.94,1325,91,2011-02-25 09:09:00,2011-12-07 13:23:00,285,346.3675,0
13871,23,13,6403.25,2806,155,2011-02-04 09:30:00,2011-11-17 10:49:00,286,492.5576923076923,0
13873,120,3,389.6,140,21,2011-02-03 09:37:00,2011-08-12 10:08:00,190,129.86666666666667,1
13874,358,1,540.45,180,18,2010-12-16 18:20:00,2010-12-16 18:20:00,0,540.45,1
13875,54,5,1786.79,1316,79,2011-02-11 15:39:00,2011-10-17 09:36:00,247,357.358,0
13876,64,1,122.7,36,7,2011-10-07 10:22:00,2011-10-07 10:22:00,0,122.7,1
13877,86,1,117.24,108,3,2011-09-14 15:49:00,2011-09-14 15:49:00,0,117.24,1
13878,55,1,1271.57,463,35,2011-10-16 12:19:00,2011-10-16 12:19:00,0,1271.57,1
13880,21,13,3219.77,1842,125,2010-12-07 14:00:00,2011-11-18 13:44:00,345,247.67461538461538,0
13881,4,20,17159.52,10118,72,2011-02-01 10:14:00,2011-12-06 12:50:00,308,857.976,0
13882,3,5,1191.13,953,54,2011-10-06 15:28:00,2011-12-07 11:16:00,61,238.22600000000003,0
13883,11,5,2674.48,1436,108,2011-03-31 17:17:00,2011-11-29 10:45:00,242,534.896,0
13884,7,5,787.6,300,45,2011-03-01 13:40:00,2011-12-02 16:30:00,276,157.52,0
13885,189,2,506.8,182,28,2011-05-23 08:52:00,2011-06-03 15:07:00,11,253.4,1
13886,71,1,243.56,126,16,2011-09-29 13:17:00,2011-09-29 13:17:00,0,243.56,1
13887,204,1,349.55,147,19,2011-05-19 17:22:00,2011-05-19 17:22:00,0,349.55,1
13888,120,2,595.67,254,38,2011-05-05 14:41:00,2011-08-12 10:13:00,98,297.835,1
13889,93,1,416.90000000000003,146,15,2011-09-08 09:13:00,2011-09-08 09:13:00,0,416.90000000000003,1
13890,1,10,1883.8100000000002,831,74,2010-12-16 09:31:00,2011-12-08 15:36:00,357,188.38100000000003,0
13892,27,4,632.97,983,26,2011-04-07 12:04:00,2011-11-13 11:50:00,219,158.2425,0
13893,298,1,821.1,190,21,2011-02-15 11:30:00,2011-02-15 11:30:00,0,821.1,1
13894,24,3,564.62,354,25,2011-02-02 12:54:00,2011-11-16 09:44:00,286,188.20666666666668,0
13895,28,4,2593.07,1365,97,2011-06-28 10:17:00,2011-11-11 16:57:00,136,648.2675,0
13897,50,1,311.16,200,17,2011-10-20 14:30:00,2011-10-20 14:30:00,0,311.16,1
13898,326,1,155.93,133,12,2011-01-18 10:28:00,2011-01-18 10:28:00,0,155.93,1
13899,16,2,388.52,156,19,2011-03-10 09:30:00,2011-11-23 13:40:00,258,194.26,1
13900,183,3,740.95,430,42,2011-03-22 10:13:00,2011-06-09 19:26:00,79,246.98333333333335,1
13901,72,5,2867.2,1739,144,2011-01-25 09:01:00,2011-09-28 14:48:00,246,573.4399999999999,0
13904,37,2,332.64,332,24,2011-02-18 11:18:00,2011-11-02 13:41:00,257,166.32,1
13908,80,4,2369.55,1478,104,2011-03-08 12:04:00,2011-09-21 11:49:00,196,592.3875,0
13911,57,9,2580.91,2731,120,2011-02-04 14:46:00,2011-10-13 15:43:00,251,286.7677777777778,0
13914,12,2,626.45,380,28,2011-11-03 16:28:00,2011-11-28 10:35:00,24,313.225,0
13917,50,2,272.04,228,16,2011-06-01 12:46:00,2011-10-21 09:56:00,141,136.02,1
13918,50,2,1212.8400000000001,1140,30,2011-03-31 18:05:00,2011-10-21 12:25:00,203,606.4200000000001,0
13919,59,2,384.81,474,24,2011-08-10 10:15:00,2011-10-11 14:24:00,62,192.405,1
13922,352,1,172.25,93,7,2010-12-23 10:38:00,2010-12-23 10:38:00,0,172.25,1
13923,54,1,351.13,185,20,2011-10-17 12:33:00,2011-10-17 12:33:00,0,351.13,1
13924,2,6,1838.8500000000001,1575,90,2011-09-28 15:07:00,2011-12-08 09:39:00,70,306.475,0
13925,93,4,678.25,331,28,2011-07-28 12:09:00,2011-09-08 12:47:00,42,169.5625,1
13926,23,1,223.85000000000002,104,11,2011-11-16 13:16:00,2011-11-16 13:16:00,0,223.85000000000002,1
13927,75,1,348.99,214,21,2011-09-26 12:00:00,2011-09-26 12:00:00,0,348.99,1
13928,11,4,464.57,129,23,2011-07-29 15:59:00,2011-11-29 10:33:00,122,116.1425,1
13929,169,2,842.65,143,8,2011-01-17 15:11:00,2011-06-23 15:26:00,157,421.325,1
13930,58,2,337.34,274,15,2011-07-26 11:00:00,2011-10-13 09:45:00,78,168.67,1
13931,96,2,1237.53,725,56,2011-03-04 08:43:00,2011-09-05 10:12:00,185,618.765,0
13932,295,1,307.4,72,16,2011-02-18 12:02:00,2011-02-18 12:02:00,0,307.4,1
13933,109,2,608.7900000000001,205,23,2011-07-14 13:35:00,2011-08-22 14:03:00,39,304.39500000000004,1
13934,264,1,922.1,390,31,2011-03-21 08:39:00,2011-03-21 08:39:00,0,922.1,1
13936,180,1,376.58,330,26,2011-06-13 08:47:00,2011-06-13 08:47:00,0,376.58,1
13937,169,1,158.85,123,9,2011-06-23 16:35:00,2011-06-23 16:35:00,0,158.85,1
13938,35,1,71.66,70,7,2011-11-04 14:37:00,2011-11-04 14:37:00,0,71.66,1
13939,23,3,568.55,847,43,2011-02-01 11:30:00,2011-11-16 13:33:00,288,189.51666666666665,0
13940,17,4,839.14,516,39,2011-07-18 16:05:00,2011-11-22 15:15:00,126,209.785,0
13941,22,5,5112.96,2364,24,2010-12-02 10:17:00,2011-11-18 09:43:00,350,1022.592,0
13946,79,3,561.5699999999999,443,11,2011-03-17 10:02:00,2011-09-21 13:33:00,188,187.18999999999997,1
13947,65,1,90.6,44,5,2011-10-05 14:42:00,2011-10-05 14:42:00,0,90.6,1
13948,361,1,102.0,40,3,2010-12-14 10:18:00,2010-12-14 10:18:00,0,102.0,1
13949,3,6,2427.32,2474,124,2011-09-06 11:55:00,2011-12-07 09:35:00,91,404.55333333333334,0
13950,11,4,745.06,323,33,2011-04-07 11:29:00,2011-11-28 14:44:00,235,186.265,0
13951,176,3,674.45,459,38,2011-02-18 15:21:00,2011-06-16 16:43:00,118,224.8166666666667,1
13952,218,2,3251.071,1431,120,2011-04-15 09:27:00,2011-05-06 09:00:00,20,1625.5355,0
13953,7,7,3515.68,2724,8,2010-12-22 10:29:00,2011-12-02 16:04:00,345,502.23999999999995,0
13954,2,2,439.92,150,24,2011-09-30 10:52:00,2011-12-08 12:50:00,69,219.96,0
13955,154,2,322.96,154,33,2011-02-07 12:24:00,2011-07-08 17:19:00,151,161.48,1
13956,5,5,1019.27,486,123,2011-03-13 12:51:00,2011-12-04 13:20:00,266,203.85399999999998,0
13959,79,3,594.04,355,79,2010-12-12 13:56:00,2011-09-21 15:06:00,283,198.01333333333332,0
13960,21,2,230.22,142,11,2011-09-29 12:39:00,2011-11-18 15:27:00,50,115.11,1
13962,22,2,169.55,87,11,2011-04-08 11:21:00,2011-11-18 08:47:00,223,84.775,1
13963,308,4,664.54,460,35,2010-12-07 09:21:00,2011-02-04 14:43:00,59,166.135,1
13967,146,1,80.7,42,2,2011-07-17 12:02:00,2011-07-17 12:02:00,0,80.7,1
13969,7,18,9024.17,4528,334,2010-12-09 19:32:00,2011-12-02 15:11:00,357,501.34277777777777,0
13971,19,8,2758.26,1844,118,2011-02-27 12:27:00,2011-11-21 12:06:00,266,344.7825,0
13972,71,2,190.25,187,15,2011-05-22 11:34:00,2011-09-30 11:54:00,131,95.125,1
13973,287,1,264.7,109,11,2011-02-25 15:21:00,2011-02-25 15:21:00,0,264.7,1
13974,49,1,413.59000000000003,249,28,2011-10-21 14:41:00,2011-10-21 14:41:00,0,413.59000000000003,1
13975,31,6,2461.2400000000002,1697,240,2011-03-08 12:19:00,2011-11-08 13:19:00,245,410.2066666666667,0
13976,207,1,357.98,154,10,2011-05-17 09:13:00,2011-05-17 09:13:00,0,357.98,1
13978,15,2,196.79000000000002,315,14,2011-10-25 15:04:00,2011-11-25 11:36:00,30,98.39500000000001,1
13979,73,1,869.87,639,54,2011-09-27 13:32:00,2011-09-27 13:32:00,0,869.87,1
13980,60,1,200.14,172,11,2011-10-10 13:34:00,2011-10-10 13:34:00,0,200.14,1
13982,39,4,1871.81,1136,72,2010-12-09 13:57:00,2011-10-31 16:24:00,326,467.9525,0
13983,30,12,2603.43,1183,91,2010-12-08 10:38:00,2011-11-10 11:06:00,337,216.9525,0
13984,27,5,920.51,679,14,2010-12-08 15:58:00,2011-11-13 12:38:00,339,184.102,0
13985,4,15,7060.13,3445,108,2011-03-20 13:48:00,2011-12-05 17:06:00,260,470.67533333333336,0
13986,17,1,320.46,430,12,2011-11-22 15:00:00,2011-11-22 15:00:00,0,320.46,1
13988,20,6,4147.96,3044,188,2011-03-30 11:48:00,2011-11-20 10:15:00,234,691.3266666666667,0
13989,66,2,1266.08,1313,33,2011-04-14 15:39:00,2011-10-05 09:47:00,173,633.04,0
13990,213,1,311.3,190,16,2011-05-10 15:19:00,2011-05-10 15:19:00,0,311.3,1
13991,12,6,852.88,995,58,2011-07-19 12:58:00,2011-11-27 16:18:00,131,142.14666666666668,0
13992,30,1,76.8,64,5,2011-11-09 15:23:00,2011-11-09 15:23:00,0,76.8,1
13993,43,9,3466.36,900,66,2011-01-13 10:43:00,2011-10-28 09:06:00,287,385.1511111111111,0
13994,4,6,2274.14,932,122,2011-07-14 18:28:00,2011-12-06 11:05:00,144,379.0233333333333,0
13995,15,5,1393.69,879,55,2011-04-08 08:20:00,2011-11-24 14:22:00,230,278.738,0
13999,10,12,3901.81,2243,102,2010-12-13 11:23:00,2011-11-29 13:40:00,351,325.1508333333333,0
14000,211,1,635.66,710,15,2011-05-12 16:50:00,2011-05-12 16:50:00,0,635.66,1
14001,46,3,2043.0800000000002,962,34,2010-12-01 12:58:00,2011-10-25 10:31:00,327,681.0266666666668,0
14002,134,2,529.73,877,47,2011-07-06 14:59:00,2011-07-28 15:55:00,22,264.865,1
14004,43,7,4582.64,2668,102,2011-02-24 09:28:00,2011-10-27 14:40:00,245,654.6628571428572,0
14005,10,5,2874.72,2478,53,2011-05-08 10:33:00,2011-11-30 12:41:00,206,574.944,0
14006,116,3,962.19,641,22,2011-01-31 15:11:00,2011-08-16 09:39:00,196,320.73,0
14009,198,2,695.61,365,42,2011-05-18 13:00:00,2011-05-25 15:47:00,7,347.805,1
14012,278,1,328.8,160,11,2011-03-07 12:26:00,2011-03-07 12:26:00,0,328.8,1
14013,110,3,473.02,462,30,2011-03-09 08:59:00,2011-08-21 15:01:00,165,157.67333333333332,1
14014,77,1,505.18,1076,39,2011-09-23 13:18:00,2011-09-23 13:18:00,0,505.18,1
14015,53,1,917.34,378,20,2011-10-18 10:02:00,2011-10-18 10:02:00,0,917.34,1
14016,162,4,4341.21,2125,154,2010-12-17 14:21:00,2011-07-01 11:29:00,195,1085.3025,0
14019,47,3,1421.61,1037,37,2011-07-24 15:39:00,2011-10-24 10:13:00,91,473.86999999999995,0
14020,17,2,642.8,441,37,2011-09-12 15:32:00,2011-11-23 09:22:00,71,321.4,0
14021,155,3,631.9,192,22,2011-03-28 15:10:00,2011-07-07 15:46:00,101,210.63333333333333,1
14022,225,1,440.0,487,28,2011-04-28 14:39:00,2011-04-28 14:39:00,0,440.0,1
14023,7,2,584.07,345,30,2011-04-03 15:50:00,2011-12-02 13:58:00,242,292.035,0
14024,122,2,327.7,150,16,2011-08-07 13:31:00,2011-08-10 11:30:00,2,163.85,1
14027,61,1,104.82,62,6,2011-10-10 09:01:00,2011-10-10 09:01:00,0,104.82,1
14029,63,2,467.66,198,15,2011-07-18 16:57:00,2011-10-07 14:46:00,80,233.83,1
14030,18,8,2358.84,1478,210,2010-12-08 16:11:00,2011-11-21 16:48:00,348,294.855,0
14031,7,19,17286.86,5788,119,2010-12-02 16:34:00,2011-12-02 17:13:00,365,909.8347368421053,0
14032,2,11,2975.59,2032,53,2010-12-08 10:53:00,2011-12-07 15:23:00,364,270.5081818181818,0
14034,22,3,648.89,420,82,2011-07-05 13:06:00,2011-11-17 14:02:00,135,216.29666666666665,0
14035,29,5,1428.02,739,41,2011-02-15 12:48:00,2011-11-11 10:03:00,268,285.604,0
14036,285,1,626.65,268,38,2011-02-28 09:26:00,2011-02-28 09:26:00,0,626.65,1
14037,176,2,147.20000000000002,46,27,2010-12-10 11:39:00,2011-06-16 13:57:00,188,73.60000000000001,1
14038,78,3,1560.38,965,64,2011-05-16 14:05:00,2011-09-22 13:37:00,128,520.1266666666667,0
14039,33,1,152.2,92,6,2011-11-06 13:48:00,2011-11-06 13:48:00,0,152.2,1
14040,41,12,3560.32,1544,146,2011-01-12 14:57:00,2011-10-30 12:42:00,290,296.6933333333333,0
14041,266,1,141.41,94,21,2011-03-18 13:25:00,2011-03-18 13:25:00,0,141.41,1
14044,27,4,646.42,304,165,2011-02-03 11:39:00,2011-11-13 12:05:00,283,161.605,0
14045,109,4,1659.75,535,4,2010-12-01 11:32:00,2011-08-22 15:27:00,264,414.9375,0
14046,284,1,154.99,460,14,2011-02-28 14:48:00,2011-02-28 14:48:00,0,154.99,1
14047,9,5,1308.6100000000001,381,22,2010-12-02 10:09:00,2011-12-01 11:43:00,364,261.72200000000004,0
14048,305,1,409.93,288,83,2011-02-07 14:53:00,2011-02-07 14:53:00,0,409.93,1
14049,17,4,5578.72,3808,348,2011-01-26 11:27:00,2011-11-23 12:20:00,301,1394.68,0
14050,32,2,746.36,689,49,2011-08-25 13:46:00,2011-11-08 10:00:00,74,373.18,0
14051,1,23,15610.390000000001,3756,52,2010-12-08 12:49:00,2011-12-09 10:20:00,365,678.7126086956522,0
14052,20,1,225.36,89,56,2011-11-20 12:30:00,2011-11-20 12:30:00,0,225.36,1
14053,124,2,260.25,215,2,2011-07-03 12:21:00,2011-08-07 14:27:00,35,130.125,1
14054,65,1,92.46,62,6,2011-10-05 15:49:00,2011-10-05 15:49:00,0,92.46,1
14055,106,1,725.6400000000001,216,10,2011-08-25 15:04:00,2011-08-25 15:04:00,0,725.6400000000001,1
14056,1,23,8152.71,4252,320,2011-02-28 15:19:00,2011-12-08 13:36:00,282,354.46565217391304,0
14057,24,17,6211.66,4873,179,2010-12-14 12:11:00,2011-11-16 10:32:00,336,365.39176470588234,0
14059,267,1,183.6,128,8,2011-03-18 10:06:00,2011-03-18 10:06:00,0,183.6,1
14060,5,19,6140.42,5386,86,2010-12-02 12:11:00,2011-12-05 12:29:00,368,323.18,0
14062,10,12,10464.85,5593,60,2010-12-10 15:56:00,2011-11-30 10:04:00,354,872.0708333333333,0
14064,29,5,1334.34,1772,59,2011-03-10 12:59:00,2011-11-10 13:14:00,245,266.868,0
14066,267,1,152.55,45,7,2011-03-18 12:21:00,2011-03-18 12:21:00,0,152.55,1
14067,64,2,374.7,361,51,2011-09-04 12:00:00,2011-10-07 10:21:00,32,187.35,1
14068,320,1,265.85,73,22,2011-01-23 16:02:00,2011-01-23 16:02:00,0,265.85,1
14071,4,8,1437.57,994,271,2011-03-20 11:33:00,2011-12-06 12:27:00,261,179.69625,0
14073,32,1,151.04,130,13,2011-11-07 15:49:00,2011-11-07 15:49:00,0,151.04,1
14075,5,3,942.26,754,33,2011-03-23 16:35:00,2011-12-05 08:38:00,256,314.08666666666664,0
14076,129,1,118.67,79,43,2011-08-02 15:19:00,2011-08-02 15:19:00,0,118.67,1
14077,41,5,499.41999999999996,268,33,2011-03-10 15:52:00,2011-10-30 12:35:00,233,99.88399999999999,0
14078,102,6,1049.37,310,46,2010-12-01 12:54:00,2011-08-30 12:16:00,271,174.89499999999998,0
14079,125,1,375.1,301,12,2011-08-07 12:10:00,2011-08-07 12:10:00,0,375.1,1
14080,33,1,45.599999999999994,48,4,2011-11-07 11:09:00,2011-11-07 11:09:00,0,45.599999999999994,1
14081,302,2,921.62,592,126,2010-12-05 15:47:00,2011-02-10 16:17:00,67,460.81,0
14082,365,1,182.25,110,28,2010-12-10 11:02:00,2010-12-10 11:02:00,0,182.25,1
14083,4,9,1002.9,705,162,2010-12-03 12:24:00,2011-12-05 13:14:00,367,111.43333333333334,0
14085,2,18,4421.29,3177,272,2010-12-06 12:39:00,2011-12-07 13:46:00,366,245.62722222222223,0
14087,3,1,191.47,250,61,2011-12-07 12:41:00,2011-12-07 12:41:00,0,191.47,1
14088,10,13,50491.81,12665,379,2011-01-21 13:07:00,2011-11-29 16:16:00,312,3883.9853846153846,0
14089,57,1,158.75,133,13,2011-10-14 10:38:00,2011-10-14 10:38:00,0,158.75,1
14090,325,1,76.32000000000001,72,1,2011-01-19 10:51:00,2011-01-19 10:51:00,0,76.32000000000001,1
14092,8,14,4076.91,2066,117,2010-12-16 15:47:00,2011-12-02 12:13:00,350,291.2078571428571,0
14093,12,1,433.86,391,95,2011-11-27 16:27:00,2011-11-27 16:27:00,0,433.86,1
14096,4,17,65164.79,16352,1119,2011-08-30 10:49:00,2011-12-05 17:17:00,97,3833.2229411764706,0
14098,37,1,147.35,104,21,2011-11-03 10:13:00,2011-11-03 10:13:00,0,147.35,1
14099,16,11,3104.17,2179,167,2010-12-20 11:14:00,2011-11-23 13:53:00,338,282.1972727272727,0
14100,138,1,191.95000000000002,63,24,2011-07-25 11:01:00,2011-07-25 11:01:00,0,191.95000000000002,1
14101,74,6,5976.79,6942,15,2011-01-17 13:09:00,2011-09-27 12:28:00,252,996.1316666666667,0
14102,5,5,1105.8799999999999,769,35,2011-10-26 12:46:00,2011-12-04 15:38:00,39,221.176,0
14104,155,2,216.20999999999998,72,21,2011-06-27 12:49:00,2011-07-08 12:50:00,11,108.10499999999999,1
14105,239,1,1266.23,800,74,2011-04-14 17:58:00,2011-04-14 17:58:00,0,1266.23,1
14107,52,7,2703.23,1793,61,2010-12-10 13:29:00,2011-10-19 12:12:00,312,386.17571428571426,0
14108,31,2,597.91,381,33,2011-08-30 11:32:00,2011-11-09 10:41:00,70,298.955,0
14109,73,1,144.2,88,9,2011-09-28 10:18:00,2011-09-28 10:18:00,0,144.2,1
14110,4,12,5683.15,2445,94,2011-03-18 09:59:00,2011-12-06 12:26:00,263,473.5958333333333,0
14111,14,4,692.85,458,10,2011-04-12 11:36:00,2011-11-25 13:44:00,227,173.2125,0
14112,23,7,2915.15,1651,117,2011-03-09 11:28:00,2011-11-17 12:30:00,253,416.45,0
14113,4,4,1840.42,745,26,2010-12-20 12:14:00,2011-12-06 12:18:00,351,460.105,0
14114,274,2,386.53,101,15,2011-01-13 11:05:00,2011-03-11 09:42:00,56,193.265,1
14116,20,5,1382.74,707,61,2011-08-10 12:44:00,2011-11-20 10:29:00,101,276.548,0
14117,144,1,90.0,72,3,2011-07-19 09:49:00,2011-07-19 09:49:00,0,90.0,1
14121,4,4,2780.15,2082,148,2011-10-11 10:39:00,2011-12-06 12:19:00,56,695.0375,0
14124,84,1,419.58000000000004,1618,4,2011-09-16 13:32:00,2011-09-16 13:32:00,0,419.58000000000004,1
14125,11,3,2720.63,1628,159,2011-09-22 15:40:00,2011-11-29 12:47:00,67,906.8766666666667,0
14126,8,3,706.1300000000001,508,14,2011-11-29 12:21:00,2011-12-02 11:45:00,2,235.3766666666667,1
14127,123,3,709.71,321,39,2011-02-02 12:26:00,2011-08-09 10:49:00,187,236.57000000000002,0
14128,61,2,637.5,564,40,2011-03-29 10:49:00,2011-10-10 12:00:00,195,318.75,0
14129,2,5,1123.8600000000001,592,31,2011-03-24 08:44:00,2011-12-08 11:02:00,259,224.77200000000002,0
14130,319,1,480.91,257,66,2011-01-24 16:05:00,2011-01-24 16:05:00,0,480.91,1
14132,2,11,3586.0299999999997,3368,100,2011-06-09 12:04:00,2011-12-07 13:35:00,181,326.00272727272727,0
14133,130,3,605.64,348,25,2011-01-28 11:27:00,2011-08-02 11:34:00,186,201.88,1
14135,2,15,4690.31,3850,95,2010-12-02 10:27:00,2011-12-08 11:38:00,371,312.68733333333336,0
14138,2,2,965.8800000000001,600,40,2011-10-07 09:38:00,2011-12-08 12:44:00,62,482.94000000000005,0
14139,46,1,415.82,510,26,2011-10-24 13:34:00,2011-10-24 13:34:00,0,415.82,1
14140,4,2,935.05,811,60,2011-11-08 11:20:00,2011-12-06 09:05:00,27,467.525,0
14141,3,4,915.13,355,27,2011-08-26 14:40:00,2011-12-07 09:53:00,102,228.7825,0
14142,373,1,311.81,313,22,2010-12-01 16:33:00,2010-12-01 16:33:00,0,311.81,1
14143,134,1,115.8,30,7,2011-07-29 09:48:00,2011-07-29 09:48:00,0,115.8,1
14145,47,4,3742.2,756,6,2011-05-06 13:01:00,2011-10-24 12:10:00,170,935.55,0
14146,9,5,4191.0,2437,183,2010-12-17 15:52:00,2011-12-01 10:18:00,348,838.2,0
14147,78,2,483.4,108,4,2011-02-27 11:42:00,2011-09-22 18:10:00,207,241.7,1
14148,234,1,157.2,16,3,2011-04-20 12:02:00,2011-04-20 12:02:00,0,157.2,1
14149,221,1,446.62,218,28,2011-05-03 09:44:00,2011-05-03 09:44:00,0,446.62,1
14150,36,2,658.64,496,23,2010-12-15 10:04:00,2011-11-04 10:05:00,324,329.32,0
14152,75,2,621.29,711,47,2011-04-19 15:46:00,2011-09-25 12:54:00,158,310.645,0
14154,239,2,1345.62,465,52,2011-04-14 15:58:00,2011-04-14 16:26:00,0,672.81,1
14155,266,1,118.75,25,6,2011-03-18 14:13:00,2011-03-18 14:13:00,0,118.75,1
14156,10,55,117210.08,57768,714,2010-12-03 11:48:00,2011-11-30 10:54:00,361,2131.0923636363636,0
14157,20,2,424.89000000000004,271,45,2011-02-27 13:04:00,2011-11-20 11:32:00,265,212.44500000000002,0
14158,40,1,507.66,781,41,2011-10-30 15:08:00,2011-10-30 15:08:00,0,507.66,1
14159,20,11,4630.35,4348,501,2010-12-12 11:17:00,2011-11-20 12:36:00,343,420.94090909090914,0
14161,216,3,1097.6200000000001,450,87,2010-12-05 13:18:00,2011-05-08 11:41:00,153,365.8733333333334,0
14162,174,2,289.36,142,25,2011-02-20 12:32:00,2011-06-19 11:36:00,118,144.68,1
14163,87,4,2445.91,893,36,2011-04-14 17:33:00,2011-09-13 15:18:00,151,611.4775,0
14164,71,2,1631.77,1033,28,2011-09-20 12:18:00,2011-09-30 12:24:00,10,815.885,0
14165,276,1,120.44,53,23,2011-03-09 12:39:00,2011-03-09 12:39:00,0,120.44,1
14167,39,4,562.59,147,27,2011-01-12 15:44:00,2011-10-31 14:29:00,291,140.6475,1
14171,98,1,363.79,167,57,2011-09-02 16:43:00,2011-09-02 16:43:00,0,363.79,1
14173,11,4,450.84,150,28,2011-05-04 14:03:00,2011-11-29 11:54:00,208,112.71,0
14174,33,1,134.46,94,26,2011-11-06 13:17:00,2011-11-06 13:17:00,0,134.46,1
14175,60,3,3222.3,1515,139,2011-01-14 12:22:00,2011-10-11 11:55:00,269,1074.1000000000001,0
14176,297,4,576.9000000000001,209,28,2010-12-07 11:45:00,2011-02-15 13:12:00,70,144.22500000000002,1
14177,86,4,549.46,204,37,2011-06-13 11:10:00,2011-09-14 15:11:00,93,137.365,1
14178,9,7,1600.26,1494,191,2011-06-10 12:51:00,2011-12-01 12:01:00,173,228.60857142857142,0
14179,41,2,701.57,319,135,2011-10-18 14:00:00,2011-10-30 12:07:00,11,350.785,0
14180,11,25,4748.52,719,112,2010-12-02 13:08:00,2011-11-29 10:56:00,361,189.94080000000002,0
14184,67,1,452.89,127,24,2011-10-04 12:43:00,2011-10-04 12:43:00,0,452.89,1
14185,331,1,197.65,6,3,2011-01-12 13:52:00,2011-01-12 13:52:00,0,197.65,1
14188,31,6,2054.36,1162,34,2011-02-02 13:46:00,2011-11-09 12:45:00,279,342.3933333333334,0
14189,2,15,4654.08,3937,176,2010-12-06 11:42:00,2011-12-07 15:55:00,366,310.272,0
14191,2,13,4684.76,3662,145,2011-05-03 10:30:00,2011-12-08 09:23:00,218,360.36615384615385,0
14193,68,2,853.39,445,35,2011-03-15 11:38:00,2011-10-03 09:34:00,201,426.695,0
14194,5,21,11349.52,5840,269,2011-02-04 14:51:00,2011-12-05 10:38:00,303,540.4533333333334,0
14195,202,2,1012.0,760,7,2011-04-01 16:50:00,2011-05-22 10:29:00,50,506.0,1
14196,107,1,335.52,142,6,2011-08-25 10:25:00,2011-08-25 10:25:00,0,335.52,1
14198,18,4,701.4,290,35,2011-04-14 14:54:00,2011-11-21 16:35:00,221,175.35,0
14199,218,1,185.39999999999998,28,2,2011-05-05 13:44:00,2011-05-05 13:44:00,0,185.39999999999998,1
14201,60,7,747.44,590,32,2010-12-15 13:25:00,2011-10-10 13:27:00,299,106.77714285714286,0
14204,2,1,150.61,72,36,2011-12-07 13:38:00,2011-12-07 13:38:00,0,150.61,1
14205,17,2,466.7,204,23,2011-03-20 15:07:00,2011-11-23 10:55:00,247,233.35,1
14206,239,1,328.15999999999997,276,20,2011-04-14 16:38:00,2011-04-14 16:38:00,0,328.15999999999997,1
14208,95,1,151.74,114,10,2011-09-06 12:48:00,2011-09-06 12:48:00,0,151.74,1
14209,11,6,2073.43,691,55,2011-01-11 12:56:00,2011-11-29 10:18:00,321,345.57166666666666,0
14210,106,6,1905.8400000000001,760,66,2010-12-03 12:43:00,2011-08-26 12:36:00,265,317.64000000000004,0
14211,53,9,2241.1,1242,87,2011-02-17 15:50:00,2011-10-17 13:23:00,241,249.0111111111111,0
14212,90,1,1070.48,1152,9,2011-09-11 12:45:00,2011-09-11 12:45:00,0,1070.48,1
14214,31,5,1004.38,751,64,2011-03-07 12:26:00,2011-11-09 10:31:00,246,200.876,0
14215,12,6,1789.72,1358,98,2010-12-06 15:34:00,2011-11-28 12:19:00,356,298.2866666666667,0
14216,3,4,1839.3,594,47,2011-11-02 10:51:00,2011-12-06 14:56:00,34,459.825,0
14217,2,17,2004.98,689,78,2010-12-08 13:28:00,2011-12-08 11:53:00,364,117.94,0
14218,43,1,169.48000000000002,160,12,2011-10-28 10:00:00,2011-10-28 10:00:00,0,169.48000000000002,1
14219,4,1,89.94,78,7,2011-12-05 16:23:00,2011-12-05 16:23:00,0,89.94,1
14220,247,2,632.4,272,21,2010-12-16 18:18:00,2011-04-06 13:23:00,110,316.2,1
14221,42,9,3432.8,2191,123,2011-01-04 15:33:00,2011-10-28 13:42:00,296,381.4222222222222,0
14222,177,1,683.17,607,41,2011-06-15 16:42:00,2011-06-15 16:42:00,0,683.17,1
14223,92,3,991.13,585,50,2011-03-20 16:02:00,2011-09-08 13:38:00,171,330.37666666666667,0
14224,110,4,1009.73,483,105,2011-01-23 13:58:00,2011-08-21 13:24:00,209,252.4325,0
14226,29,5,2214.79,1296,64,2011-03-15 15:36:00,2011-11-11 11:34:00,240,442.95799999999997,0
14227,26,10,3350.96,1820,117,2011-02-28 12:27:00,2011-11-13 15:48:00,258,335.096,0
14229,52,3,1547.2,610,29,2011-01-10 12:03:00,2011-10-19 10:04:00,281,515.7333333333333,0
14231,184,3,925.71,409,47,2011-02-24 11:55:00,2011-06-09 11:05:00,104,308.57,0
14232,43,5,2048.07,1941,81,2011-03-20 12:44:00,2011-10-28 11:09:00,221,409.61400000000003,0
14233,49,4,1462.72,680,30,2011-01-26 12:43:00,2011-10-21 15:54:00,268,365.68,0
14234,22,4,754.12,951,122,2011-10-13 13:58:00,2011-11-17 17:53:00,35,188.53,0
14235,75,5,3144.86,1959,65,2011-03-24 13:23:00,2011-09-25 14:37:00,185,628.972,0
14236,81,2,490.86,310,15,2010-12-02 18:49:00,2011-09-20 09:13:00,291,245.43,1
14237,373,1,161.0,38,9,2010-12-01 13:20:00,2010-12-01 13:20:00,0,161.0,1
14238,326,1,146.85,111,8,2011-01-17 14:40:00,2011-01-17 14:40:00,0,146.85,1
14239,43,11,2380.85,993,83,2011-01-27 14:45:00,2011-10-27 14:40:00,272,216.4409090909091,0
14240,30,2,890.34,418,37,2011-04-28 11:40:00,2011-11-09 13:45:00,195,445.17,0
14241,184,1,213.70000000000002,146,10,2011-06-09 11:46:00,2011-06-09 11:46:00,0,213.70000000000002,1
14242,235,2,280.55,123,13,2011-01-18 08:53:00,2011-04-19 11:46:00,91,140.275,1
14243,9,10,2588.77,1221,99,2010-12-09 08:34:00,2011-12-01 11:12:00,357,258.877,0
14245,220,2,1693.45,976,107,2011-03-21 10:41:00,2011-05-04 08:40:00,43,846.725,0
14246,111,3,1474.06,804,57,2011-04-08 08:25:00,2011-08-21 11:50:00,135,491.3533333333333,0
14247,278,1,136.76999999999998,47,19,2011-03-06 15:21:00,2011-03-06 15:21:00,0,136.76999999999998,1
14248,318,1,302.58,102,8,2011-01-25 14:45:00,2011-01-25 14:45:00,0,302.58,1
14250,7,3,1904.05,1200,94,2011-09-11 13:44:00,2011-12-02 14:30:00,82,634.6833333333333,0
14251,2,5,2879.7000000000003,1674,37,2011-10-13 12:46:00,2011-12-08 08:32:00,55,575.94,0
14256,260,2,969.0600000000001,414,51,2010-12-10 11:44:00,2011-03-24 13:17:00,104,484.53000000000003,0
14257,64,5,3099.7200000000003,1682,88,2011-01-25 10:49:00,2011-10-06 16:54:00,254,619.9440000000001,0
14258,9,9,12669.98,7100,58,2011-01-06 12:18:00,2011-11-30 15:27:00,328,1407.7755555555555,0
14259,142,1,120.0,68,5,2011-07-21 10:44:00,2011-07-21 10:44:00,0,120.0,1
14261,51,2,1163.45,406,52,2011-09-22 10:47:00,2011-10-20 10:04:00,27,581.725,0
14262,8,8,2618.23,1645,87,2011-04-13 12:23:00,2011-12-01 14:17:00,232,327.27875,0
14264,155,2,333.97,70,15,2011-04-08 12:20:00,2011-07-08 10:20:00,90,166.985,1
14265,109,2,530.18,330,31,2011-07-14 09:10:00,2011-08-22 13:32:00,39,265.09,1
14267,163,3,1516.24,530,25,2011-03-24 11:38:00,2011-06-30 10:09:00,97,505.41333333333336,0
14270,332,1,492.65000000000003,197,29,2011-01-12 09:33:00,2011-01-12 09:33:00,0,492.65000000000003,1
14271,226,1,112.32,88,10,2011-04-28 12:47:00,2011-04-28 12:47:00,0,112.32,1
14272,74,2,437.96,599,33,2011-03-30 13:57:00,2011-09-27 10:08:00,180,218.98,1
14273,51,4,559.97,264,22,2011-04-11 13:24:00,2011-10-19 13:20:00,190,139.9925,1
14276,99,3,1119.74,744,52,2011-02-23 09:38:00,2011-09-02 09:45:00,191,373.24666666666667,0
14277,15,3,4188.0,1976,195,2011-05-11 13:20:00,2011-11-24 15:01:00,197,1396.0,0
14280,197,1,134.04,52,8,2011-05-27 10:37:00,2011-05-27 10:37:00,0,134.04,1
14282,3,15,3701.44,2656,70,2010-12-07 12:21:00,2011-12-06 17:04:00,364,246.76266666666666,0
14284,31,2,595.25,161,24,2011-09-14 13:04:00,2011-11-09 08:11:00,55,297.625,1
14285,21,4,1910.01,541,18,2011-06-16 12:36:00,2011-11-18 14:50:00,155,477.5025,0
14286,24,3,4628.75,4338,220,2011-04-11 08:16:00,2011-11-16 10:34:00,219,1542.9166666666667,0
14287,8,3,176.63,261,9,2011-05-25 11:41:00,2011-12-01 13:25:00,190,58.876666666666665,1
14288,213,1,426.6,188,16,2011-05-10 13:22:00,2011-05-10 13:22:00,0,426.6,1
14289,9,6,911.26,292,33,2011-02-23 12:33:00,2011-12-01 11:44:00,280,151.87666666666667,0
14290,11,5,2314.65,915,89,2010-12-13 10:24:00,2011-11-28 14:02:00,350,462.93,0
14291,2,11,3883.25,2749,145,2011-03-09 15:20:00,2011-12-08 10:26:00,273,353.02272727272725,0
14292,8,9,4871.93,1663,64,2011-03-02 08:26:00,2011-12-02 11:50:00,275,541.3255555555556,0
14293,3,4,1046.56,709,51,2010-12-06 10:18:00,2011-12-06 15:17:00,365,261.64,0
14295,40,1,166.20000000000002,84,5,2011-10-30 15:50:00,2011-10-30 15:50:00,0,166.20000000000002,1
14297,18,4,1305.33,865,48,2011-03-10 08:31:00,2011-11-22 09:06:00,257,326.3325,0
14298,8,44,51527.3,58343,884,2010-12-14 12:59:00,2011-12-01 13:12:00,352,1171.075,0
14299,8,9,3965.62,2149,94,2010-12-09 10:30:00,2011-12-01 16:05:00,357,440.6244444444444,0
14300,19,1,43.2,32,3,2011-11-21 08:57:00,2011-11-21 08:57:00,0,43.2,1
14301,117,1,640.14,606,13,2011-08-14 15:33:00,2011-08-14 15:33:00,0,640.14,1
14304,223,1,383.45,139,17,2011-05-01 11:50:00,2011-05-01 11:50:00,0,383.45,1
14305,71,3,1858.96,1089,96,2011-07-27 14:14:00,2011-09-29 15:29:00,64,619.6533333333333,0
14306,51,2,2093.32,1075,33,2011-09-15 10:31:00,2011-10-19 13:23:00,34,1046.66,0
14307,89,6,2995.72,2058,150,2010-12-01 11:41:00,2011-09-12 09:38:00,284,499.28666666666663,0
14309,8,9,2352.53,1633,74,2010-12-16 13:05:00,2011-12-01 13:33:00,350,261.39222222222224,0
14311,243,1,310.26,146,20,2011-04-11 10:14:00,2011-04-11 10:14:00,0,310.26,1
14312,47,6,1611.59,1012,74,2011-01-06 16:35:00,2011-10-24 09:46:00,290,268.5983333333333,0
14314,107,1,120.0,296,8,2011-08-25 10:39:00,2011-08-25 10:39:00,0,120.0,1
14315,45,6,2481.13,1021,64,2011-03-18 12:59:00,2011-10-26 12:06:00,221,413.5216666666667,0
14317,65,1,508.58000000000004,255,24,2011-10-06 10:44:00,2011-10-06 10:44:00,0,508.58000000000004,1
14320,207,2,477.79,325,29,2011-01-11 09:12:00,2011-05-17 09:24:00,126,238.895,1
14321,11,5,1530.75,2406,111,2011-01-10 11:35:00,2011-11-29 09:47:00,322,306.15,0
14323,115,2,605.0600000000001,350,32,2011-04-15 11:44:00,2011-08-17 11:37:00,123,302.53000000000003,1
14326,242,1,183.85,103,8,2011-04-11 15:04:00,2011-04-11 15:04:00,0,183.85,1
14327,163,1,311.65,139,12,2011-06-29 13:58:00,2011-06-29 13:58:00,0,311.65,1
14329,17,7,4975.24,3087,218,2011-01-14 13:42:00,2011-11-22 15:50:00,312,710.7485714285714,0
14331,124,2,462.65999999999997,252,27,2011-07-27 15:14:00,2011-08-07 13:17:00,10,231.32999999999998,1
14332,23,3,840.21,463,22,2011-07-15 10:33:00,2011-11-17 11:54:00,125,280.07,0
14333,68,1,415.2,58,15,2011-10-03 10:38:00,2011-10-03 10:38:00,0,415.2,1
14334,17,8,2552.21,1731,98,2010-12-16 17:37:00,2011-11-23 10:01:00,341,319.02625,0
14335,16,2,454.86,375,55,2011-09-04 13:07:00,2011-11-23 13:41:00,80,227.43,0
14336,17,4,1614.91,1759,77,2011-03-08 16:48:00,2011-11-23 11:40:00,259,403.7275,0
14338,161,2,588.22,335,30,2011-05-27 13:30:00,2011-07-01 14:08:00,35,294.11,1
14339,243,1,309.52,168,14,2011-04-11 11:06:00,2011-04-11 11:06:00,0,309.52,1
14340,219,1,134.7,58,6,2011-05-05 09:44:00,2011-05-05 09:44:00,0,134.7,1
14341,45,8,2166.98,1397,109,2011-01-25 13:55:00,2011-10-25 15:48:00,273,270.8725,0
14342,21,4,668.5600000000001,347,18,2011-05-13 13:50:00,2011-11-18 13:21:00,188,167.14000000000001,0
14344,127,8,889.9300000000001,477,56,2010-12-06 11:58:00,2011-08-04 13:51:00,241,111.24125000000001,0
14345,39,1,108.97999999999999,50,6,2011-11-01 09:51:00,2011-11-01 09:51:00,0,108.97999999999999,1
14346,121,2,1021.58,605,55,2011-02-15 13:52:00,2011-08-11 09:47:00,176,510.79,0
14348,260,1,409.57,183,18,2011-03-24 16:23:00,2011-03-24 16:23:00,0,409.57,1
14349,10,1,133.5,86,31,2011-11-29 15:39:00,2011-11-29 15:39:00,0,133.5,1
14350,274,1,282.93,183,18,2011-03-10 14:14:00,2011-03-10 14:14:00,0,282.93,1
14351,165,1,51.0,12,1,2011-06-28 11:56:00,2011-06-28 11:56:00,0,51.0,1
14352,157,4,1078.96,538,44,2011-03-11 14:58:00,2011-07-05 15:41:00,116,269.74,0
14353,215,1,90.6,64,6,2011-05-08 16:06:00,2011-05-08 16:06:00,0,90.6,1
14354,6,2,163.62,210,9,2011-11-09 15:36:00,2011-12-04 11:32:00,24,81.81,1
14355,366,1,174.4,92,11,2010-12-09 12:16:00,2010-12-09 12:16:00,0,174.4,1
14356,80,2,701.23,277,33,2011-09-19 14:43:00,2011-09-21 09:18:00,1,350.615,1
14357,43,1,225.12,147,39,2011-10-27 16:23:00,2011-10-27 16:23:00,0,225.12,1
14359,19,3,912.18,371,44,2011-09-13 09:03:00,2011-11-20 13:17:00,68,304.06,0
14360,32,4,2118.03,1139,104,2011-09-06 11:58:00,2011-11-08 09:12:00,62,529.5075,0
14362,22,1,151.5,96,37,2011-11-17 15:08:00,2011-11-17 15:08:00,0,151.5,1
14364,109,8,3717.35,1967,61,2011-05-12 12:56:00,2011-08-23 11:01:00,102,464.66875,0
14367,8,16,9227.82,4426,270,2011-03-08 14:12:00,2011-12-01 13:19:00,267,576.73875,0
14368,320,1,155.0,36,8,2011-01-24 09:52:00,2011-01-24 09:52:00,0,155.0,1
14371,295,1,100.5,34,4,2011-02-17 16:35:00,2011-02-17 16:35:00,0,100.5,1
14373,358,1,76.55,17,4,2010-12-16 15:40:00,2010-12-16 15:40:00,0,76.55,1
14375,185,1,235.56,184,57,2011-06-07 13:44:00,2011-06-07 13:44:00,0,235.56,1
14377,191,2,617.05,219,11,2011-03-22 13:38:00,2011-06-01 13:32:00,70,308.525,1
14379,44,2,348.1,292,39,2011-02-17 15:03:00,2011-10-26 16:43:00,251,174.05,1
14381,52,1,202.68,146,56,2011-10-18 17:10:00,2011-10-18 17:10:00,0,202.68,1
14382,26,1,615.49,1231,121,2011-11-13 16:18:00,2011-11-13 16:18:00,0,615.49,0
14383,38,3,1247.69,817,49,2011-06-29 10:18:00,2011-11-01 15:53:00,125,415.8966666666667,0
14385,9,3,202.11,159,13,2011-11-16 11:55:00,2011-11-30 15:36:00,14,67.37,1
14386,297,1,142.4,54,7,2011-02-16 09:45:00,2011-02-16 09:45:00,0,142.4,1
14387,33,3,1727.6,795,125,2011-08-22 14:13:00,2011-11-07 12:29:00,76,575.8666666666667,0
14388,10,8,3212.84,1941,124,2010-12-02 11:02:00,2011-11-29 13:32:00,362,401.605,0
14389,65,2,1043.46,729,33,2011-06-02 12:04:00,2011-10-05 15:17:00,125,521.73,0
14390,10,9,4642.57,2133,135,2010-12-02 11:57:00,2011-11-29 13:49:00,362,515.8411111111111,0
14393,218,1,67.95,13,5,2011-05-05 18:16:00,2011-05-05 18:16:00,0,67.95,1
14395,2,9,3479.91,1689,181,2010-12-02 18:15:00,2011-12-07 14:34:00,369,386.65666666666664,0
14396,65,2,487.99,225,71,2010-12-03 15:19:00,2011-10-05 16:09:00,306,243.995,0
14397,3,19,2612.96,1890,18,2011-05-10 12:25:00,2011-12-07 09:22:00,210,137.52421052631578,0
14400,149,1,574.7,454,25,2011-07-13 15:50:00,2011-07-13 15:50:00,0,574.7,1
14401,4,13,4051.48,4507,113,2010-12-15 09:07:00,2011-12-05 13:30:00,355,311.6523076923077,0
14403,130,4,1475.81,519,17,2011-04-06 14:23:00,2011-08-01 12:57:00,116,368.9525,0
14404,34,6,1449.32,827,70,2010-12-05 16:00:00,2011-11-06 12:30:00,335,241.5533333333333,0
14406,119,1,156.75,77,8,2011-08-12 16:54:00,2011-08-12 16:54:00,0,156.75,1
14407,107,6,2157.73,1415,67,2011-03-08 11:59:00,2011-08-24 14:02:00,169,359.62166666666667,0
14408,11,7,2599.03,1610,60,2011-03-20 14:41:00,2011-11-29 11:41:00,253,371.29,0
14409,71,6,2059.4500000000003,1230,40,2010-12-06 15:03:00,2011-09-29 18:18:00,297,343.24166666666673,0
14410,92,9,1100.27,567,153,2011-02-07 09:36:00,2011-09-08 15:08:00,213,122.25222222222222,0
14411,311,1,1063.0,196,14,2011-02-02 10:56:00,2011-02-02 10:56:00,0,1063.0,1
14412,43,2,770.03,786,43,2011-09-28 08:48:00,2011-10-28 10:45:00,30,385.015,0
14413,362,1,121.05,67,22,2010-12-12 13:37:00,2010-12-12 13:37:00,0,121.05,1
14414,92,7,1496.98,2512,79,2010-12-16 11:11:00,2011-09-09 12:09:00,267,213.8542857142857,0
14415,1,13,5855.57,2996,283,2010-12-14 13:31:00,2011-12-08 14:38:00,359,450.42846153846153,0
14416,22,2,490.22,326,13,2011-10-28 15:10:00,2011-11-17 15:22:00,20,245.11,1
14418,4,3,1937.25,1711,114,2011-08-23 17:18:00,2011-12-06 11:39:00,104,645.75,0
14419,11,6,1051.79,483,112,2010-12-10 10:56:00,2011-11-29 11:22:00,354,175.29833333333332,0
14420,99,1,387.52,334,29,2011-09-01 18:07:00,2011-09-01 18:07:00,0,387.52,1
14421,57,2,813.11,365,25,2011-05-12 10:49:00,2011-10-13 13:24:00,154,406.555,0
14422,1,6,4263.64,2906,189,2011-03-17 17:26:00,2011-12-09 11:26:00,266,710.6066666666667,0
14423,218,1,265.2,120,3,2011-05-05 15:12:00,2011-05-05 15:12:00,0,265.2,1
14424,18,1,322.08,48,1,2011-11-22 11:48:00,2011-11-22 11:48:00,0,322.08,1
14426,24,10,4481.67,2699,183,2011-01-31 09:51:00,2011-11-16 12:25:00,289,448.16700000000003,0
14427,50,2,363.34000000000003,228,16,2011-10-07 09:10:00,2011-10-20 14:23:00,13,181.67000000000002,1
14428,7,5,1224.06,428,108,2011-01-18 16:39:00,2011-12-02 13:17:00,317,244.81199999999998,0
14431,303,1,470.36,130,17,2011-02-10 10:40:00,2011-02-10 10:40:00,0,470.36,1
14432,10,6,2248.5,2013,256,2011-09-11 14:09:00,2011-11-30 08:04:00,79,374.75,0
14434,22,6,1372.8,368,3,2011-09-28 15:31:00,2011-11-18 08:56:00,50,228.79999999999998,0
14436,99,1,89.06,129,9,2011-09-02 10:13:00,2011-09-02 10:13:00,0,89.06,1
14437,366,1,63.0,60,5,2010-12-09 09:27:00,2010-12-09 09:27:00,0,63.0,1
14438,306,1,131.9,82,9,2011-02-06 14:56:00,2011-02-06 14:56:00,0,131.9,1
14439,320,1,2661.24,526,32,2011-01-24 11:39:00,2011-01-24 11:39:00,0,2661.24,1
14440,8,5,2357.6800000000003,588,33,2010-12-09 12:49:00,2011-12-01 15:42:00,357,471.53600000000006,0
14441,1,4,1712.89,446,43,2011-03-29 12:01:00,2011-12-09 09:07:00,254,428.2225,0
14442,205,2,1589.82,482,58,2011-01-27 09:33:00,2011-05-19 11:36:00,112,794.91,0
14443,54,4,1420.2,938,84,2010-12-06 11:03:00,2011-10-17 10:10:00,314,355.05,0
14446,1,4,1010.35,916,233,2011-04-07 12:10:00,2011-12-09 11:34:00,245,252.5875,0
14447,19,5,1163.23,571,54,2011-03-04 10:49:00,2011-11-21 08:28:00,261,232.64600000000002,0
14448,9,2,375.35,104,20,2010-12-10 17:26:00,2011-11-30 13:50:00,354,187.675,1
14449,19,4,885.8,741,201,2010-12-02 14:09:00,2011-11-21 12:06:00,353,221.45,0
14450,181,3,483.25,241,32,2011-01-23 11:53:00,2011-06-12 10:46:00,139,161.08333333333334,1
14451,60,2,643.9,378,86,2011-05-29 12:35:00,2011-10-10 13:38:00,134,321.95,0
14452,11,2,259.05,116,55,2011-09-07 11:32:00,2011-11-29 12:06:00,83,129.525,1
14453,190,1,119.93,49,22,2011-06-02 14:15:00,2011-06-02 14:15:00,0,119.93,1
14456,5,9,3017.28,2885,580,2011-07-20 13:06:00,2011-12-04 13:59:00,137,335.25333333333333,0
14457,311,1,113.64,88,4,2011-02-02 09:39:00,2011-02-02 09:39:00,0,113.64,1
14459,155,1,1837.92,760,37,2011-07-07 13:35:00,2011-07-07 13:35:00,0,1837.92,1
14460,110,3,434.34,881,14,2011-02-02 11:55:00,2011-08-21 14:19:00,200,144.78,1
14461,148,3,2103.06,766,173,2011-03-23 12:15:00,2011-07-14 17:11:00,113,701.02,0
14462,66,11,1980.57,956,150,2011-01-04 12:45:00,2011-10-04 15:55:00,273,180.05181818181816,0
14463,98,3,529.62,179,6,2011-05-18 14:42:00,2011-09-02 15:20:00,107,176.54,1
14465,247,3,1038.44,398,107,2011-02-10 12:13:00,2011-04-07 12:38:00,56,346.1466666666667,0
14466,29,7,2272.4,1006,35,2010-12-02 13:36:00,2011-11-10 14:07:00,343,324.62857142857143,0
14467,18,4,596.26,276,67,2011-01-31 12:35:00,2011-11-22 12:48:00,295,149.065,0
14470,12,2,461.19,193,43,2011-02-25 11:56:00,2011-11-28 10:31:00,275,230.595,0
14472,104,8,1852.67,1135,153,2010-12-19 14:03:00,2011-08-28 11:01:00,251,231.58375,0
14473,74,2,234.34000000000003,88,7,2011-03-02 13:56:00,2011-09-26 15:10:00,208,117.17000000000002,1
14474,46,1,547.66,140,29,2011-10-24 13:26:00,2011-10-24 13:26:00,0,547.66,1
14475,72,3,925.85,447,35,2011-02-08 10:12:00,2011-09-29 10:46:00,233,308.6166666666667,0
14476,257,1,193.0,110,17,2011-03-27 15:39:00,2011-03-27 15:39:00,0,193.0,1
14477,20,4,1309.6,720,7,2011-02-15 15:44:00,2011-11-20 11:11:00,277,327.4,0
14479,254,2,316.25,117,18,2010-12-09 12:59:00,2011-03-31 09:07:00,111,158.125,1
14480,11,1,279.05,143,13,2011-11-28 16:35:00,2011-11-28 16:35:00,0,279.05,1
14481,165,2,636.51,489,25,2011-02-25 13:53:00,2011-06-28 10:38:00,122,318.255,1
14482,18,6,2022.81,1627,110,2011-04-14 16:41:00,2011-11-21 13:14:00,220,337.135,0
14483,282,1,137.1,97,9,2011-03-03 10:26:00,2011-03-03 10:26:00,0,137.1,1
14484,50,1,321.92,210,14,2011-10-20 14:11:00,2011-10-20 14:11:00,0,321.92,1
14485,39,1,162.8,70,44,2011-11-01 12:25:00,2011-11-01 12:25:00,0,162.8,1
14487,27,6,1165.48,712,112,2010-12-06 13:22:00,2011-11-13 12:17:00,341,194.24666666666667,0
14488,68,1,1064.28,799,46,2011-10-03 09:30:00,2011-10-03 09:30:00,0,1064.28,1
14489,207,1,463.38,299,30,2011-05-16 14:51:00,2011-05-16 14:51:00,0,463.38,1
14491,175,2,340.93,139,17,2010-12-02 12:10:00,2011-06-17 15:22:00,197,170.465,1
14493,7,5,2383.2400000000002,1285,95,2011-07-07 16:59:00,2011-12-02 16:14:00,147,476.648,0
14494,26,1,139.56,92,7,2011-11-14 09:21:00,2011-11-14 09:21:00,0,139.56,1
14495,51,2,123.8,62,6,2011-08-10 14:13:00,2011-10-20 12:28:00,70,61.9,1
14496,312,2,538.8100000000001,159,16,2010-12-01 15:35:00,2011-02-01 09:01:00,61,269.40500000000003,1
14497,309,1,475.37,235,29,2011-02-03 17:01:00,2011-02-03 17:01:00,0,475.37,1
14498,43,5,1957.32,1098,162,2010-12-13 11:29:00,2011-10-28 12:09:00,319,391.464,0
14499,26,3,808.44,496,146,2011-03-06 11:55:00,2011-11-13 13:01:00,252,269.48,0
14500,88,3,356.85,117,6,2011-06-03 10:08:00,2011-09-12 16:45:00,101,118.95,1
14501,184,2,251.21,161,9,2011-01-24 10:43:00,2011-06-09 12:02:00,136,125.605,1
14502,20,11,2429.83,1480,368,2011-01-30 15:52:00,2011-11-20 11:50:00,293,220.89363636363635,0
14503,3,6,3543.26,2004,113,2011-06-14 10:00:00,2011-12-06 13:30:00,175,590.5433333333334,0
14504,47,4,673.26,308,85,2011-03-06 14:38:00,2011-10-23 16:00:00,231,168.315,0
14505,17,8,5859.43,2739,540,2010-12-12 16:14:00,2011-11-22 15:45:00,344,732.42875,0
14506,17,5,1960.65,704,204,2010-12-05 14:25:00,2011-11-22 13:02:00,351,392.13,0
14507,24,6,1367.88,594,79,2011-03-08 17:23:00,2011-11-16 12:21:00,252,227.98000000000002,0
14508,22,2,268.05,129,52,2011-09-11 11:29:00,2011-11-17 19:48:00,67,134.025,1
14511,11,5,1314.81,784,53,2011-07-29 12:13:00,2011-11-28 17:05:00,122,262.962,0
14512,188,2,275.28,122,19,2011-04-21 19:05:00,2011-06-05 12:39:00,44,137.64,1
14513,101,3,455.59000000000003,361,11,2011-02-24 09:36:00,2011-08-31 11:25:00,188,151.86333333333334,1
14514,61,3,990.2,564,65,2011-01-12 15:22:00,2011-10-09 16:05:00,270,330.06666666666666,0
14515,18,6,2076.89,1110,68,2011-05-05 12:13:00,2011-11-22 11:37:00,200,346.1483333333333,0
14517,33,2,330.45,91,17,2011-07-21 11:42:00,2011-11-06 14:20:00,108,165.225,1
14518,64,1,174.37,278,16,2011-10-06 14:43:00,2011-10-06 14:43:00,0,174.37,1
14520,2,2,270.6,146,3,2011-02-22 09:15:00,2011-12-08 09:46:00,289,135.3,1
14522,24,4,974.54,525,15,2011-05-25 16:01:00,2011-11-15 13:24:00,173,243.635,0
14523,108,1,241.09,251,12,2011-08-23 13:13:00,2011-08-23 13:13:00,0,241.09,1
14524,32,9,1843.83,669,161,2010-12-14 11:01:00,2011-11-08 12:29:00,329,204.87,0
14525,20,9,4215.9,2637,217,2010-12-13 17:40:00,2011-11-20 11:37:00,341,468.4333333333333,0
14527,3,55,8507.13,2088,330,2010-12-05 13:17:00,2011-12-07 12:19:00,366,154.6750909090909,0
14528,37,1,364.21999999999997,278,18,2011-11-02 17:09:00,2011-11-02 17:09:00,0,364.21999999999997,1
14529,60,3,578.61,325,177,2011-08-21 14:10:00,2011-10-10 15:27:00,50,192.87,0
14530,26,6,2862.11,1395,140,2011-02-16 10:47:00,2011-11-14 10:38:00,270,477.0183333333334,0
14532,236,4,932.85,284,45,2010-12-22 13:48:00,2011-04-17 13:05:00,115,233.2125,0
14533,25,7,1949.72,4019,53,2010-12-22 11:07:00,2011-11-15 12:05:00,328,278.5314285714286,0
14534,3,18,4397.3,2027,331,2011-01-25 12:33:00,2011-12-07 12:19:00,315,244.29444444444445,0
14535,60,3,2854.84,1824,280,2011-04-05 12:50:00,2011-10-10 15:39:00,188,951.6133333333333,0
14536,260,1,170.95,39,18,2011-03-25 12:21:00,2011-03-25 12:21:00,0,170.95,1
14537,58,1,355.56,120,10,2011-10-13 10:54:00,2011-10-13 10:54:00,0,355.56,1
14538,65,2,388.25,155,19,2011-03-28 14:57:00,2011-10-06 10:31:00,191,194.125,1
14539,16,2,537.48,428,31,2011-10-26 12:03:00,2011-11-24 09:50:00,28,268.74,1
14540,10,3,952.66,411,64,2011-02-03 15:02:00,2011-11-30 10:15:00,299,317.55333333333334,0
14541,59,8,1453.35,641,71,2011-01-24 14:16:00,2011-10-12 10:08:00,260,181.66875,0
14542,186,1,103.25,19,5,2011-06-07 08:19:00,2011-06-07 08:19:00,0,103.25,1
14543,29,16,3599.73,675,43,2010-12-10 11:51:00,2011-11-11 12:45:00,336,224.983125,0
14544,24,2,2004.3,1536,97,2010-12-13 12:50:00,2011-11-15 15:06:00,337,1002.15,0
14546,5,5,2573.93,1313,250,2011-04-05 12:37:00,2011-12-04 13:00:00,243,514.786,0
14547,4,8,3974.75,2639,198,2011-10-16 14:35:00,2011-12-06 11:06:00,50,496.84375,0
14548,151,2,652.8,256,2,2011-01-26 08:38:00,2011-07-12 12:19:00,167,326.4,1
14549,311,1,289.24,136,56,2011-02-01 13:47:00,2011-02-01 13:47:00,0,289.24,1
14550,11,2,757.37,389,38,2011-10-26 12:14:00,2011-11-29 12:12:00,33,378.685,0
14551,18,2,186.23,106,9,2011-05-19 18:21:00,2011-11-21 13:36:00,185,93.115,1
14552,152,1,164.22,90,57,2011-07-11 12:49:00,2011-07-11 12:49:00,0,164.22,1
14553,19,5,859.27,493,103,2011-01-04 15:40:00,2011-11-20 13:20:00,319,171.85399999999998,0
14554,10,4,2279.4900000000002,1443,147,2011-10-18 13:04:00,2011-11-29 16:44:00,42,569.8725000000001,0
14555,57,2,312.54,122,18,2011-02-10 17:19:00,2011-10-13 16:24:00,244,156.27,1
14557,85,1,788.38,510,16,2011-09-15 15:48:00,2011-09-15 15:48:00,0,788.38,1
14560,7,22,2237.77,1260,39,2010-12-17 09:22:00,2011-12-02 15:22:00,350,101.71681818181818,0
14561,76,3,1080.76,1014,67,2011-06-08 13:26:00,2011-09-25 12:39:00,108,360.25333333333333,0
14562,4,18,5006.77,1815,187,2011-02-08 14:45:00,2011-12-06 11:05:00,300,278.1538888888889,0
14565,96,4,3099.12,1540,111,2010-12-13 13:25:00,2011-09-05 09:07:00,265,774.78,0
14566,111,1,1432.0,800,4,2011-08-21 11:05:00,2011-08-21 11:05:00,0,1432.0,1
14567,57,2,1530.3600000000001,412,33,2011-08-01 13:48:00,2011-10-14 10:21:00,73,765.1800000000001,0
14569,1,1,227.39,79,10,2011-12-08 14:58:00,2011-12-08 14:58:00,0,227.39,1
14570,281,2,218.06,95,29,2011-03-04 10:39:00,2011-03-04 10:58:00,0,109.03,1
14572,3,7,2804.54,1420,190,2011-01-19 17:23:00,2011-12-06 14:40:00,320,400.6485714285714,0
14573,180,9,1639.82,534,127,2010-12-02 19:59:00,2011-06-13 11:15:00,192,182.20222222222222,0
14576,372,1,35.400000000000006,12,1,2010-12-02 17:51:00,2010-12-02 17:51:00,0,35.400000000000006,1
14577,13,4,859.71,353,86,2010-12-12 11:26:00,2011-11-27 12:47:00,350,214.9275,0
14578,3,1,168.63,240,24,2011-12-06 17:18:00,2011-12-06 17:18:00,0,168.63,1
14581,17,1,138.6,217,16,2011-11-23 12:39:00,2011-11-23 12:39:00,0,138.6,1
14582,41,1,114.11,73,6,2011-10-30 11:56:00,2011-10-30 11:56:00,0,114.11,1
14583,6,5,986.96,751,243,2011-05-18 11:28:00,2011-12-04 12:32:00,200,197.392,0
14584,169,4,1033.06,381,68,2011-05-25 17:31:00,2011-06-23 18:33:00,29,258.265,0
14585,50,1,157.05,91,29,2011-10-20 14:33:00,2011-10-20 14:33:00,0,157.05,1
14586,277,1,237.36,444,19,2011-03-08 10:04:00,2011-03-08 10:04:00,0,237.36,1
14587,19,9,1580.29,749,170,2011-01-12 13:16:00,2011-11-21 11:34:00,312,175.58777777777777,0
14589,372,1,39.75,5,3,2010-12-03 11:42:00,2010-12-03 11:42:00,0,39.75,1
14591,15,4,1320.21,1228,138,2011-05-10 14:09:00,2011-11-24 13:57:00,197,330.0525,0
14592,35,3,557.94,407,132,2011-10-06 18:08:00,2011-11-04 16:35:00,28,185.98000000000002,0
14593,22,3,617.15,330,127,2011-05-25 11:14:00,2011-11-18 12:48:00,177,205.71666666666667,0
14594,7,2,363.33,183,48,2010-12-01 13:54:00,2011-12-02 13:28:00,365,181.665,0
14595,20,6,1740.6,978,94,2011-01-30 13:36:00,2011-11-20 12:12:00,293,290.09999999999997,0
14597,11,2,866.24,566,45,2011-06-01 12:33:00,2011-11-28 13:13:00,180,433.12,0
14598,44,1,221.97,189,49,2011-10-26 13:19:00,2011-10-26 13:19:00,0,221.97,1
14600,306,1,393.33000000000004,125,25,2011-02-07 09:48:00,2011-02-07 09:48:00,0,393.33000000000004,1
14601,11,1,213.96,168,7,2011-11-29 09:48:00,2011-11-29 09:48:00,0,213.96,1
14603,275,1,660.0,400,2,2011-03-10 10:27:00,2011-03-10 10:27:00,0,660.0,1
14606,1,93,12076.15,6187,819,2010-12-01 16:57:00,2011-12-08 19:28:00,372,129.8510752688172,0
14607,16,14,16209.5,11526,38,2011-03-23 15:22:00,2011-11-24 10:35:00,245,1157.8214285714287,0
14608,4,4,1785.15,437,8,2010-12-12 14:49:00,2011-12-05 16:52:00,358,446.2875,0
14609,72,4,601.56,7026,2,2011-02-16 12:10:00,2011-09-28 12:54:00,224,150.39,0
14616,243,3,406.08000000000004,104,2,2011-01-26 12:42:00,2011-04-11 09:54:00,74,135.36,1
14618,9,3,553.44,264,10,2011-01-06 11:59:00,2011-11-30 13:45:00,328,184.48000000000002,0
14619,246,1,394.44,152,20,2011-04-08 07:37:00,2011-04-08 07:37:00,0,394.44,1
14620,206,2,412.78000000000003,214,26,2011-03-01 08:30:00,2011-05-18 11:58:00,78,206.39000000000001,1
14621,1,5,1788.3600000000001,993,80,2010-12-16 13:00:00,2011-12-08 16:22:00,357,357.672,0
14622,185,1,320.58000000000004,146,21,2011-06-08 12:42:00,2011-06-08 12:42:00,0,320.58000000000004,1
14623,32,5,886.7,418,108,2011-04-18 13:54:00,2011-11-07 13:56:00,203,177.34,0
14624,57,2,225.85,162,13,2011-10-11 14:39:00,2011-10-13 13:44:00,1,112.925,1
14625,196,2,899.63,335,51,2010-12-13 15:36:00,2011-05-27 15:32:00,164,449.815,0
14626,24,4,2791.27,1403,108,2011-04-20 13:18:00,2011-11-16 10:37:00,209,697.8175,0
14628,91,2,671.96,272,22,2011-04-11 14:43:00,2011-09-09 14:58:00,151,335.98,1
14629,4,2,955.26,378,133,2011-10-23 16:13:00,2011-12-05 16:55:00,43,477.63,0
14631,51,3,1006.98,622,38,2011-02-14 09:31:00,2011-10-20 11:17:00,248,335.66,0
14632,263,1,114.56,96,8,2011-03-22 08:49:00,2011-03-22 08:49:00,0,114.56,1
14633,266,1,344.90000000000003,96,20,2011-03-18 17:07:00,2011-03-18 17:07:00,0,344.90000000000003,1
14636,36,2,609.85,241,27,2011-03-16 09:52:00,2011-11-03 16:12:00,232,304.925,0
14638,51,1,443.6,166,16,2011-10-20 10:10:00,2011-10-20 10:10:00,0,443.6,1
14639,52,6,2984.49,1431,138,2010-12-13 13:50:00,2011-10-18 15:06:00,309,497.41499999999996,0
14640,24,6,2107.38,880,87,2011-04-26 12:31:00,2011-11-15 13:07:00,203,351.23,0
14641,22,1,110.46,90,7,2011-11-18 10:42:00,2011-11-18 10:42:00,0,110.46,1
14642,59,1,96.12,76,2,2011-10-12 11:08:00,2011-10-12 11:08:00,0,96.12,1
14643,170,2,693.8100000000001,815,30,2010-12-16 17:53:00,2011-06-22 14:41:00,187,346.90500000000003,0
14644,68,2,830.76,258,26,2011-02-14 14:14:00,2011-10-03 08:30:00,230,415.38,0
14645,157,2,597.09,381,28,2011-03-09 09:52:00,2011-07-06 09:15:00,118,298.545,1
14646,2,73,280206.02,196915,700,2010-12-20 10:09:00,2011-12-08 12:12:00,353,3838.4386301369864,0
14647,201,1,236.04000000000002,91,24,2011-05-22 13:40:00,2011-05-22 13:40:00,0,236.04000000000002,1
14649,5,4,1402.59,1004,148,2011-05-11 14:37:00,2011-12-05 12:30:00,207,350.6475,0
14651,67,2,653.75,343,95,2011-05-12 16:29:00,2011-10-03 15:52:00,143,326.875,0
14652,77,1,114.18,53,29,2011-09-23 14:21:00,2011-09-23 14:21:00,0,114.18,1
14653,1,7,1926.65,945,154,2011-01-05 13:40:00,2011-12-08 13:45:00,337,275.2357142857143,0
14655,8,4,1932.23,1089,35,2011-05-01 14:59:00,2011-12-01 16:28:00,214,483.0575,0
14656,169,2,291.05,120,73,2011-03-01 13:19:00,2011-06-23 13:51:00,114,145.525,1
14657,18,4,848.22,466,103,2011-01-17 15:19:00,2011-11-22 12:47:00,308,212.055,0
14658,5,2,247.15,47,27,2011-08-14 15:42:00,2011-12-04 15:35:00,111,123.575,1
14659,9,9,2529.93,1195,147,2011-01-28 12:43:00,2011-12-01 12:17:00,306,281.1033333333333,0
14660,87,2,285.74,228,24,2011-08-31 10:40:00,2011-09-14 11:34:00,14,142.87,1
14661,27,1,107.95,35,4,2011-11-13 11:51:00,2011-11-13 11:51:00,0,107.95,1
14662,29,4,741.37,578,143,2011-01-27 17:41:00,2011-11-11 12:13:00,287,185.3425,0
14664,20,2,636.24,465,78,2011-11-06 14:56:00,2011-11-20 10:59:00,13,318.12,0
14665,61,5,1835.7,740,63,2011-02-02 09:08:00,2011-10-10 09:14:00,250,367.14,0
14666,24,1,195.25,161,14,2011-11-15 12:57:00,2011-11-15 12:57:00,0,195.25,1
14667,11,25,9175.04,5319,354,2010-12-06 13:13:00,2011-11-29 11:30:00,357,367.00160000000005,0
14669,242,3,1259.24,770,158,2011-01-11 12:30:00,2011-04-12 11:43:00,90,419.74666666666667,0
14670,280,2,392.86,326,107,2011-03-04 13:58:00,2011-03-04 14:13:00,0,196.43,1
14672,235,2,765.55,454,58,2011-01-07 15:48:00,2011-04-19 10:19:00,101,382.775,0
14673,3,5,1736.4,1004,39,2010-12-07 12:49:00,2011-12-06 14:31:00,364,347.28000000000003,0
14675,16,1,596.36,336,93,2011-11-23 12:58:00,2011-11-23 12:58:00,0,596.36,1
14676,31,6,2548.2400000000002,2500,29,2011-03-01 14:26:00,2011-11-08 13:29:00,251,424.7066666666667,0
14680,25,16,28754.11,13476,73,2010-12-03 12:05:00,2011-11-14 16:59:00,346,1797.131875,0
14681,71,3,498.95,76,6,2011-05-12 10:45:00,2011-09-29 15:52:00,140,166.31666666666666,1
14682,188,2,52.0,80,1,2011-05-22 12:51:00,2011-06-05 12:12:00,13,26.0,1
14684,26,5,1201.51,821,231,2010-12-12 12:44:00,2011-11-14 11:33:00,336,240.302,0
14687,107,1,628.38,470,15,2011-08-25 11:59:00,2011-08-25 11:59:00,0,628.38,1
14688,8,21,5579.1,3584,148,2010-12-01 09:37:00,2011-12-02 12:26:00,366,265.6714285714286,0
14689,209,1,112.8,76,13,2011-05-15 11:22:00,2011-05-15 11:22:00,0,112.8,1
14690,44,2,355.05,167,40,2011-07-11 11:58:00,2011-10-26 15:39:00,107,177.525,1
14691,31,5,2114.33,707,50,2011-05-11 09:55:00,2011-11-09 12:30:00,182,422.866,0
14692,137,4,591.55,265,53,2011-01-21 13:47:00,2011-07-25 15:08:00,185,147.8875,0
14693,265,1,172.9,34,8,2011-03-20 12:50:00,2011-03-20 12:50:00,0,172.9,1
14696,4,7,2078.95,1630,117,2010-12-01 15:37:00,2011-12-05 13:43:00,368,296.99285714285713,0
14697,218,2,188.60999999999999,181,22,2011-05-05 15:29:00,2011-05-05 15:39:00,0,94.30499999999999,1
14698,2,5,1217.27,602,148,2011-10-19 12:54:00,2011-12-08 12:26:00,49,243.454,0
14699,214,1,109.13000000000001,77,8,2011-05-09 14:54:00,2011-05-09 14:54:00,0,109.13000000000001,1
14700,32,3,2195.1,1314,80,2011-04-15 13:16:00,2011-11-07 14:40:00,206,731.6999999999999,0
14701,11,9,2526.09,921,268,2011-01-27 12:40:00,2011-11-29 12:38:00,305,280.6766666666667,0
14702,1,17,3251.79,1439,196,2010-12-09 19:23:00,2011-12-08 19:29:00,364,191.28176470588235,0
14703,15,1,318.17,183,22,2011-11-25 09:23:00,2011-11-25 09:23:00,0,318.17,1
14704,11,9,1493.96,1043,288,2011-06-12 13:59:00,2011-11-28 12:51:00,168,165.99555555555557,0
14705,199,1,179.0,100,1,2011-05-25 12:39:00,2011-05-25 12:39:00,0,179.0,1
14708,3,3,1126.37,621,25,2010-12-06 12:23:00,2011-12-07 08:21:00,365,375.45666666666665,0
14709,15,13,4921.04,2484,71,2010-12-16 13:43:00,2011-11-24 15:41:00,343,378.54153846153844,0
14710,14,4,599.48,375,124,2011-10-11 13:49:00,2011-11-25 14:53:00,45,149.87,0
14711,10,11,2839.62,966,221,2011-03-22 13:32:00,2011-11-29 14:58:00,252,258.1472727272727,0
14712,29,3,917.07,315,21,2011-08-19 13:33:00,2011-11-10 12:59:00,82,305.69,0
14713,9,11,2662.2,1613,146,2010-12-09 18:58:00,2011-11-30 16:26:00,355,242.0181818181818,0
14714,24,1,160.19,229,10,2011-11-15 13:07:00,2011-11-15 13:07:00,0,160.19,1
14715,25,4,867.38,521,60,2011-01-12 13:27:00,2011-11-15 12:10:00,306,216.845,0
14716,43,2,307.51,495,46,2011-07-14 12:42:00,2011-10-27 17:29:00,105,153.755,1
14719,2,5,1581.84,1025,177,2011-04-04 14:17:00,2011-12-08 12:43:00,247,316.368,0
14720,6,3,663.81,219,34,2011-08-05 12:06:00,2011-12-04 12:02:00,120,221.26999999999998,0
14722,147,1,180.42000000000002,118,28,2011-07-15 14:58:00,2011-07-15 14:58:00,0,180.42000000000002,1
14723,10,6,1122.3600000000001,673,193,2010-12-03 14:18:00,2011-11-29 15:23:00,361,187.06000000000003,0
14725,25,1,655.58,588,45,2011-11-15 12:42:00,2011-11-15 12:42:00,0,655.58,1
14727,274,1,268.58,62,10,2011-03-10 14:45:00,2011-03-10 14:45:00,0,268.58,1
14729,374,1,313.49,197,69,2010-12-01 12:43:00,2010-12-01 12:43:00,0,313.49,1
14730,1,8,1897.57,1078,317,2011-03-08 12:49:00,2011-12-08 14:39:00,275,237.19625,0
14731,47,3,380.02,256,38,2011-05-11 13:06:00,2011-10-23 15:54:00,165,126.67333333333333,1
14732,8,8,2702.4900000000002,1405,105,2011-01-04 14:40:00,2011-12-01 14:34:00,330,337.81125000000003,0
14733,16,12,9585.91,3764,102,2010-12-07 11:30:00,2011-11-23 15:39:00,351,798.8258333333333,0
14735,4,32,6065.69,2264,99,2010-12-16 16:05:00,2011-12-06 12:09:00,354,189.5528125,0
14737,4,3,1164.55,345,15,2010-12-21 13:49:00,2011-12-06 10:16:00,349,388.18333333333334,0
14738,43,7,1314.45,601,39,2011-01-27 14:10:00,2011-10-28 08:56:00,273,187.77857142857144,0
14739,4,7,3902.28,3820,47,2010-12-07 14:58:00,2011-12-05 16:54:00,363,557.4685714285714,0
14740,197,3,1448.21,735,85,2011-03-01 08:35:00,2011-05-26 18:17:00,86,482.7366666666667,0
14741,12,6,1400.34,841,35,2010-12-02 08:43:00,2011-11-28 08:48:00,361,233.39,0
14744,16,7,1099.98,627,21,2010-12-08 10:21:00,2011-11-23 12:51:00,350,157.14000000000001,0
14745,113,5,1220.26,1038,46,2011-02-27 15:25:00,2011-08-19 10:05:00,172,244.052,0
14747,249,1,328.2,84,18,2011-04-04 14:09:00,2011-04-04 14:09:00,0,328.2,1
14748,29,5,1415.75,1223,87,2010-12-06 10:19:00,2011-11-10 18:33:00,339,283.15,0
14752,44,1,389.64,260,5,2011-10-27 11:55:00,2011-10-27 11:55:00,0,389.64,1
14753,87,1,563.15,211,30,2011-09-13 14:50:00,2011-09-13 14:50:00,0,563.15,1
14754,45,2,638.05,486,38,2011-02-17 12:21:00,2011-10-26 12:01:00,250,319.025,0
14755,10,11,5010.28,2219,128,2011-01-09 14:02:00,2011-11-30 11:24:00,324,455.47999999999996,0
14756,15,1,738.96,416,38,2011-11-24 18:13:00,2011-11-24 18:13:00,0,738.96,1
14757,75,1,420.5,160,19,2011-09-25 14:36:00,2011-09-25 14:36:00,0,420.5,1
14758,145,4,1484.06,419,54,2011-03-25 12:10:00,2011-07-18 08:21:00,114,371.015,0
14759,5,3,1625.97,569,92,2011-04-21 10:55:00,2011-12-05 12:03:00,228,541.99,0
14760,297,1,89.2,40,5,2011-02-15 16:27:00,2011-02-15 16:27:00,0,89.2,1
14761,59,2,255.9,118,11,2011-01-09 12:03:00,2011-10-12 12:10:00,276,127.95,1
14762,264,1,300.52,341,21,2011-03-21 08:20:00,2011-03-21 08:20:00,0,300.52,1
14764,47,1,278.3,190,6,2011-10-24 11:54:00,2011-10-24 11:54:00,0,278.3,1
14765,29,3,254.11,135,38,2011-06-16 19:49:00,2011-11-10 19:53:00,147,84.70333333333333,1
14766,8,6,2473.37,1349,111,2010-12-08 15:33:00,2011-12-01 16:05:00,358,412.2283333333333,0
14768,17,2,192.60000000000002,52,4,2011-08-04 13:25:00,2011-11-22 12:54:00,109,96.30000000000001,1
14769,3,8,10416.98,7239,718,2010-12-17 11:40:00,2011-12-07 10:24:00,354,1302.1225,0
14770,232,2,876.42,490,49,2011-01-20 15:00:00,2011-04-21 14:21:00,90,438.21,0
14772,112,1,139.26,82,9,2011-08-19 15:04:00,2011-08-19 15:04:00,0,139.26,1
14775,58,3,1011.9,1174,57,2010-12-02 16:38:00,2011-10-12 15:27:00,313,337.3,0
14776,51,11,2538.3,3134,44,2011-01-31 13:17:00,2011-10-19 15:34:00,261,230.75454545454548,0
14778,127,2,730.86,306,34,2011-02-04 11:43:00,2011-08-04 15:23:00,181,365.43,1
14779,281,3,386.15,84,40,2011-01-20 12:04:00,2011-03-04 12:42:00,43,128.71666666666667,1
14780,55,2,447.68,310,26,2011-09-21 15:15:00,2011-10-16 12:46:00,24,223.84,1
14782,320,1,200.10000000000002,114,6,2011-01-24 11:12:00,2011-01-24 11:12:00,0,200.10000000000002,1
14784,26,2,289.99,237,15,2011-01-20 09:25:00,2011-11-13 13:30:00,297,144.995,1
14785,10,2,77.4,84,2,2011-11-24 13:40:00,2011-11-29 13:21:00,4,38.7,1
14788,7,2,679.4399999999999,421,26,2011-11-13 15:52:00,2011-12-02 17:06:00,19,339.71999999999997,0
14789,29,1,197.64,116,6,2011-11-11 08:59:00,2011-11-11 08:59:00,0,197.64,1
14790,17,4,745.06,699,30,2011-03-31 11:49:00,2011-11-23 09:28:00,236,186.265,0
14792,64,1,6.2,2,2,2011-10-07 09:19:00,2011-10-07 09:19:00,0,6.2,1
14793,21,1,228.99,91,14,2011-11-18 14:50:00,2011-11-18 14:50:00,0,228.99,1
14794,3,7,1319.91,673,68,2011-01-09 16:11:00,2011-12-07 10:11:00,331,188.55857142857144,0
14795,166,1,131.45000000000002,17,6,2011-06-26 13:04:00,2011-06-26 13:04:00,0,131.45000000000002,1
14796,1,17,7975.49,5995,403,2010-12-08 10:40:00,2011-12-08 15:31:00,365,469.1464705882353,0
14798,53,3,173.74,150,11,2011-02-02 15:26:00,2011-10-18 10:58:00,257,57.913333333333334,1
14799,51,1,157.7,146,13,2011-10-19 16:16:00,2011-10-19 16:16:00,0,157.7,1
14800,48,12,4331.79,3644,246,2010-12-05 11:10:00,2011-10-23 12:46:00,322,360.9825,0
14801,61,1,189.34,173,56,2011-10-09 15:24:00,2011-10-09 15:24:00,0,189.34,1
14803,162,3,845.55,370,35,2011-02-20 13:21:00,2011-06-30 13:58:00,130,281.84999999999997,0
14804,9,1,353.27,121,12,2011-12-01 11:20:00,2011-12-01 11:20:00,0,353.27,1
14805,15,4,546.4,114,30,2011-01-30 10:43:00,2011-11-24 16:20:00,298,136.6,0
14806,75,1,193.39000000000001,330,11,2011-09-25 15:32:00,2011-09-25 15:32:00,0,193.39000000000001,1
14808,40,8,2718.6,2120,176,2011-06-20 12:53:00,2011-10-31 12:21:00,132,339.825,0
14810,41,11,2085.33,1015,106,2010-12-05 12:08:00,2011-10-30 11:19:00,328,189.57545454545453,0
14813,370,2,152.88,66,25,2010-12-05 11:54:00,2010-12-05 11:57:00,0,76.44,1
14815,37,2,778.5,744,53,2011-10-03 11:36:00,2011-11-03 11:36:00,31,389.25,0
14816,197,1,271.85,5,4,2011-05-26 13:16:00,2011-05-26 13:16:00,0,271.85,1
14817,200,2,1110.34,655,52,2011-03-07 13:51:00,2011-05-23 13:35:00,76,555.17,0
14818,74,3,657.8,324,41,2011-03-31 12:28:00,2011-09-27 11:01:00,179,219.26666666666665,0
14819,64,2,272.07,109,13,2011-05-31 13:50:00,2011-10-06 13:41:00,127,136.035,1
14820,21,4,507.29,253,24,2011-06-19 14:56:00,2011-11-18 15:41:00,152,126.8225,0
14821,367,1,48.800000000000004,20,2,2010-12-08 08:43:00,2010-12-08 08:43:00,0,48.800000000000004,1
14823,180,3,321.43,88,56,2011-05-29 12:48:00,2011-06-12 13:12:00,14,107.14333333333333,1
14824,10,4,1127.71,525,19,2011-09-09 14:12:00,2011-11-29 14:20:00,81,281.9275,0
14825,4,12,2221.01,989,82,2010-12-06 12:30:00,2011-12-06 11:38:00,364,185.08416666666668,0
14828,197,3,2139.76,2172,17,2011-01-07 09:50:00,2011-05-27 10:16:00,140,713.2533333333334,0
14829,29,4,697.55,452,39,2010-12-02 16:12:00,2011-11-10 16:16:00,343,174.3875,0
14830,53,1,188.88,164,39,2011-10-17 14:29:00,2011-10-17 14:29:00,0,188.88,1
14834,18,6,1720.3,734,43,2011-04-13 15:00:00,2011-11-22 10:30:00,222,286.71666666666664,0
14836,10,3,102.44999999999999,45,5,2011-11-09 13:26:00,2011-11-29 16:45:00,20,34.15,1
14837,90,4,1649.5,1436,96,2011-05-22 12:49:00,2011-09-11 10:58:00,111,412.375,0
14840,268,1,62.85,31,4,2011-03-17 12:00:00,2011-03-17 12:00:00,0,62.85,1
14841,53,6,3295.76,1778,103,2010-12-16 10:28:00,2011-10-17 15:03:00,305,549.2933333333334,0
14842,44,4,2824.69,1166,128,2011-02-04 15:32:00,2011-10-27 12:37:00,264,706.1725,0
14844,64,4,3189.81,1833,87,2011-04-12 13:10:00,2011-10-07 10:41:00,177,797.4525,0
14847,149,1,309.4,120,13,2011-07-14 10:52:00,2011-07-14 10:52:00,0,309.4,1
14849,22,25,7930.54,5694,159,2010-12-01 12:22:00,2011-11-18 10:58:00,351,317.2216,0
14850,312,1,325.75,293,21,2011-02-01 11:21:00,2011-02-01 11:21:00,0,325.75,1
14851,23,2,511.35,325,28,2011-03-28 14:59:00,2011-11-16 14:20:00,232,255.675,0
14852,58,6,2836.69,1747,96,2011-04-01 13:22:00,2011-10-12 13:20:00,193,472.7816666666667,0
14853,24,2,475.8,82,8,2011-05-12 15:17:00,2011-11-15 16:56:00,187,237.9,1
14854,78,7,2740.03,1820,110,2011-03-10 12:22:00,2011-09-22 17:00:00,196,391.4328571428572,0
14855,119,2,645.65,267,13,2011-07-28 12:06:00,2011-08-12 14:02:00,15,322.825,1
14856,36,3,1290.53,711,65,2011-10-14 09:35:00,2011-11-03 14:53:00,20,430.1766666666667,0
14857,60,2,1173.12,464,58,2011-07-14 15:03:00,2011-10-11 09:23:00,88,586.56,0
14859,13,4,1353.74,671,47,2011-05-19 14:42:00,2011-11-27 11:18:00,191,338.435,0
14860,19,1,170.32,232,11,2011-11-20 14:17:00,2011-11-20 14:17:00,0,170.32,1
14861,52,1,125.79,117,6,2011-10-18 12:54:00,2011-10-18 12:54:00,0,125.79,1
14862,26,2,841.1999999999999,772,47,2011-07-14 11:20:00,2011-11-14 10:01:00,122,420.59999999999997,0
14863,29,1,266.76,132,11,2011-11-10 15:04:00,2011-11-10 15:04:00,0,266.76,1
14865,7,2,52.2,108,4,2010-12-02 18:23:00,2011-12-02 16:25:00,364,26.1,1
14866,11,12,14389.9,6752,30,2010-12-08 14:58:00,2011-11-29 11:45:00,355,1199.1583333333333,0
14867,186,3,710.28,328,31,2011-01-07 16:34:00,2011-06-07 11:39:00,150,236.76,1
14868,3,8,2953.59,1405,96,2011-04-20 13:36:00,2011-12-06 14:49:00,230,369.19875,0
14869,9,2,721.45,549,66,2011-08-28 16:09:00,2011-12-01 12:36:00,94,360.725,0
14870,262,1,327.25,119,13,2011-03-23 10:51:00,2011-03-23 10:51:00,0,327.25,1
14871,3,4,501.28000000000003,179,68,2010-12-14 12:18:00,2011-12-06 13:42:00,357,125.32000000000001,0
14873,210,1,519.68,168,28,2011-05-13 13:52:00,2011-05-13 13:52:00,0,519.68,1
14875,108,2,1465.3200000000002,558,46,2011-03-22 11:53:00,2011-08-24 12:20:00,155,732.6600000000001,0
14878,13,9,1476.09,799,62,2010-12-16 12:11:00,2011-11-27 11:15:00,345,164.01,0
14880,77,3,690.59,365,45,2011-02-24 12:27:00,2011-09-23 13:42:00,211,230.1966666666667,0
14881,20,1,255.4,316,17,2011-11-20 11:06:00,2011-11-20 11:06:00,0,255.4,1
14882,27,2,589.7,158,6,2011-11-06 10:15:00,2011-11-13 12:47:00,7,294.85,1
14883,19,6,761.59,790,39,2011-05-12 09:49:00,2011-11-21 10:23:00,193,126.93166666666667,0
14885,132,1,765.3199999999999,724,15,2011-07-31 12:05:00,2011-07-31 12:05:00,0,765.3199999999999,1
14886,253,1,364.8,160,18,2011-04-01 08:56:00,2011-04-01 08:56:00,0,364.8,1
14887,79,1,1862.0,1100,6,2011-09-21 15:32:00,2011-09-21 15:32:00,0,1862.0,1
14888,207,1,369.2,184,20,2011-05-16 14:58:00,2011-05-16 14:58:00,0,369.2,1
14889,336,1,135.9,90,10,2011-01-07 15:19:00,2011-01-07 15:19:00,0,135.9,1
14890,254,1,125.65,51,7,2011-03-31 11:57:00,2011-03-31 11:57:00,0,125.65,1
14891,148,2,554.38,505,30,2011-06-05 10:58:00,2011-07-14 18:08:00,39,277.19,1
14893,10,2,1237.8500000000001,799,72,2011-11-28 10:49:00,2011-11-30 12:31:00,2,618.9250000000001,0
14894,85,1,655.75,265,23,2011-09-15 13:51:00,2011-09-15 13:51:00,0,655.75,1
14895,8,20,11138.710000000001,4851,273,2011-02-22 13:08:00,2011-12-02 09:23:00,282,556.9355,0
14896,205,2,468.77000000000004,279,43,2010-12-09 12:24:00,2011-05-19 10:20:00,160,234.38500000000002,1
14897,8,4,1366.38,468,43,2011-02-16 08:37:00,2011-12-02 10:32:00,289,341.595,0
14898,23,6,1269.31,1001,86,2010-12-03 15:25:00,2011-11-16 14:54:00,347,211.55166666666665,0
14901,11,9,1421.29,661,73,2010-12-02 11:20:00,2011-11-28 17:09:00,361,157.92111111111112,0
14902,26,1,332.66,218,20,2011-11-14 10:34:00,2011-11-14 10:34:00,0,332.66,1
14903,21,5,2795.33,1531,227,2011-03-06 11:50:00,2011-11-18 16:07:00,257,559.066,0
14904,2,2,1025.44,1985,66,2011-11-14 09:13:00,2011-12-07 12:55:00,23,512.72,0
14905,158,2,616.15,287,14,2011-04-20 10:48:00,2011-07-05 12:41:00,76,308.075,1
14907,3,7,3501.1,1691,125,2010-12-07 10:14:00,2011-12-06 14:14:00,364,500.15714285714284,0
14908,74,1,277.8,132,9,2011-09-26 12:56:00,2011-09-26 12:56:00,0,277.8,1
14910,3,4,434.35,238,25,2011-10-16 11:06:00,2011-12-07 10:06:00,51,108.5875,0
14911,1,201,143711.17,80240,1787,2010-12-01 14:05:00,2011-12-08 15:54:00,372,714.980945273632,0
14912,17,2,867.85,971,21,2011-04-07 11:06:00,2011-11-23 09:20:00,229,433.925,0
14913,36,4,1227.43,1743,76,2010-12-15 14:35:00,2011-11-04 08:29:00,323,306.8575,0
14915,91,2,307.48,112,12,2011-03-07 09:39:00,2011-09-09 13:34:00,186,153.74,1
14916,71,4,1268.98,1136,72,2011-01-19 15:30:00,2011-09-30 09:20:00,253,317.245,0
14918,116,2,1610.15,675,39,2011-07-08 12:50:00,2011-08-16 11:50:00,38,805.075,0
14920,213,2,977.77,509,57,2011-05-11 10:31:00,2011-05-11 10:32:00,0,488.885,1
14921,30,2,1316.07,953,78,2011-05-22 12:51:00,2011-11-09 13:17:00,171,658.035,0
14923,51,1,749.1,418,44,2011-10-20 11:51:00,2011-10-20 11:51:00,0,749.1,1
14924,246,1,310.05,64,10,2011-04-08 09:25:00,2011-04-08 09:25:00,0,310.05,1
14929,32,1,223.88,136,11,2011-11-07 17:21:00,2011-11-07 17:21:00,0,223.88,1
14930,109,3,2362.96,1160,116,2011-03-10 14:42:00,2011-08-23 10:31:00,165,787.6533333333333,0
14931,5,5,1257.68,417,30,2011-04-13 09:32:00,2011-12-05 10:19:00,236,251.536,0
14932,366,1,363.53,80,17,2010-12-09 11:48:00,2010-12-09 11:48:00,0,363.53,1
14934,82,2,1890.94,1042,68,2011-03-02 11:48:00,2011-09-19 10:10:00,200,945.47,0
14935,297,1,1784.71,935,10,2011-02-15 14:44:00,2011-02-15 14:44:00,0,1784.71,1
14936,34,8,8137.02,4085,210,2011-03-09 11:53:00,2011-11-06 10:30:00,241,1017.1275,0
14937,57,3,1621.88,484,33,2011-08-01 14:16:00,2011-10-14 12:29:00,73,540.6266666666667,0
14944,30,12,5900.25,2815,101,2011-02-16 12:47:00,2011-11-10 09:10:00,266,491.6875,0
14946,14,1,100.9,22,3,2011-11-25 13:33:00,2011-11-25 13:33:00,0,100.9,1
14947,72,2,290.82,179,14,2011-08-01 09:31:00,2011-09-28 15:48:00,58,145.41,1
14948,23,6,1101.97,673,56,2011-05-04 14:52:00,2011-11-16 17:16:00,196,183.66166666666666,0
14950,19,1,371.2,136,19,2011-11-20 13:48:00,2011-11-20 13:48:00,0,371.2,1
14951,79,1,311.69,311,20,2011-09-21 15:15:00,2011-09-21 15:15:00,0,311.69,1
14952,60,11,8099.49,3355,117,2010-12-10 12:48:00,2011-10-11 10:33:00,304,736.3172727272727,0
14953,25,1,285.67,224,54,2011-11-14 14:59:00,2011-11-14 14:59:00,0,285.67,1
14954,12,1,294.85,117,75,2011-11-27 14:30:00,2011-11-27 14:30:00,0,294.85,1
14957,253,1,58.49,34,12,2011-03-31 17:59:00,2011-03-31 17:59:00,0,58.49,1
14958,147,3,483.72999999999996,128,33,2011-04-08 11:28:00,2011-07-15 14:20:00,98,161.2433333333333,1
14959,64,4,695.42,494,37,2011-02-16 13:00:00,2011-10-06 18:23:00,232,173.855,0
14960,8,2,221.27,221,23,2011-06-21 13:38:00,2011-12-01 12:54:00,162,110.635,1
14961,11,9,7044.68,3708,193,2010-12-14 11:38:00,2011-11-29 09:42:00,349,782.7422222222223,0
14962,271,1,126.7,44,5,2011-03-14 09:42:00,2011-03-14 09:42:00,0,126.7,1
14963,10,5,1472.34,1159,149,2011-06-09 12:30:00,2011-11-30 12:16:00,173,294.46799999999996,0
14964,247,1,206.21,143,13,2011-04-06 14:13:00,2011-04-06 14:13:00,0,206.21,1
14965,96,2,596.09,363,80,2011-09-04 13:15:00,2011-09-04 13:20:00,0,298.045,1
14966,15,1,183.02,179,35,2011-11-25 12:20:00,2011-11-25 12:20:00,0,183.02,1
14967,50,1,463.8,140,6,2011-10-21 11:06:00,2011-10-21 11:06:00,0,463.8,1
14968,30,1,147.59,127,37,2011-11-09 13:58:00,2011-11-09 13:58:00,0,147.59,1
14970,68,4,1592.06,250,24,2011-01-27 12:23:00,2011-10-02 13:44:00,248,398.015,0
14971,35,3,1097.98,639,144,2011-10-27 13:33:00,2011-11-04 17:07:00,8,365.99333333333334,0
14972,128,1,114.77,28,18,2011-08-03 14:54:00,2011-08-03 14:54:00,0,114.77,1
14973,107,3,1314.45,369,29,2011-04-28 12:22:00,2011-08-24 15:51:00,118,438.15000000000003,0
14974,37,1,89.94,37,17,2011-11-02 13:01:00,2011-11-02 13:01:00,0,89.94,1
14975,57,1,279.94,380,11,2011-10-13 14:08:00,2011-10-13 14:08:00,0,279.94,1
14976,57,7,790.86,234,47,2011-01-17 11:09:00,2011-10-13 16:37:00,269,112.98,0
14978,72,5,1921.3700000000001,523,136,2011-01-13 12:03:00,2011-09-28 13:07:00,258,384.274,0
14981,246,1,102.12,97,8,2011-04-07 13:45:00,2011-04-07 13:45:00,0,102.12,1
14984,19,2,202.37,58,37,2011-06-12 11:04:00,2011-11-20 14:28:00,161,101.185,1
14985,198,2,292.01,256,78,2010-12-16 19:51:00,2011-05-25 14:29:00,159,146.005,1
14987,16,2,326.4,128,2,2010-12-09 12:13:00,2011-11-24 09:59:00,349,163.2,1
14988,212,1,334.54,141,40,2011-05-12 12:05:00,2011-05-12 12:05:00,0,334.54,1
14995,39,2,231.98000000000002,102,53,2011-03-04 13:14:00,2011-11-01 11:39:00,241,115.99000000000001,1
14997,46,3,546.1999999999999,1120,25,2011-06-14 16:52:00,2011-10-24 13:28:00,131,182.06666666666663,0
14998,170,2,414.87,258,70,2011-04-12 16:28:00,2011-06-22 17:30:00,71,207.435,1
15000,48,1,490.52,218,76,2011-10-23 11:42:00,2011-10-23 11:42:00,0,490.52,1
15002,116,4,1641.76,862,93,2010-12-07 13:16:00,2011-08-16 10:44:00,251,410.44,0
15004,147,1,1220.77,623,154,2011-07-15 14:05:00,2011-07-15 14:05:00,0,1220.77,0
15005,16,28,6295.37,4230,360,2010-12-08 14:36:00,2011-11-24 12:25:00,350,224.83464285714285,0
15006,51,1,480.38,286,121,2011-10-19 15:08:00,2011-10-19 15:08:00,0,480.38,1
15007,159,1,156.91,69,12,2011-07-03 16:00:00,2011-07-03 16:00:00,0,156.91,1
15009,12,3,1259.43,639,148,2011-11-14 17:40:00,2011-11-27 13:35:00,12,419.81,0
15010,36,1,308.94,184,20,2011-11-04 12:42:00,2011-11-04 12:42:00,0,308.94,1
15012,54,2,405.04,225,110,2010-12-01 12:49:00,2011-10-17 12:22:00,319,202.52,0
15014,43,2,257.67,149,29,2011-06-16 19:40:00,2011-10-27 20:07:00,133,128.835,1
15016,173,1,170.04,76,20,2011-06-20 12:06:00,2011-06-20 12:06:00,0,170.04,1
15017,34,1,125.58,63,20,2011-11-06 10:33:00,2011-11-06 10:33:00,0,125.58,1
15018,39,3,496.21000000000004,189,30,2010-12-07 10:47:00,2011-11-01 12:47:00,329,165.40333333333334,1
15019,267,1,252.81,150,64,2011-03-18 12:35:00,2011-03-18 12:35:00,0,252.81,1
15021,9,9,1871.77,819,287,2010-12-08 12:17:00,2011-12-01 11:53:00,357,207.97444444444443,0
15022,12,4,852.39,527,96,2011-10-23 15:47:00,2011-11-28 12:35:00,35,213.0975,0
15023,3,11,6720.41,2827,347,2010-12-05 13:49:00,2011-12-06 17:23:00,366,610.9463636363636,0
15024,10,10,1636.43,902,105,2010-12-07 13:20:00,2011-11-30 12:06:00,357,163.643,0
15025,33,1,361.96,184,66,2011-11-06 15:20:00,2011-11-06 15:20:00,0,361.96,1
15026,80,3,469.0,285,57,2011-03-07 13:45:00,2011-09-20 13:52:00,197,156.33333333333334,0
15027,31,4,1066.1499999999999,565,30,2011-04-15 14:14:00,2011-11-09 10:16:00,207,266.53749999999997,0
15028,8,4,627.13,459,35,2010-12-06 12:47:00,2011-12-01 14:06:00,360,156.7825,0
15030,72,2,518.28,372,7,2011-03-16 15:34:00,2011-09-29 10:50:00,196,259.14,1
15031,4,4,653.19,400,74,2011-03-02 14:46:00,2011-12-05 14:19:00,277,163.2975,0
15032,256,3,4959.1,2968,29,2010-12-08 12:57:00,2011-03-28 15:03:00,110,1653.0333333333335,0
15033,5,10,2557.18,1672,315,2011-01-14 13:28:00,2011-12-05 12:40:00,324,255.718,0
15034,16,8,4274.16,2413,299,2010-12-21 09:47:00,2011-11-24 12:11:00,338,534.27,0
15035,90,1,252.73000000000002,245,26,2011-09-11 11:08:00,2011-09-11 11:08:00,0,252.73000000000002,1
15036,72,3,429.56,316,107,2011-06-13 12:19:00,2011-09-28 15:42:00,107,143.18666666666667,0
15038,59,6,685.74,212,105,2010-12-05 10:54:00,2011-10-12 11:33:00,311,114.29,0
15039,10,47,19766.59,9131,408,2010-12-06 11:26:00,2011-11-30 11:31:00,359,420.5657446808511,0
15041,170,1,179.93,103,66,2011-06-22 16:16:00,2011-06-22 16:16:00,0,179.93,1
15042,199,1,135.93,30,5,2011-05-24 16:25:00,2011-05-24 16:25:00,0,135.93,1
15043,31,1,537.0,300,3,2011-11-08 14:26:00,2011-11-08 14:26:00,0,537.0,1
15044,19,17,7634.7300000000005,2785,233,2010-12-12 14:27:00,2011-11-20 13:20:00,342,449.1017647058824,0
15045,152,2,735.66,114,11,2011-03-27 11:44:00,2011-07-11 11:33:00,105,367.83,1
15046,9,15,5090.42,3372,147,2011-01-05 15:30:00,2011-11-30 15:50:00,329,339.36133333333333,0
15047,270,1,343.62,222,22,2011-03-15 10:49:00,2011-03-15 10:49:00,0,343.62,1
15048,65,4,381.0,192,86,2010-12-06 12:15:00,2011-10-05 14:55:00,303,95.25,0
15049,274,1,121.17000000000002,63,3,2011-03-11 12:13:00,2011-03-11 12:13:00,0,121.17000000000002,1
15050,25,3,1737.69,1216,68,2011-09-29 13:22:00,2011-11-14 16:17:00,46,579.23,0
15051,23,3,1383.3600000000001,1010,130,2011-07-12 15:29:00,2011-11-16 15:38:00,127,461.12000000000006,0
15052,319,1,207.73000000000002,79,27,2011-01-24 15:52:00,2011-01-24 15:52:00,0,207.73000000000002,1
15053,5,3,693.95,984,49,2011-03-03 12:06:00,2011-12-05 12:08:00,277,231.3166666666667,0
15054,12,2,302.1,198,105,2011-10-30 14:33:00,2011-11-27 15:02:00,28,151.05,1
15057,275,2,1489.5,668,25,2011-01-28 09:09:00,2011-03-09 15:17:00,40,744.75,0
15058,25,11,2102.54,1054,199,2011-01-31 15:35:00,2011-11-14 14:57:00,286,191.14,0
15059,41,9,1337.72,604,161,2011-01-09 11:54:00,2011-10-30 11:35:00,293,148.63555555555556,0
15060,8,4,294.25,257,81,2011-11-30 14:03:00,2011-12-01 13:47:00,0,73.5625,1
15061,4,48,54534.14,28920,70,2010-12-02 15:19:00,2011-12-06 12:06:00,368,1136.1279166666666,0
15062,71,4,987.86,763,47,2010-12-15 15:37:00,2011-09-29 16:51:00,288,246.965,0
15063,213,1,370.79999999999995,56,5,2011-05-10 13:25:00,2011-05-10 13:25:00,0,370.79999999999995,1
15065,38,4,3158.13,1383,148,2011-02-21 12:54:00,2011-11-02 09:45:00,253,789.5325,0
15066,53,1,893.59,317,42,2011-10-17 13:25:00,2011-10-17 13:25:00,0,893.59,1
15067,78,3,1744.76,954,82,2011-03-02 12:10:00,2011-09-22 13:20:00,204,581.5866666666667,0
15068,46,2,553.36,364,96,2011-03-28 14:27:00,2011-10-24 14:47:00,210,276.68,0
15069,179,1,1109.53,520,70,2011-06-13 14:16:00,2011-06-13 14:16:00,0,1109.53,1
15070,373,1,106.2,36,1,2010-12-02 11:23:00,2010-12-02 11:23:00,0,106.2,1
15071,94,2,982.07,269,25,2011-03-09 10:19:00,2011-09-07 11:43:00,182,491.035,0
15073,10,3,1043.41,491,31,2011-06-06 09:59:00,2011-11-30 10:44:00,177,347.80333333333334,0
15074,105,1,735.67,431,41,2011-08-26 14:45:00,2011-08-26 14:45:00,0,735.67,1
15075,78,1,773.03,447,27,2011-09-23 12:27:00,2011-09-23 12:27:00,0,773.03,1
15076,173,1,880.85,571,49,2011-06-20 08:23:00,2011-06-20 08:23:00,0,880.85,1
15078,7,32,9743.11,5105,97,2010-12-06 12:38:00,2011-12-02 15:41:00,361,304.4721875,0
15079,213,4,895.61,389,46,2010-12-09 09:25:00,2011-05-11 12:45:00,153,223.9025,0
15081,22,5,504.8,190,26,2010-12-07 16:20:00,2011-11-17 17:08:00,345,100.96000000000001,0
15083,257,1,88.2,38,5,2011-03-28 12:18:00,2011-03-28 12:18:00,0,88.2,1
15087,282,1,306.94,470,15,2011-03-03 10:34:00,2011-03-03 10:34:00,0,306.94,1
15088,21,2,1160.07,460,53,2011-10-03 14:05:00,2011-11-18 13:14:00,45,580.035,0
15089,10,6,2420.84,1359,139,2011-08-03 14:14:00,2011-11-29 16:31:00,118,403.47333333333336,0
15090,308,1,381.32,208,23,2011-02-04 14:03:00,2011-02-04 14:03:00,0,381.32,1
15091,68,1,480.71,346,30,2011-10-03 12:47:00,2011-10-03 12:47:00,0,480.71,1
15092,215,2,457.81,135,23,2011-03-01 12:24:00,2011-05-08 14:10:00,68,228.905,1
15093,18,6,4597.02,3760,52,2010-12-02 18:25:00,2011-11-21 13:09:00,353,766.1700000000001,0
15095,104,4,1370.6,1079,30,2011-05-20 14:27:00,2011-08-28 12:01:00,99,342.65,0
15096,43,1,219.39000000000001,120,11,2011-10-28 10:27:00,2011-10-28 10:27:00,0,219.39000000000001,1
15097,4,1,248.08,170,25,2011-12-05 14:03:00,2011-12-05 14:03:00,0,248.08,1
15098,182,3,39916.5,121,1,2011-06-10 15:22:00,2011-06-10 15:33:00,0,13305.5,0
15099,84,1,410.48,343,23,2011-09-16 13:13:00,2011-09-16 13:13:00,0,410.48,1
15100,334,3,876.0,80,1,2010-12-01 09:09:00,2011-01-10 10:35:00,40,292.0,1
15101,9,2,317.53,241,8,2010-12-15 12:54:00,2011-12-01 10:18:00,350,158.765,1
15103,31,2,703.36,329,35,2011-09-14 13:54:00,2011-11-08 14:53:00,55,351.68,0
15104,197,2,993.54,635,66,2011-03-02 14:16:00,2011-05-27 12:29:00,85,496.77,0
15105,18,7,2298.93,1211,90,2011-07-28 10:09:00,2011-11-21 16:54:00,116,328.4185714285714,0
15106,18,5,1422.52,1181,90,2011-03-15 12:52:00,2011-11-22 09:16:00,251,284.504,0
15107,311,6,319.5,169,12,2010-12-02 13:45:00,2011-02-01 14:46:00,61,53.25,1
15108,142,4,1300.25,499,50,2011-04-26 10:54:00,2011-07-21 10:24:00,85,325.0625,0
15109,246,1,484.95,131,28,2011-04-08 09:58:00,2011-04-08 09:58:00,0,484.95,1
15110,24,4,996.1,246,17,2011-01-25 11:41:00,2011-11-16 11:16:00,294,249.025,0
15111,29,3,1567.48,710,70,2010-12-02 11:45:00,2011-11-10 16:58:00,343,522.4933333333333,0
15113,10,3,3509.43,2344,77,2011-10-16 15:27:00,2011-11-30 08:23:00,44,1169.81,0
15114,30,10,2760.56,3096,136,2011-02-11 08:45:00,2011-11-09 15:05:00,271,276.056,0
15115,18,1,340.11,157,21,2011-11-21 14:59:00,2011-11-21 14:59:00,0,340.11,1
15116,18,4,1352.75,648,37,2011-05-19 08:50:00,2011-11-22 12:25:00,187,338.1875,0
15117,15,5,1551.78,1948,63,2011-05-08 12:38:00,2011-11-25 08:12:00,200,310.356,0
15118,134,1,244.8,1440,1,2011-07-28 14:54:00,2011-07-28 14:54:00,0,244.8,1
15119,246,1,266.4,88,14,2011-04-08 09:08:00,2011-04-08 09:08:00,0,266.4,1
15120,134,1,358.82,296,21,2011-07-29 09:48:00,2011-07-29 09:48:00,0,358.82,1
15121,50,2,457.72,199,28,2011-02-24 12:41:00,2011-10-20 14:51:00,238,228.86,1
15122,114,3,1633.78,800,65,2011-02-15 09:59:00,2011-08-17 16:48:00,183,544.5933333333334,0
15123,7,2,2199.31,1195,93,2011-05-17 14:57:00,2011-12-02 13:12:00,198,1099.655,0
15124,23,2,184.19,233,14,2011-06-01 09:06:00,2011-11-17 10:09:00,169,92.095,1
15125,25,15,11528.48,6193,102,2011-03-14 09:59:00,2011-11-14 13:57:00,245,768.5653333333333,0
15127,66,1,406.53,251,16,2011-10-05 10:30:00,2011-10-05 10:30:00,0,406.53,1
15128,60,4,1471.0,1343,74,2011-05-04 12:32:00,2011-10-10 13:54:00,159,367.75,0
15129,50,11,3447.4,1794,54,2011-02-21 09:09:00,2011-10-20 14:40:00,241,313.40000000000003,0
15130,170,1,330.11,197,22,2011-06-23 10:15:00,2011-06-23 10:15:00,0,330.11,1
15132,18,5,977.9300000000001,679,49,2011-03-22 12:02:00,2011-11-21 17:10:00,244,195.586,0
15133,128,3,982.42,680,27,2011-02-11 10:38:00,2011-08-04 10:44:00,174,327.4733333333333,0
15134,15,8,1387.99,887,44,2011-04-13 11:05:00,2011-11-25 08:55:00,225,173.49875,0
15135,239,1,139.05,43,9,2011-04-14 19:16:00,2011-04-14 19:16:00,0,139.05,1
15136,3,4,1286.7,776,61,2011-09-04 16:05:00,2011-12-07 12:26:00,93,321.675,0
15139,240,2,178.96,208,13,2011-01-07 12:44:00,2011-04-14 11:39:00,96,89.48,1
15140,52,7,2354.25,1572,74,2011-03-20 14:37:00,2011-10-18 14:07:00,211,336.32142857142856,0
15142,46,1,498.74,365,26,2011-10-24 12:51:00,2011-10-24 12:51:00,0,498.74,1
15143,226,1,259.45,150,14,2011-04-28 12:03:00,2011-04-28 12:03:00,0,259.45,1
15144,8,17,6580.44,3050,132,2011-01-31 13:17:00,2011-12-01 15:12:00,304,387.0847058823529,0
15145,4,4,1194.73,756,54,2011-04-05 15:20:00,2011-12-05 17:21:00,244,298.6825,0
15146,165,2,1327.16,1473,90,2011-02-21 13:07:00,2011-06-28 12:09:00,126,663.58,0
15147,240,1,623.5,366,28,2011-04-13 15:57:00,2011-04-13 15:57:00,0,623.5,1
15148,11,1,301.29,187,20,2011-11-29 08:21:00,2011-11-29 08:21:00,0,301.29,1
15149,134,1,520.8000000000001,128,23,2011-07-29 10:58:00,2011-07-29 10:58:00,0,520.8000000000001,1
15150,17,10,5291.33,3642,282,2011-03-15 14:21:00,2011-11-22 12:52:00,251,529.133,0
15152,10,13,4745.69,2704,196,2011-06-05 15:36:00,2011-11-30 12:32:00,177,365.0530769230769,0
15153,31,1,329.25,198,22,2011-11-08 17:09:00,2011-11-08 17:09:00,0,329.25,1
15154,75,1,254.28,89,66,2011-09-25 16:05:00,2011-09-25 16:05:00,0,254.28,1
15156,1,3,961.49,597,51,2011-11-06 12:41:00,2011-12-08 18:22:00,32,320.49666666666667,0
15157,4,3,1936.07,2392,125,2010-12-16 13:44:00,2011-12-06 11:28:00,354,645.3566666666667,0
15158,45,1,401.40000000000003,198,7,2011-10-25 13:53:00,2011-10-25 13:53:00,0,401.40000000000003,1
15159,2,30,18641.010000000002,11441,363,2010-12-13 15:44:00,2011-12-08 12:05:00,359,621.3670000000001,0
15160,357,1,158.16,84,4,2010-12-17 14:15:00,2010-12-17 14:15:00,0,158.16,1
15163,18,2,304.47,186,29,2011-05-31 15:22:00,2011-11-21 13:10:00,173,152.235,1
15164,69,3,824.58,351,79,2011-01-04 14:21:00,2011-10-02 12:05:00,270,274.86,0
15165,373,1,487.75,160,27,2010-12-01 14:03:00,2010-12-01 14:03:00,0,487.75,1
15167,321,1,158.8,65,39,2011-01-23 12:41:00,2011-01-23 12:41:00,0,158.8,1
15168,26,1,106.56,52,5,2011-11-14 11:26:00,2011-11-14 11:26:00,0,106.56,1
15171,331,1,1289.5,290,5,2011-01-12 15:36:00,2011-01-12 15:36:00,0,1289.5,1
15172,9,5,1624.05,1611,106,2011-04-17 11:56:00,2011-12-01 11:51:00,227,324.81,0
15174,323,1,135.75,145,11,2011-01-21 09:06:00,2011-01-21 09:06:00,0,135.75,1
15175,72,1,224.14,454,23,2011-09-29 11:31:00,2011-09-29 11:31:00,0,224.14,1
15178,260,1,40.5,30,3,2011-03-24 15:12:00,2011-03-24 15:12:00,0,40.5,1
15179,18,5,2206.95,1938,91,2011-01-24 13:48:00,2011-11-21 12:53:00,300,441.39,0
15180,367,1,87.5,36,6,2010-12-07 14:57:00,2010-12-07 14:57:00,0,87.5,1
15181,66,3,689.4799999999999,544,11,2011-03-15 12:03:00,2011-10-04 13:58:00,203,229.82666666666663,1
15182,154,2,622.85,253,24,2011-03-16 12:42:00,2011-07-08 13:37:00,114,311.425,1
15184,29,2,402.2,199,59,2011-06-02 12:06:00,2011-11-10 13:41:00,161,201.1,1
15185,70,1,310.62,666,21,2011-09-30 14:06:00,2011-09-30 14:06:00,0,310.62,1
15186,14,2,411.41,215,17,2011-06-24 14:54:00,2011-11-25 14:58:00,154,205.705,1
15187,2,16,4777.18,1887,61,2011-05-11 13:49:00,2011-12-08 11:56:00,210,298.57375,0
15189,1,41,16225.39,6149,80,2011-01-11 12:29:00,2011-12-08 13:22:00,331,395.74121951219513,0
15192,120,3,1044.32,918,36,2010-12-09 14:56:00,2011-08-12 11:41:00,245,348.1066666666666,0
15193,61,1,499.32,144,19,2011-10-10 08:23:00,2011-10-10 08:23:00,0,499.32,1
15194,3,15,7616.53,5703,209,2010-12-06 15:00:00,2011-12-06 15:10:00,365,507.76866666666666,0
15195,3,1,3861.0,1404,1,2011-12-07 12:20:00,2011-12-07 12:20:00,0,3861.0,0
15197,11,3,1079.6100000000001,469,30,2010-12-16 18:01:00,2011-11-29 10:00:00,347,359.87000000000006,0
15198,92,2,193.64,120,10,2011-08-07 15:16:00,2011-09-08 14:42:00,31,96.82,1
15199,59,4,1268.7,396,5,2011-02-04 14:04:00,2011-10-11 15:12:00,249,317.175,0
15201,87,5,1236.54,1210,35,2011-04-06 14:02:00,2011-09-13 14:53:00,160,247.308,0
15203,26,6,1827.8,1753,82,2011-02-01 12:29:00,2011-11-14 08:16:00,285,304.6333333333333,0
15204,357,1,316.58,258,9,2010-12-17 13:49:00,2010-12-17 13:49:00,0,316.58,1
15205,85,2,653.24,378,37,2011-08-04 16:07:00,2011-09-15 19:36:00,42,326.62,1
15206,10,4,420.29999999999995,162,3,2011-03-09 08:59:00,2011-11-29 13:41:00,265,105.07499999999999,1
15208,1,5,870.12,316,25,2010-12-21 13:03:00,2011-12-08 17:24:00,352,174.024,0
15210,225,1,331.18,228,20,2011-04-28 16:11:00,2011-04-28 16:11:00,0,331.18,1
15211,60,2,894.4100000000001,240,52,2010-12-09 16:08:00,2011-10-10 13:31:00,304,447.20500000000004,0
15212,241,1,101.8,36,5,2011-04-12 13:45:00,2011-04-12 13:45:00,0,101.8,1
15213,319,2,328.35,272,22,2011-01-14 11:05:00,2011-01-25 12:21:00,11,164.175,1
15214,2,8,1661.44,1254,109,2011-04-11 09:46:00,2011-12-08 12:07:00,241,207.68,0
15215,47,3,734.94,225,33,2011-09-04 12:24:00,2011-10-24 11:41:00,49,244.98000000000002,1
15216,88,1,96.6,28,2,2011-09-13 11:41:00,2011-09-13 11:41:00,0,96.6,1
15218,11,11,5756.89,3329,77,2011-01-25 11:20:00,2011-11-29 11:48:00,308,523.3536363636364,0
15219,176,1,305.75,45,9,2011-06-16 16:57:00,2011-06-16 16:57:00,0,305.75,1
15220,52,6,1778.96,1393,110,2011-03-04 10:24:00,2011-10-19 12:39:00,229,296.49333333333334,0
15221,366,1,403.25,43,5,2010-12-08 13:08:00,2010-12-08 13:08:00,0,403.25,1
15222,319,1,585.0,440,5,2011-01-25 08:03:00,2011-01-25 08:03:00,0,585.0,1
15223,226,2,755.75,213,14,2011-04-04 12:17:00,2011-04-28 11:31:00,23,377.875,1
15224,358,2,322.08,152,13,2010-12-12 12:34:00,2010-12-16 15:02:00,4,161.04,1
15225,234,1,409.40000000000003,226,23,2011-04-19 14:51:00,2011-04-19 14:51:00,0,409.40000000000003,1
15226,311,1,154.41,71,8,2011-02-02 11:41:00,2011-02-02 11:41:00,0,154.41,1
15227,37,5,1219.4,750,43,2011-01-26 15:31:00,2011-11-03 11:59:00,280,243.88000000000002,0
15228,66,4,3386.71,2255,110,2011-02-18 09:04:00,2011-10-04 13:56:00,228,846.6775,0
15230,239,2,429.6,351,23,2011-04-13 11:04:00,2011-04-14 14:39:00,1,214.8,1
15232,113,2,612.06,686,26,2011-07-22 12:21:00,2011-08-18 16:27:00,27,306.03,1
15234,277,1,197.0,196,14,2011-03-08 08:53:00,2011-03-08 08:53:00,0,197.0,1
15235,218,12,2247.51,1324,132,2010-12-01 17:22:00,2011-05-06 09:44:00,155,187.29250000000002,0
15236,299,1,321.05,269,15,2011-02-14 10:52:00,2011-02-14 10:52:00,0,321.05,1
15237,2,4,1412.32,1071,94,2011-04-26 15:04:00,2011-12-08 09:46:00,225,353.08,0
15238,29,3,1071.99,692,49,2011-06-08 16:00:00,2011-11-10 14:28:00,154,357.33,0
15239,10,2,780.59,594,48,2011-09-22 09:53:00,2011-11-29 14:14:00,68,390.295,0
15240,45,5,1706.57,1369,58,2011-02-01 08:23:00,2011-10-26 09:50:00,267,341.31399999999996,0
15241,67,8,1756.44,1818,82,2011-03-01 11:02:00,2011-10-04 09:05:00,216,219.555,0
15243,74,1,316.68,185,22,2011-09-26 14:12:00,2011-09-26 14:12:00,0,316.68,1
15244,65,2,631.57,405,31,2011-04-05 15:12:00,2011-10-05 13:19:00,182,315.785,0
15245,134,3,2515.84,1784,55,2011-03-23 13:42:00,2011-07-28 18:56:00,127,838.6133333333333,0
15246,238,2,514.15,247,32,2010-12-16 09:46:00,2011-04-15 14:45:00,120,257.075,1
15247,122,1,356.0,160,6,2011-08-09 12:52:00,2011-08-09 12:52:00,0,356.0,1
15249,32,13,6688.46,3577,211,2011-03-28 12:49:00,2011-11-08 11:45:00,224,514.496923076923,0
15251,9,11,10484.99,6171,97,2011-04-12 10:38:00,2011-11-30 15:02:00,232,953.180909090909,0
15252,36,2,740.78,522,44,2011-06-09 14:15:00,2011-11-03 13:30:00,146,370.39,0
15253,16,5,918.1999999999999,866,52,2011-06-23 12:19:00,2011-11-23 16:22:00,153,183.64,0
15254,127,1,300.36,275,18,2011-08-04 15:04:00,2011-08-04 15:04:00,0,300.36,1
15255,67,1,890.85,489,47,2011-10-04 12:43:00,2011-10-04 12:43:00,0,890.85,1
15256,149,1,98.45,55,6,2011-07-14 11:47:00,2011-07-14 11:47:00,0,98.45,1
15257,283,1,317.15,46,7,2011-03-01 12:58:00,2011-03-01 12:58:00,0,317.15,1
15258,169,2,623.16,142,32,2011-05-06 14:16:00,2011-06-24 12:30:00,48,311.58,1
15260,100,7,1810.77,885,62,2010-12-02 12:09:00,2011-08-31 13:55:00,272,258.68142857142857,0
15261,135,1,254.82,270,19,2011-07-27 15:20:00,2011-07-27 15:20:00,0,254.82,1
15262,324,1,178.95000000000002,73,10,2011-01-20 12:16:00,2011-01-20 12:16:00,0,178.95000000000002,1
15263,107,1,156.51,89,12,2011-08-25 10:26:00,2011-08-25 10:26:00,0,156.51,1
15264,64,1,393.74,265,23,2011-10-06 13:49:00,2011-10-06 13:49:00,0,393.74,1
15265,151,2,1506.1200000000001,612,76,2011-04-18 12:16:00,2011-07-11 14:46:00,84,753.0600000000001,0
15266,338,1,119.3,18,6,2011-01-05 13:40:00,2011-01-05 13:40:00,0,119.3,1
15267,22,5,1717.36,944,8,2011-06-10 10:24:00,2011-11-17 15:59:00,160,343.472,0
15269,24,1,408.8,26,2,2011-11-16 09:32:00,2011-11-16 09:32:00,0,408.8,1
15270,16,7,2379.49,1521,22,2011-02-02 13:25:00,2011-11-24 09:24:00,294,339.9271428571428,0
15271,7,15,2493.34,1251,184,2010-12-09 13:47:00,2011-12-02 14:11:00,358,166.22266666666667,0
15272,57,2,721.94,310,63,2011-09-14 16:36:00,2011-10-13 12:59:00,28,360.97,0
15274,4,2,716.57,619,44,2011-11-21 14:17:00,2011-12-05 16:57:00,14,358.285,0
15275,38,1,615.14,498,41,2011-11-02 11:20:00,2011-11-02 11:20:00,0,615.14,1
15276,66,1,128.63,61,49,2011-10-04 16:39:00,2011-10-04 16:39:00,0,128.63,1
15277,47,1,255.89999999999998,205,12,2011-10-24 10:08:00,2011-10-24 10:08:00,0,255.89999999999998,1
15279,355,1,290.51,189,19,2010-12-20 10:48:00,2010-12-20 10:48:00,0,290.51,1
15280,172,1,113.12,154,16,2011-06-20 17:14:00,2011-06-20 17:14:00,0,113.12,1
15281,59,9,2332.15,1211,121,2011-01-10 15:51:00,2011-10-12 09:10:00,274,259.1277777777778,0
15286,50,1,240.55,55,3,2011-10-21 11:08:00,2011-10-21 11:08:00,0,240.55,1
15287,22,2,486.69,433,17,2011-09-30 12:30:00,2011-11-17 15:34:00,48,243.345,1
15288,43,5,2306.52,775,80,2010-12-09 13:59:00,2011-10-27 16:58:00,322,461.304,0
15289,29,3,939.78,1008,43,2011-04-04 12:44:00,2011-11-10 13:49:00,220,313.26,0
15290,5,18,7943.22,4501,93,2010-12-15 16:03:00,2011-12-05 11:39:00,354,441.29,0
15291,26,15,4668.3,2103,62,2010-12-01 09:32:00,2011-11-14 11:02:00,348,311.22,0
15292,201,1,178.39,55,24,2011-05-22 15:00:00,2011-05-22 15:00:00,0,178.39,1
15296,51,6,3672.86,1766,137,2011-01-17 11:57:00,2011-10-20 11:47:00,275,612.1433333333333,0
15297,10,3,641.94,292,30,2011-10-07 09:42:00,2011-11-29 16:32:00,53,213.98000000000002,0
15298,2,12,4799.9,3116,115,2010-12-08 13:55:00,2011-12-07 17:17:00,364,399.9916666666666,0
15299,67,7,4507.01,2948,7,2010-12-02 16:48:00,2011-10-03 14:19:00,304,643.8585714285715,0
15300,64,1,496.44,292,28,2011-10-06 17:08:00,2011-10-06 17:08:00,0,496.44,1
15301,51,12,5049.95,2751,167,2010-12-06 12:21:00,2011-10-20 09:57:00,317,420.82916666666665,0
15303,290,1,574.02,248,31,2011-02-22 13:59:00,2011-02-22 13:59:00,0,574.02,1
15304,61,8,694.4000000000001,104,8,2010-12-06 11:42:00,2011-10-10 10:23:00,307,86.80000000000001,1
15306,64,3,1174.35,810,57,2011-07-14 15:22:00,2011-10-06 12:56:00,83,391.45,0
15307,96,1,205.3,37,12,2011-09-05 11:38:00,2011-09-05 11:38:00,0,205.3,1
15308,274,1,310.47,175,19,2011-03-10 13:08:00,2011-03-10 13:08:00,0,310.47,1
15311,1,91,60632.75,38147,567,2010-12-01 09:41:00,2011-12-09 12:00:00,373,666.2939560439561,0
15312,75,4,924.85,516,42,2010-12-20 12:51:00,2011-09-25 13:10:00,279,231.2125,0
15313,110,1,52.0,25,1,2011-08-21 16:02:00,2011-08-21 16:02:00,0,52.0,1
15314,199,1,327.97,313,24,2011-05-24 14:39:00,2011-05-24 14:39:00,0,327.97,1
15315,64,2,570.5,862,35,2011-08-15 15:17:00,2011-10-06 12:51:00,51,285.25,0
15316,327,1,165.0,100,1,2011-01-17 11:34:00,2011-01-17 11:34:00,0,165.0,1
15318,4,1,312.62,642,33,2011-12-06 11:30:00,2011-12-06 11:30:00,0,312.62,1
15319,284,1,204.5,175,16,2011-03-01 12:48:00,2011-03-01 12:48:00,0,204.5,1
15320,44,1,267.13,326,36,2011-10-26 13:27:00,2011-10-26 13:27:00,0,267.13,1
15321,71,3,2748.31,1181,83,2011-02-21 11:10:00,2011-09-30 09:40:00,220,916.1033333333334,0
15322,86,1,679.68,416,42,2011-09-15 09:34:00,2011-09-15 09:34:00,0,679.68,1
15325,104,1,161.74,231,47,2011-08-28 11:55:00,2011-08-28 11:55:00,0,161.74,1
15326,334,1,311.71,386,29,2011-01-10 11:38:00,2011-01-10 11:38:00,0,311.71,1
15327,53,1,208.75,116,10,2011-10-18 11:55:00,2011-10-18 11:55:00,0,208.75,1
15329,39,3,1049.7,486,51,2011-06-21 10:37:00,2011-10-31 15:36:00,132,349.90000000000003,0
15330,32,2,714.96,1312,10,2011-10-10 12:30:00,2011-11-07 17:50:00,28,357.48,1
15332,366,4,1661.06,652,29,2010-12-05 12:00:00,2010-12-08 14:43:00,3,415.265,1
15333,208,1,1028.56,344,16,2011-05-15 13:27:00,2011-05-15 13:27:00,0,1028.56,1
15334,157,3,350.82,273,67,2011-06-19 13:51:00,2011-07-06 11:22:00,16,116.94,1
15335,54,1,170.22,79,34,2011-10-17 12:50:00,2011-10-17 12:50:00,0,170.22,1
15339,66,2,574.07,416,77,2011-01-25 13:15:00,2011-10-04 12:51:00,251,287.035,0
15341,81,1,2020.52,812,17,2011-09-20 09:40:00,2011-09-20 09:40:00,0,2020.52,1
15342,130,1,406.09,283,24,2011-08-02 10:19:00,2011-08-02 10:19:00,0,406.09,1
15343,87,1,364.5,84,21,2011-09-13 13:55:00,2011-09-13 13:55:00,0,364.5,1
15344,1,3,563.94,116,21,2011-09-26 14:48:00,2011-12-09 10:45:00,73,187.98000000000002,0
15345,46,1,393.54,81,20,2011-10-25 11:28:00,2011-10-25 11:28:00,0,393.54,1
15346,333,1,252.42000000000002,144,17,2011-01-11 11:18:00,2011-01-11 11:18:00,0,252.42000000000002,1
15347,366,1,201.60000000000002,130,5,2010-12-08 15:25:00,2010-12-08 15:25:00,0,201.60000000000002,1
15348,72,1,158.04,84,9,2011-09-28 13:17:00,2011-09-28 13:17:00,0,158.04,1
15349,158,2,463.90999999999997,321,65,2011-06-05 15:46:00,2011-07-04 16:06:00,29,231.95499999999998,1
15350,373,1,115.65,51,5,2010-12-01 13:33:00,2010-12-01 13:33:00,0,115.65,1
15351,12,7,1934.66,742,157,2010-12-05 11:49:00,2011-11-27 12:52:00,357,276.38,0
15353,255,2,770.12,341,59,2010-12-07 11:49:00,2011-03-30 12:15:00,113,385.06,1
15355,29,2,277.05,45,9,2011-10-17 15:22:00,2011-11-10 13:44:00,23,138.525,1
15356,31,10,2718.03,1643,215,2010-12-06 14:05:00,2011-11-08 13:11:00,336,271.803,0
15358,5,22,8347.2,7050,292,2010-12-09 10:04:00,2011-12-05 09:04:00,360,379.41818181818184,0
15360,40,1,427.93,223,13,2011-10-31 09:35:00,2011-10-31 09:35:00,0,427.93,1
15361,362,1,418.92,336,7,2010-12-13 09:52:00,2010-12-13 09:52:00,0,418.92,1
15363,373,1,326.0,144,16,2010-12-02 12:28:00,2010-12-02 12:28:00,0,326.0,1
15364,96,2,913.19,493,29,2011-03-30 13:39:00,2011-09-05 09:46:00,158,456.595,0
15365,26,7,2314.32,1084,65,2011-01-28 13:08:00,2011-11-14 08:29:00,289,330.6171428571429,0
15366,75,2,602.51,621,37,2010-12-16 15:59:00,2011-09-25 15:01:00,282,301.255,0
15367,57,4,1877.59,1057,91,2011-03-09 13:53:00,2011-10-13 14:13:00,218,469.3975,0
15368,21,1,446.94000000000005,230,4,2011-11-18 14:42:00,2011-11-18 14:42:00,0,446.94000000000005,1
15370,41,7,2386.05,830,65,2011-01-11 11:32:00,2011-10-30 10:58:00,291,340.86428571428576,0
15372,137,1,2007.3999999999999,2924,27,2011-07-25 16:39:00,2011-07-25 16:39:00,0,2007.3999999999999,0
15373,8,12,2415.91,500,74,2010-12-03 14:40:00,2011-12-01 15:05:00,363,201.32583333333332,0
15374,129,1,168.0,126,3,2011-08-03 09:59:00,2011-08-03 09:59:00,0,168.0,1
15376,40,3,1221.56,615,100,2011-05-01 13:45:00,2011-10-30 15:04:00,182,407.18666666666667,0
15379,169,7,3703.29,2305,145,2010-12-16 13:02:00,2011-06-23 13:13:00,189,529.0414285714286,0
15380,9,5,1690.2600000000002,376,22,2010-12-09 15:01:00,2011-12-01 12:13:00,356,338.052,0
15381,214,2,596.85,171,8,2011-03-16 13:44:00,2011-05-10 11:55:00,54,298.425,1
15382,15,6,5955.71,4012,193,2011-02-17 12:01:00,2011-11-25 10:58:00,280,992.6183333333333,0
15384,170,2,642.41,596,34,2010-12-15 11:34:00,2011-06-23 10:57:00,189,321.205,0
15385,40,1,316.88,161,12,2011-10-30 15:11:00,2011-10-30 15:11:00,0,316.88,1
15386,186,1,394.14,446,31,2011-06-06 13:47:00,2011-06-06 13:47:00,0,394.14,1
15388,270,1,140.54,88,10,2011-03-14 13:53:00,2011-03-14 13:53:00,0,140.54,1
15389,172,1,500.0,400,1,2011-06-20 16:18:00,2011-06-20 16:18:00,0,500.0,1
15392,5,4,1535.53,1277,74,2010-12-14 15:50:00,2011-12-05 11:01:00,355,383.8825,0
15393,16,2,231.86,150,10,2011-03-03 16:58:00,2011-11-23 16:48:00,264,115.93,1
15394,10,4,2183.54,910,54,2010-12-16 12:46:00,2011-11-30 11:49:00,348,545.885,0
15395,326,1,107.45,17,7,2011-01-18 12:40:00,2011-01-18 12:40:00,0,107.45,1
15396,113,1,288.18,122,14,2011-08-19 10:56:00,2011-08-19 10:56:00,0,288.18,1
15397,290,1,94.0,20,6,2011-02-23 09:25:00,2011-02-23 09:25:00,0,94.0,1
15398,16,2,1345.53,769,60,2011-09-22 14:56:00,2011-11-23 16:47:00,62,672.765,0
15399,1,3,815.77,611,45,2011-09-21 15:57:00,2011-12-08 13:04:00,77,271.92333333333335,0
15400,92,5,716.2,390,10,2011-03-06 11:27:00,2011-09-08 13:57:00,186,143.24,1
15402,149,2,626.77,694,35,2011-05-27 13:32:00,2011-07-14 12:17:00,47,313.385,1
15405,189,1,349.1,193,8,2011-06-03 14:44:00,2011-06-03 14:44:00,0,349.1,1
15406,31,2,510.71000000000004,254,51,2011-02-11 16:19:00,2011-11-08 13:22:00,269,255.35500000000002,0
15407,34,4,1046.74,552,142,2011-02-07 13:18:00,2011-11-06 11:55:00,271,261.685,0
15408,264,1,267.18,106,34,2011-03-20 15:02:00,2011-03-20 15:02:00,0,267.18,1
15410,84,8,3450.84,1200,48,2011-03-23 10:15:00,2011-09-16 14:47:00,177,431.355,0
15411,26,4,1348.93,529,86,2011-06-10 12:30:00,2011-11-13 15:19:00,156,337.2325,0
15412,171,1,190.53,108,10,2011-06-21 15:24:00,2011-06-21 15:24:00,0,190.53,1
15414,10,3,774.9000000000001,443,37,2011-04-11 13:45:00,2011-11-30 09:50:00,232,258.3,0
15415,313,1,559.61,551,46,2011-01-30 14:13:00,2011-01-30 14:13:00,0,559.61,1
15416,65,4,3984.32,2090,165,2011-03-02 08:41:00,2011-10-06 09:38:00,218,996.08,0
15417,85,1,508.8,284,28,2011-09-15 15:26:00,2011-09-15 15:26:00,0,508.8,1
15419,25,1,135.86,230,8,2011-11-15 09:23:00,2011-11-15 09:23:00,0,135.86,1
15421,59,4,950.36,500,40,2011-02-02 14:36:00,2011-10-12 09:20:00,251,237.59,0
15422,323,2,97.7,38,6,2011-01-20 14:17:00,2011-01-20 16:17:00,0,48.85,1
15423,38,1,43.5,101,2,2011-11-01 14:01:00,2011-11-01 14:01:00,0,43.5,1
15424,254,2,383.34,554,17,2011-03-30 13:00:00,2011-03-30 13:02:00,0,191.67,1
15426,19,5,1404.07,656,217,2010-12-05 13:55:00,2011-11-20 15:36:00,350,280.81399999999996,0
15427,33,3,1430.54,967,233,2011-10-23 14:47:00,2011-11-06 14:29:00,13,476.84666666666664,0
15428,15,1,93.78,102,6,2011-11-24 16:54:00,2011-11-24 16:54:00,0,93.78,1
15429,27,2,397.35,380,77,2011-09-25 13:42:00,2011-11-13 12:28:00,48,198.675,0
15432,23,1,171.19,65,10,2011-11-16 16:30:00,2011-11-16 16:30:00,0,171.19,1
15433,214,2,533.3,534,40,2011-03-17 14:12:00,2011-05-10 10:45:00,53,266.65,1
15434,8,5,1041.48,647,40,2011-05-23 14:18:00,2011-12-01 13:33:00,191,208.296,0
15435,22,1,149.29,54,29,2011-11-17 16:39:00,2011-11-17 16:39:00,0,149.29,1
15436,12,3,1067.75,574,243,2011-04-19 16:52:00,2011-11-27 16:05:00,221,355.9166666666667,0
15437,262,1,200.16,79,44,2011-03-22 13:11:00,2011-03-22 13:11:00,0,200.16,1
15438,131,1,156.57999999999998,59,25,2011-07-31 14:19:00,2011-07-31 14:19:00,0,156.57999999999998,1
15440,55,3,383.68,197,50,2011-05-15 11:30:00,2011-10-16 12:16:00,154,127.89333333333333,1
15442,249,1,594.0,120,2,2011-04-05 12:24:00,2011-04-05 12:24:00,0,594.0,1
15443,2,7,3213.59,1639,237,2011-01-23 13:25:00,2011-12-08 10:40:00,318,459.0842857142857,0
15444,9,2,1411.21,759,191,2011-10-30 16:12:00,2011-11-30 17:37:00,31,705.605,0
15445,264,1,113.5,58,5,2011-03-20 15:06:00,2011-03-20 15:06:00,0,113.5,1
15447,331,1,155.17,85,9,2011-01-13 11:26:00,2011-01-13 11:26:00,0,155.17,1
15448,313,1,494.64,232,28,2011-01-31 10:42:00,2011-01-31 10:42:00,0,494.64,1
15449,26,3,974.52,812,47,2011-03-23 10:43:00,2011-11-13 15:02:00,235,324.84,0
15450,30,1,429.84,376,30,2011-11-09 17:11:00,2011-11-09 17:11:00,0,429.84,1
15452,30,3,528.48,280,47,2011-03-20 15:21:00,2011-11-10 12:13:00,234,176.16,0
15453,2,7,1371.77,837,169,2011-06-05 12:37:00,2011-12-08 10:59:00,185,195.96714285714285,0
15454,362,1,179.1,86,23,2010-12-12 14:21:00,2010-12-12 14:21:00,0,179.1,1
15456,283,3,434.59000000000003,633,48,2010-12-15 15:34:00,2011-03-01 13:51:00,75,144.86333333333334,1
15457,262,1,237.07,132,56,2011-03-22 15:31:00,2011-03-22 15:31:00,0,237.07,1
15458,25,1,161.64,156,7,2011-11-14 13:08:00,2011-11-14 13:08:00,0,161.64,1
15460,354,1,214.26,107,53,2010-12-20 16:08:00,2010-12-20 16:08:00,0,214.26,1
15462,94,3,234.6,172,9,2011-06-05 15:36:00,2011-09-06 13:11:00,92,78.2,1
15463,29,1,126.14,106,7,2011-11-10 12:57:00,2011-11-10 12:57:00,0,126.14,1
15464,338,1,1044.65,348,155,2011-01-05 15:56:00,2011-01-05 15:56:00,0,1044.65,1
15465,20,18,7354.62,1257,43,2010-12-05 10:12:00,2011-11-20 10:11:00,349,408.59,0
15466,85,1,334.53,246,56,2011-09-15 14:08:00,2011-09-15 14:08:00,0,334.53,1
15467,9,3,524.88,310,41,2011-07-10 14:42:00,2011-11-30 14:17:00,142,174.96,0
15468,51,2,467.51,155,24,2011-10-19 13:38:00,2011-10-19 13:49:00,0,233.755,1
15469,50,2,538.55,153,24,2011-08-11 16:54:00,2011-10-20 16:21:00,69,269.275,1
15471,2,1,454.48,256,67,2011-12-07 14:12:00,2011-12-07 14:12:00,0,454.48,1
15472,113,1,371.56,251,76,2011-08-18 15:17:00,2011-08-18 15:17:00,0,371.56,1
15473,14,7,1771.2,672,4,2011-10-10 11:12:00,2011-11-25 15:15:00,46,253.02857142857144,0
15475,77,1,454.10999999999996,319,29,2011-09-23 15:20:00,2011-09-23 15:20:00,0,454.10999999999996,1
15478,40,2,1399.92,575,34,2011-10-14 11:09:00,2011-10-30 14:19:00,16,699.96,0
15480,116,1,905.5,303,45,2011-08-15 14:32:00,2011-08-15 14:32:00,0,905.5,1
15482,16,12,10879.76,5004,46,2010-12-16 10:08:00,2011-11-24 10:46:00,343,906.6466666666666,0
15483,161,4,225.26,291,74,2011-03-18 12:26:00,2011-07-01 13:07:00,105,56.315,1
15484,1,4,3590.41,3150,135,2011-09-22 13:31:00,2011-12-08 15:03:00,77,897.6025,0
15485,30,3,2564.5,1281,59,2010-12-01 13:23:00,2011-11-09 14:31:00,343,854.8333333333334,0
15488,93,1,91.32000000000001,73,2,2011-09-08 10:11:00,2011-09-08 10:11:00,0,91.32000000000001,1
15489,23,3,1134.28,608,47,2011-05-12 12:54:00,2011-11-17 08:53:00,188,378.0933333333333,0
15491,95,6,3100.09,1646,108,2011-04-18 10:04:00,2011-09-05 15:56:00,140,516.6816666666667,0
15492,28,2,659.4599999999999,483,32,2011-09-26 14:02:00,2011-11-11 14:53:00,46,329.72999999999996,0
15493,33,5,1953.41,551,177,2011-03-14 11:44:00,2011-11-07 12:04:00,238,390.682,0
15494,21,2,1280.58,1139,120,2011-08-10 15:29:00,2011-11-18 14:51:00,99,640.29,0
15497,18,2,1262.2,624,13,2011-01-24 10:01:00,2011-11-22 11:51:00,302,631.1,0
15498,3,27,13316.4,6105,360,2010-12-08 12:29:00,2011-12-07 12:48:00,364,493.2,0
15500,8,4,1131.56,572,64,2011-09-19 13:47:00,2011-12-01 13:47:00,73,282.89,0
15502,16,12,10384.93,4236,164,2010-12-05 15:40:00,2011-11-24 12:48:00,353,865.4108333333334,0
15503,363,1,141.04,70,66,2010-12-12 10:57:00,2010-12-12 10:57:00,0,141.04,1
15504,81,1,52.83,33,13,2011-09-19 13:45:00,2011-09-19 13:45:00,0,52.83,1
15505,53,5,3610.96,2390,90,2011-07-07 13:33:00,2011-10-18 07:56:00,102,722.192,0
15506,23,3,972.08,842,121,2011-07-24 11:45:00,2011-11-17 12:11:00,116,324.0266666666667,0
15507,172,1,475.86,160,41,2011-06-21 11:19:00,2011-06-21 11:19:00,0,475.86,1
15508,189,6,1000.27,440,78,2011-04-18 15:31:00,2011-06-03 15:43:00,46,166.71166666666667,0
15510,331,1,250.0,2,1,2011-01-13 12:10:00,2011-01-13 12:10:00,0,250.0,1
15511,12,5,900.53,269,117,2011-09-15 15:05:00,2011-11-28 09:43:00,73,180.106,0
15512,156,2,121.0,68,7,2010-12-15 12:01:00,2011-07-07 10:20:00,203,60.5,1
15513,33,19,14758.220000000001,5709,183,2010-12-01 11:22:00,2011-11-06 14:36:00,340,776.7484210526317,0
15514,12,11,4023.7200000000003,2098,96,2010-12-10 13:50:00,2011-11-27 14:40:00,352,365.7927272727273,0
15516,45,3,62.43,27,15,2011-10-24 11:33:00,2011-10-26 10:51:00,1,20.81,1
15517,233,1,267.03,293,27,2011-04-20 14:02:00,2011-04-20 14:02:00,0,267.03,1
15518,64,8,1921.55,1263,135,2011-01-11 12:55:00,2011-10-06 13:05:00,268,240.19375,0
15520,2,1,343.5,314,18,2011-12-08 10:58:00,2011-12-08 10:58:00,0,343.5,1
15521,40,8,3000.2,1836,116,2011-03-30 09:15:00,2011-10-30 13:42:00,214,375.025,0
15522,33,2,397.99,572,47,2011-09-13 12:26:00,2011-11-07 11:26:00,54,198.995,1
15523,84,1,412.01000000000005,132,10,2011-09-16 16:29:00,2011-09-16 16:29:00,0,412.01000000000005,1
15524,25,1,440.0,4,1,2011-11-15 12:09:00,2011-11-15 12:09:00,0,440.0,1
15525,2,3,734.37,387,133,2010-12-01 13:17:00,2011-12-07 14:43:00,371,244.79,0
15526,33,2,148.44,24,4,2011-11-06 15:01:00,2011-11-06 15:04:00,0,74.22,1
15527,19,8,2428.53,991,127,2010-12-20 14:15:00,2011-11-21 12:17:00,335,303.56625,0
15528,254,1,229.33,123,26,2011-03-30 16:14:00,2011-03-30 16:14:00,0,229.33,1
15529,23,11,3962.6,3455,415,2010-12-08 12:24:00,2011-11-17 11:29:00,343,360.23636363636365,0
15530,22,4,1497.31,938,90,2011-04-07 11:16:00,2011-11-18 12:25:00,225,374.3275,0
15531,8,2,1972.39,1085,196,2011-11-09 17:47:00,2011-12-01 18:43:00,22,986.195,0
15532,25,4,1564.73,515,205,2010-12-16 16:45:00,2011-11-14 14:51:00,332,391.1825,0
15533,19,3,807.57,289,73,2011-09-11 15:41:00,2011-11-20 15:35:00,69,269.19,0
15535,173,4,502.9,135,55,2011-01-16 12:35:00,2011-06-19 16:02:00,154,125.725,1
15537,163,1,110.92,29,24,2011-06-29 13:10:00,2011-06-29 13:10:00,0,110.92,1
15539,7,1,538.46,410,41,2011-12-02 13:36:00,2011-12-02 13:36:00,0,538.46,1
15540,11,1,213.3,200,15,2011-11-28 13:51:00,2011-11-28 13:51:00,0,213.3,1
15541,114,1,85.13000000000001,49,29,2011-08-17 14:58:00,2011-08-17 14:58:00,0,85.13000000000001,1
15543,288,1,127.86,86,26,2011-02-24 15:26:00,2011-02-24 15:26:00,0,127.86,1
15544,9,9,3546.71,3109,122,2010-12-02 12:47:00,2011-11-30 16:43:00,363,394.0788888888889,0
15545,54,2,288.96999999999997,162,78,2010-12-03 17:28:00,2011-10-16 13:24:00,316,144.48499999999999,1
15547,7,14,4910.6,3999,441,2010-12-12 13:26:00,2011-12-02 12:52:00,354,350.75714285714287,0
15549,77,3,1681.46,694,104,2011-01-27 15:38:00,2011-09-23 16:22:00,239,560.4866666666667,0
15550,4,4,575.63,295,43,2011-02-11 12:49:00,2011-12-05 15:38:00,297,143.9075,0
15551,37,1,436.06,218,29,2011-11-03 12:37:00,2011-11-03 12:37:00,0,436.06,1
15552,217,1,90.12,60,17,2011-05-06 14:47:00,2011-05-06 14:47:00,0,90.12,1
15553,60,1,428.93,449,51,2011-10-10 14:02:00,2011-10-10 14:02:00,0,428.93,1
15554,278,1,217.2,74,14,2011-03-07 09:00:00,2011-03-07 09:00:00,0,217.2,1
15555,12,16,4794.86,4427,401,2010-12-05 14:45:00,2011-11-27 16:19:00,357,299.67875,0
15556,24,1,279.77,236,31,2011-11-15 16:08:00,2011-11-15 16:08:00,0,279.77,1
15557,29,1,468.91,213,16,2011-11-11 12:46:00,2011-11-11 12:46:00,0,468.91,1
15561,12,4,800.59,267,27,2011-05-08 11:38:00,2011-11-28 11:07:00,203,200.1475,0
15562,352,1,134.55,39,1,2010-12-23 09:55:00,2010-12-23 09:55:00,0,134.55,1
15563,22,4,1400.44,1501,88,2010-12-16 11:27:00,2011-11-17 14:50:00,336,350.11,0
15565,50,2,173.16,60,8,2011-09-30 10:44:00,2011-10-20 14:33:00,20,86.58,1
15567,19,1,186.01,223,7,2011-11-21 10:48:00,2011-11-21 10:48:00,0,186.01,1
15568,3,3,758.29,461,27,2011-09-27 14:37:00,2011-12-07 11:27:00,70,252.76333333333332,0
15569,104,5,1375.71,666,27,2011-01-11 13:26:00,2011-08-28 10:15:00,228,275.142,0
15570,7,12,4148.82,2063,231,2010-12-05 12:57:00,2011-12-02 14:47:00,362,345.73499999999996,0
15571,12,4,650.4300000000001,264,47,2011-09-22 13:15:00,2011-11-28 10:02:00,66,162.60750000000002,0
15572,5,7,2533.42,1213,166,2011-03-06 14:44:00,2011-12-05 10:09:00,273,361.9171428571429,0
15573,32,2,591.1899999999999,355,88,2011-09-15 12:16:00,2011-11-08 11:38:00,53,295.59499999999997,0
15574,178,4,675.64,332,131,2010-12-02 15:46:00,2011-06-15 12:01:00,194,168.91,0
15576,38,1,921.37,394,43,2011-11-02 12:03:00,2011-11-02 12:03:00,0,921.37,1
15577,151,3,258.88,89,39,2011-02-07 13:32:00,2011-07-11 17:03:00,154,86.29333333333334,1
15578,162,1,127.1,52,13,2011-06-30 13:03:00,2011-06-30 13:03:00,0,127.1,1
15579,69,2,327.6,117,45,2011-01-30 12:09:00,2011-10-02 12:45:00,245,163.8,1
15581,121,13,3675.77,283,134,2010-12-08 14:38:00,2011-08-11 09:38:00,245,282.7515384615385,0
15582,25,3,682.9100000000001,453,39,2011-05-03 13:36:00,2011-11-15 09:55:00,195,227.63666666666668,0
15584,24,4,720.86,313,89,2011-06-30 16:39:00,2011-11-16 10:55:00,138,180.215,0
15585,177,1,455.3,320,31,2011-06-16 08:38:00,2011-06-16 08:38:00,0,455.3,1
15587,50,4,913.6800000000001,312,3,2010-12-23 09:59:00,2011-10-20 13:37:00,301,228.42000000000002,1
15589,256,3,478.53000000000003,243,28,2011-02-02 10:46:00,2011-03-29 09:54:00,54,159.51000000000002,1
15592,47,1,388.58,354,24,2011-10-24 08:59:00,2011-10-24 08:59:00,0,388.58,1
15593,71,1,199.8,60,5,2011-09-30 11:46:00,2011-09-30 11:46:00,0,199.8,1
15594,16,5,1771.78,983,85,2011-04-19 10:08:00,2011-11-24 08:53:00,218,354.356,0
15596,101,5,1406.59,561,51,2010-12-09 16:10:00,2011-08-31 10:55:00,264,281.318,0
15597,35,1,324.57,279,22,2011-11-04 13:26:00,2011-11-04 13:26:00,0,324.57,1
15598,53,1,240.68,160,14,2011-10-17 16:04:00,2011-10-17 16:04:00,0,240.68,1
15599,27,2,761.74,718,50,2011-05-19 13:05:00,2011-11-13 11:44:00,177,380.87,0
15601,11,14,6776.56,4983,230,2010-12-02 10:39:00,2011-11-28 15:15:00,361,484.04,0
15602,8,9,1297.8700000000001,1137,30,2010-12-06 15:35:00,2011-12-01 14:14:00,359,144.20777777777778,0
15603,79,1,48.480000000000004,96,2,2011-09-22 10:04:00,2011-09-22 10:04:00,0,48.480000000000004,1
15604,52,1,216.39,159,17,2011-10-18 14:47:00,2011-10-18 14:47:00,0,216.39,1
15605,36,5,1198.23,441,61,2010-12-01 13:38:00,2011-11-03 14:17:00,337,239.64600000000002,0
15606,61,9,2920.16,892,48,2011-01-19 12:07:00,2011-10-09 15:47:00,263,324.4622222222222,0
15607,337,1,104.76,202,13,2011-01-07 12:44:00,2011-01-07 12:44:00,0,104.76,1
15608,28,4,1093.68,714,59,2011-08-11 09:56:00,2011-11-11 13:20:00,92,273.42,0
15609,184,1,298.48,148,16,2011-06-08 13:00:00,2011-06-08 13:00:00,0,298.48,1
15610,52,1,112.46000000000001,66,6,2011-10-19 10:36:00,2011-10-19 10:36:00,0,112.46000000000001,1
15611,10,13,1591.45,504,23,2011-01-09 11:32:00,2011-11-30 12:36:00,325,122.41923076923078,0
15612,36,2,195.15,52,4,2011-10-09 12:49:00,2011-11-03 14:52:00,25,97.575,1
15615,10,23,10399.74,5508,184,2010-12-15 16:21:00,2011-11-29 14:42:00,348,452.1626086956522,0
15618,33,4,776.851,454,39,2011-07-26 10:13:00,2011-11-07 08:34:00,103,194.21275,0
15619,11,1,336.40000000000003,136,3,2011-11-29 08:14:00,2011-11-29 08:14:00,0,336.40000000000003,1
15620,57,3,1553.18,915,92,2010-12-16 14:34:00,2011-10-14 12:41:00,301,517.7266666666667,0
15621,4,4,1293.03,501,11,2011-11-18 11:49:00,2011-12-05 14:01:00,17,323.2575,0
15622,43,9,3709.56,1674,169,2011-03-02 13:42:00,2011-10-27 16:44:00,239,412.17333333333335,0
15623,141,1,301.03,125,19,2011-07-21 17:26:00,2011-07-21 17:26:00,0,301.03,1
15624,117,4,588.13,357,26,2011-03-28 13:32:00,2011-08-15 11:38:00,139,147.0325,1
15625,104,4,1534.26,1188,44,2011-04-18 14:01:00,2011-08-28 10:21:00,131,383.565,0
15626,75,2,675.8,766,49,2011-01-14 10:10:00,2011-09-26 10:03:00,254,337.9,0
15628,5,9,2870.2400000000002,1894,85,2010-12-08 09:51:00,2011-12-05 10:24:00,362,318.91555555555556,0
15630,45,2,1186.35,800,57,2011-05-19 10:16:00,2011-10-25 15:36:00,159,593.175,0
15632,16,8,3285.31,2109,107,2011-03-10 08:29:00,2011-11-24 09:51:00,259,410.66375,0
15634,17,1,243.55,99,15,2011-11-22 16:28:00,2011-11-22 16:28:00,0,243.55,1
15636,90,2,724.76,284,20,2011-03-02 14:50:00,2011-09-11 11:17:00,192,362.38,1
15637,53,1,223.36,128,15,2011-10-18 08:28:00,2011-10-18 08:28:00,0,223.36,1
15639,134,1,425.32,323,25,2011-07-28 14:30:00,2011-07-28 14:30:00,0,425.32,1
15640,4,15,12416.11,6572,240,2010-12-02 15:40:00,2011-12-05 14:35:00,367,827.7406666666667,0
15641,105,4,1887.2,1562,102,2010-12-15 14:45:00,2011-08-26 14:04:00,253,471.8,0
15643,192,3,664.0,246,31,2011-03-02 14:34:00,2011-06-01 07:38:00,90,221.33333333333334,1
15644,166,4,803.54,550,166,2011-03-23 15:37:00,2011-06-26 14:54:00,94,200.885,0
15645,19,1,612.01,256,50,2011-11-21 11:55:00,2011-11-21 11:55:00,0,612.01,1
15646,158,3,447.64000000000004,394,35,2010-12-02 16:59:00,2011-07-05 09:53:00,214,149.21333333333334,1
15648,204,2,639.5,218,23,2011-03-17 18:59:00,2011-05-19 15:53:00,62,319.75,1
15649,336,2,816.0,192,1,2010-12-07 10:06:00,2011-01-07 13:34:00,31,408.0,1
15651,37,3,646.3,479,27,2011-03-24 08:56:00,2011-11-03 08:41:00,223,215.4333333333333,0
15652,91,1,337.74,208,21,2011-09-09 14:22:00,2011-09-09 14:22:00,0,337.74,1
15653,93,2,877.4399999999999,1200,4,2011-08-16 09:50:00,2011-09-08 10:49:00,23,438.71999999999997,1
15654,9,2,922.53,475,15,2011-11-13 15:15:00,2011-11-30 13:08:00,16,461.265,0
15655,243,1,560.67,324,34,2011-04-10 15:25:00,2011-04-10 15:25:00,0,560.67,1
15656,45,4,748.5,343,46,2011-02-28 15:32:00,2011-10-25 14:56:00,238,187.125,0
15657,23,1,30.0,24,1,2011-11-17 12:19:00,2011-11-17 12:19:00,0,30.0,1
15658,190,5,1024.1000000000001,242,40,2010-12-02 10:53:00,2011-06-02 15:22:00,182,204.82000000000002,0
15659,44,1,306.45,111,11,2011-10-27 09:23:00,2011-10-27 09:23:00,0,306.45,1
15660,25,9,1600.86,1050,55,2010-12-09 09:49:00,2011-11-14 16:58:00,340,177.87333333333333,0
15661,317,2,309.8,236,4,2011-01-05 12:32:00,2011-01-26 13:56:00,21,154.9,1
15663,106,1,138.14,106,9,2011-08-25 15:50:00,2011-08-25 15:50:00,0,138.14,1
15664,51,1,386.43,157,17,2011-10-20 10:57:00,2011-10-20 10:57:00,0,386.43,1
15665,168,2,2222.21,1654,92,2011-04-10 15:09:00,2011-06-24 14:57:00,74,1111.105,0
15667,40,1,301.32,240,13,2011-10-31 10:56:00,2011-10-31 10:56:00,0,301.32,1
15668,218,1,76.32000000000001,72,1,2011-05-06 10:39:00,2011-05-06 10:39:00,0,76.32000000000001,1
15669,40,4,684.34,342,31,2011-03-21 09:13:00,2011-10-30 16:03:00,223,171.085,0
15670,297,1,173.05,91,12,2011-02-16 10:50:00,2011-02-16 10:50:00,0,173.05,1
15671,19,7,2657.13,1699,52,2011-03-14 09:37:00,2011-11-21 12:43:00,252,379.59000000000003,0
15673,88,4,2726.23,1451,107,2011-01-16 16:25:00,2011-09-12 16:12:00,238,681.5575,0
15674,73,5,2446.6,1275,88,2011-03-30 09:19:00,2011-09-27 15:17:00,181,489.32,0
15675,81,3,323.69,527,20,2011-03-04 14:21:00,2011-09-19 13:48:00,198,107.89666666666666,1
15676,19,3,3435.76,2252,191,2011-03-01 10:19:00,2011-11-21 12:40:00,265,1145.2533333333333,0
15677,49,1,657.23,319,33,2011-10-21 15:36:00,2011-10-21 15:36:00,0,657.23,1
15678,53,1,352.7,184,12,2011-10-18 09:25:00,2011-10-18 09:25:00,0,352.7,1
15679,24,4,781.28,1170,98,2011-06-10 08:24:00,2011-11-15 16:19:00,158,195.32,0
15680,9,3,1333.68,952,61,2010-12-08 14:43:00,2011-11-30 13:46:00,356,444.56,0
15681,25,5,1426.16,816,32,2011-03-04 13:46:00,2011-11-14 16:30:00,255,285.232,0
15683,117,1,193.75,131,10,2011-08-14 12:56:00,2011-08-14 12:56:00,0,193.75,1
15687,9,9,2993.1,1310,119,2011-01-13 15:13:00,2011-12-01 08:33:00,321,332.56666666666666,0
15689,120,2,254.1,84,8,2010-12-13 09:57:00,2011-08-12 09:37:00,241,127.05,1
15690,4,2,239.76,408,19,2011-08-31 11:40:00,2011-12-05 15:59:00,96,119.88,1
15691,252,1,136.8,72,2,2011-04-01 15:13:00,2011-04-01 15:13:00,0,136.8,1
15692,28,1,191.04,138,12,2011-11-11 14:12:00,2011-11-11 14:12:00,0,191.04,1
15694,1,14,6479.4,1677,42,2010-12-02 07:49:00,2011-12-09 09:44:00,372,462.8142857142857,0
15695,267,2,409.98,212,22,2011-03-18 08:31:00,2011-03-18 08:32:00,0,204.99,1
15696,33,8,2711.11,1015,140,2011-01-17 11:24:00,2011-11-06 14:02:00,293,338.88875,0
15699,18,1,309.65,113,18,2011-11-22 08:26:00,2011-11-22 08:26:00,0,309.65,1
15700,172,2,696.68,357,85,2011-06-19 15:36:00,2011-06-20 16:53:00,1,348.34,1
15701,2,4,1529.0,912,193,2011-08-21 12:36:00,2011-12-07 14:39:00,108,382.25,0
15703,265,1,211.5,66,5,2011-03-20 10:51:00,2011-03-20 10:51:00,0,211.5,1
15704,140,4,2293.62,1028,79,2011-05-08 12:42:00,2011-07-22 13:35:00,75,573.405,0
15705,201,1,143.1,62,6,2011-05-22 15:37:00,2011-05-22 15:37:00,0,143.1,1
15706,64,4,1060.56,321,50,2011-08-15 14:32:00,2011-10-07 10:09:00,52,265.14,0
15707,35,4,916.98,594,126,2011-09-14 14:19:00,2011-11-04 14:35:00,51,229.245,0
15708,41,7,3235.25,1217,124,2010-12-05 11:12:00,2011-10-30 10:54:00,328,462.17857142857144,0
15709,284,1,133.25,121,6,2011-03-01 10:38:00,2011-03-01 10:38:00,0,133.25,1
15712,9,5,1072.3600000000001,486,41,2011-02-25 11:32:00,2011-11-30 14:09:00,278,214.47200000000004,0
15713,143,2,356.7,150,18,2010-12-08 15:16:00,2011-07-19 13:34:00,222,178.35,1
15714,12,2,330.03000000000003,186,34,2011-09-23 11:25:00,2011-11-28 11:26:00,66,165.01500000000001,1
15716,146,4,1101.1100000000001,738,101,2010-12-05 12:26:00,2011-07-17 11:59:00,223,275.27750000000003,0
15717,234,1,150.3,70,7,2011-04-19 13:21:00,2011-04-19 13:21:00,0,150.3,1
15719,33,13,5030.07,2718,299,2011-01-06 12:31:00,2011-11-07 12:29:00,304,386.92846153846153,0
15720,24,1,598.73,281,128,2011-11-15 14:48:00,2011-11-15 14:48:00,0,598.73,1
15721,12,1,471.40000000000003,388,80,2011-11-28 12:14:00,2011-11-28 12:14:00,0,471.40000000000003,1
15722,36,5,2211.21,1023,45,2011-02-22 12:24:00,2011-11-04 11:43:00,254,442.242,0
15723,365,1,190.7,73,37,2010-12-10 11:12:00,2010-12-10 11:12:00,0,190.7,1
15724,201,2,218.25,73,11,2011-02-28 10:40:00,2011-05-22 14:40:00,83,109.125,1
15725,15,1,415.25,221,32,2011-11-24 14:51:00,2011-11-24 14:51:00,0,415.25,1
15727,17,7,5159.06,3063,213,2010-12-15 15:47:00,2011-11-23 12:36:00,342,737.0085714285715,0
15729,213,1,85.0,28,5,2011-05-11 12:36:00,2011-05-11 12:36:00,0,85.0,1
15730,66,3,1120.88,689,68,2011-05-17 12:43:00,2011-10-05 12:31:00,140,373.6266666666667,0
15732,212,2,294.12,215,13,2010-12-02 15:00:00,2011-05-11 14:24:00,159,147.06,1
15733,283,1,162.3,62,10,2011-03-02 09:05:00,2011-03-02 09:05:00,0,162.3,1
15734,115,2,1339.45,346,25,2011-05-23 14:59:00,2011-08-17 10:50:00,85,669.725,0
15737,15,8,1188.1200000000001,597,60,2011-04-11 10:01:00,2011-11-25 11:21:00,228,148.51500000000001,0
15738,19,16,4812.42,2982,46,2010-12-02 12:50:00,2011-11-21 08:26:00,353,300.77625,0
15739,66,1,449.12,472,8,2011-10-04 13:42:00,2011-10-04 13:42:00,0,449.12,1
15740,49,1,154.88,152,9,2011-10-21 14:29:00,2011-10-21 14:29:00,0,154.88,1
15743,16,4,775.96,214,59,2011-06-08 10:14:00,2011-11-23 17:19:00,168,193.99,0
15744,78,1,34.8,120,3,2011-09-23 09:52:00,2011-09-23 09:52:00,0,34.8,1
15745,19,4,1094.59,421,57,2011-04-17 13:04:00,2011-11-20 13:45:00,217,273.6475,0
15746,134,1,196.88,178,28,2011-07-28 15:21:00,2011-07-28 15:21:00,0,196.88,1
15747,13,3,946.64,466,52,2011-06-20 11:30:00,2011-11-27 12:26:00,160,315.5466666666667,0
15748,40,1,144.36,50,19,2011-10-30 12:51:00,2011-10-30 12:51:00,0,144.36,1
15749,235,3,44534.3,18028,5,2011-01-11 12:55:00,2011-04-18 13:20:00,97,14844.766666666668,0
15750,3,8,2463.05,1783,214,2010-12-08 10:36:00,2011-12-07 12:34:00,364,307.88125,0
15752,40,7,2626.6,1960,236,2010-12-02 09:43:00,2011-10-31 11:37:00,333,375.2285714285714,0
15753,305,1,79.2,144,1,2011-02-08 12:41:00,2011-02-08 12:41:00,0,79.2,1
15754,51,3,458.57,199,24,2011-04-07 12:24:00,2011-10-19 14:40:00,195,152.85666666666665,1
15755,10,6,2364.25,1427,127,2011-02-18 11:53:00,2011-11-29 14:57:00,284,394.0416666666667,0
15756,61,4,528.01,241,160,2011-04-04 14:00:00,2011-10-09 13:30:00,187,132.0025,0
15757,66,2,714.42,491,43,2011-05-06 11:40:00,2011-10-05 12:14:00,152,357.21,0
15758,25,1,205.25,47,9,2011-11-15 10:48:00,2011-11-15 10:48:00,0,205.25,1
15759,218,3,253.04,60,5,2010-12-16 15:29:00,2011-05-05 15:13:00,139,84.34666666666666,1
15762,65,2,583.75,251,37,2011-09-23 15:17:00,2011-10-05 16:15:00,12,291.875,1
15763,32,2,1086.92,271,58,2011-09-23 12:10:00,2011-11-08 09:44:00,45,543.46,0
15764,88,6,3279.97,2050,150,2011-03-08 09:23:00,2011-09-12 17:58:00,188,546.6616666666666,0
15766,64,1,315.06,170,11,2011-10-06 17:03:00,2011-10-06 17:03:00,0,315.06,1
15768,116,3,621.8299999999999,244,23,2011-04-28 09:20:00,2011-08-16 10:48:00,110,207.27666666666664,1
15769,7,26,56252.72,29672,26,2010-12-03 15:16:00,2011-12-02 13:52:00,363,2163.566153846154,0
15773,6,1,635.6800000000001,311,10,2011-12-04 12:48:00,2011-12-04 12:48:00,0,635.6800000000001,1
15774,69,1,270.8,87,25,2011-10-02 12:04:00,2011-10-02 12:04:00,0,270.8,1
15775,245,1,104.9,68,7,2011-04-08 12:56:00,2011-04-08 12:56:00,0,104.9,1
15776,133,1,241.62,138,18,2011-07-29 13:46:00,2011-07-29 13:46:00,0,241.62,1
15777,241,4,1047.11,378,18,2010-12-13 16:38:00,2011-04-12 16:43:00,120,261.7775,1
15780,184,3,475.28000000000003,220,26,2010-12-17 11:43:00,2011-06-09 12:01:00,174,158.42666666666668,1
15781,25,3,345.46,180,20,2011-02-07 09:15:00,2011-11-14 14:57:00,280,115.15333333333332,1
15782,10,3,2614.7400000000002,864,34,2011-09-11 14:29:00,2011-11-30 10:49:00,79,871.58,0
15783,11,1,246.3,212,14,2011-11-29 09:50:00,2011-11-29 09:50:00,0,246.3,1
15785,33,5,2328.9700000000003,1612,58,2011-02-17 14:17:00,2011-11-07 11:33:00,262,465.79400000000004,0
15786,46,3,4919.0,3340,257,2011-08-17 13:33:00,2011-10-24 14:13:00,68,1639.6666666666667,0
15787,26,3,933.26,534,156,2011-10-09 13:11:00,2011-11-13 14:55:00,35,311.08666666666664,0
15789,358,1,351.3,438,25,2010-12-16 14:35:00,2010-12-16 14:35:00,0,351.3,1
15790,10,1,218.75,113,34,2011-11-29 14:53:00,2011-11-29 14:53:00,0,218.75,1
15791,44,2,1612.69,731,66,2011-05-19 15:15:00,2011-10-27 10:14:00,160,806.345,0
15793,15,3,965.61,553,6,2011-03-16 10:45:00,2011-11-25 09:31:00,253,321.87,0
15795,150,1,610.01,581,42,2011-07-13 10:43:00,2011-07-13 10:43:00,0,610.01,1
15796,1,8,2708.61,860,70,2011-02-10 15:40:00,2011-12-08 19:55:00,301,338.57625,0
15797,113,4,2207.4,873,8,2011-01-24 15:47:00,2011-08-18 17:04:00,206,551.85,0
15799,76,3,884.14,955,94,2011-01-09 15:13:00,2011-09-25 12:46:00,258,294.7133333333333,0
15800,107,2,696.89,332,116,2011-04-07 12:39:00,2011-08-24 14:23:00,139,348.445,0
15801,46,3,1063.95,570,61,2011-08-22 09:53:00,2011-10-24 13:52:00,63,354.65000000000003,0
15802,143,1,451.42,1,1,2011-07-20 11:38:00,2011-07-20 11:38:00,0,451.42,1
15803,51,1,415.82000000000005,290,8,2011-10-19 14:56:00,2011-10-19 14:56:00,0,415.82000000000005,1
15804,1,13,4206.39,2565,170,2011-05-25 10:12:00,2011-12-09 12:31:00,198,323.5684615384616,0
15805,23,17,5488.18,3367,220,2010-12-10 09:33:00,2011-11-16 16:32:00,341,322.83411764705886,0
15806,46,3,784.58,602,24,2011-03-08 09:24:00,2011-10-24 14:35:00,230,261.5266666666667,0
15807,50,3,903.9,430,48,2011-09-23 14:43:00,2011-10-20 14:10:00,26,301.3,0
15808,306,4,3651.27,1305,142,2010-12-05 13:05:00,2011-02-06 14:33:00,63,912.8175,0
15809,36,5,515.77,301,31,2011-02-10 11:16:00,2011-11-03 16:40:00,266,103.154,0
15810,79,4,1391.98,861,66,2011-02-16 09:11:00,2011-09-22 09:38:00,218,347.995,0
15811,22,6,2218.62,1071,117,2010-12-09 15:29:00,2011-11-17 15:31:00,343,369.77,0
15812,107,5,1801.14,922,36,2011-01-26 12:12:00,2011-08-24 14:19:00,210,360.228,0
15813,208,2,1303.9099999999999,603,40,2011-04-14 09:09:00,2011-05-16 08:13:00,31,651.9549999999999,0
15814,17,4,1945.33,1271,63,2011-10-20 09:04:00,2011-11-23 08:17:00,33,486.3325,0
15815,64,5,2100.6,1856,33,2011-03-25 08:43:00,2011-10-07 12:42:00,196,420.12,0
15819,49,4,1905.45,1357,96,2011-03-08 09:45:00,2011-10-21 14:50:00,227,476.3625,0
15820,320,1,206.98,128,17,2011-01-24 12:00:00,2011-01-24 12:00:00,0,206.98,1
15821,44,2,570.96,202,57,2011-10-09 13:28:00,2011-10-26 15:48:00,17,285.48,1
15822,3,2,885.47,375,28,2010-12-15 13:38:00,2011-12-06 14:50:00,356,442.735,0
15823,372,1,15.0,1,1,2010-12-02 15:08:00,2010-12-02 15:08:00,0,15.0,1
15825,172,1,532.94,220,20,2011-06-20 13:27:00,2011-06-20 13:27:00,0,532.94,1
15826,56,3,1654.31,963,64,2011-05-13 10:44:00,2011-10-14 16:05:00,154,551.4366666666666,0
15827,73,14,1836.0900000000001,882,72,2010-12-02 13:06:00,2011-09-27 15:35:00,299,131.14928571428572,0
15829,99,2,636.14,996,44,2011-07-22 10:23:00,2011-09-01 16:45:00,41,318.07,0
15830,38,1,576.0,415,39,2011-11-02 10:40:00,2011-11-02 10:40:00,0,576.0,1
15831,58,3,794.64,1092,63,2011-01-19 14:52:00,2011-10-12 13:14:00,265,264.88,0
15832,254,1,836.79,465,54,2011-03-30 15:29:00,2011-03-30 15:29:00,0,836.79,1
15834,70,4,2225.15,961,242,2011-03-07 17:52:00,2011-09-30 14:41:00,206,556.2875,0
15835,44,4,954.09,439,47,2011-01-13 10:35:00,2011-10-26 15:47:00,286,238.5225,0
15836,50,1,137.37,26,10,2011-10-20 17:13:00,2011-10-20 17:13:00,0,137.37,1
15837,65,1,391.98,189,24,2011-10-06 09:01:00,2011-10-06 09:01:00,0,391.98,1
15838,11,19,33643.08,18368,54,2010-12-07 11:26:00,2011-11-28 14:00:00,356,1770.6884210526316,0
15839,33,3,1048.49,675,56,2011-07-14 16:35:00,2011-11-06 13:54:00,114,349.49666666666667,0
15840,59,2,355.56,396,26,2011-06-20 11:42:00,2011-10-12 09:08:00,113,177.78,1
15841,73,4,1224.06,942,36,2011-01-05 11:25:00,2011-09-28 12:15:00,266,306.015,0
15843,304,1,118.95000000000002,27,8,2011-02-09 10:19:00,2011-02-09 10:19:00,0,118.95000000000002,1
15844,46,1,130.73999999999998,134,11,2011-10-24 15:19:00,2011-10-24 15:19:00,0,130.73999999999998,1
15845,18,8,3711.77,1926,97,2011-01-06 17:19:00,2011-11-22 09:42:00,319,463.97125,0
15847,38,2,389.27,449,22,2011-02-24 16:46:00,2011-11-01 14:41:00,249,194.635,1
15850,19,2,234.88,298,87,2011-06-24 14:16:00,2011-11-20 14:14:00,148,117.44,1
15852,187,2,160.71,48,22,2011-05-26 13:26:00,2011-06-06 11:22:00,10,80.355,1
15853,52,1,110.8,135,29,2011-10-19 10:38:00,2011-10-19 10:38:00,0,110.8,1
15854,4,12,2969.12,926,105,2010-12-13 11:47:00,2011-12-05 13:39:00,357,247.42666666666665,0
15855,137,5,712.24,470,59,2011-03-21 12:32:00,2011-07-26 10:20:00,126,142.448,0
15856,4,27,16143.64,10866,295,2010-12-09 13:34:00,2011-12-05 17:09:00,361,597.9125925925925,0
15857,19,1,297.0,308,14,2011-11-21 12:18:00,2011-11-21 12:18:00,0,297.0,1
15858,16,5,1427.57,1163,145,2010-12-07 14:31:00,2011-11-24 12:48:00,351,285.514,0
15860,41,8,965.16,437,105,2010-12-06 11:38:00,2011-10-30 11:25:00,327,120.645,0
15861,12,8,3146.92,2528,339,2011-03-17 20:12:00,2011-11-27 15:59:00,254,393.365,0
15862,8,4,832.88,585,142,2010-12-01 11:21:00,2011-12-01 13:28:00,365,208.22,0
15863,26,2,68.84,19,18,2011-05-31 11:36:00,2011-11-14 12:49:00,167,34.42,1
15864,22,6,1936.3200000000002,1192,16,2011-01-27 16:43:00,2011-11-17 13:32:00,293,322.72,0
15865,41,3,895.13,368,37,2011-05-10 11:44:00,2011-10-30 12:43:00,173,298.37666666666667,0
15866,101,1,211.89,124,43,2011-08-30 14:09:00,2011-08-30 14:09:00,0,211.89,1
15867,5,15,3810.14,2052,302,2010-12-05 14:17:00,2011-12-04 13:32:00,363,254.00933333333333,0
15869,277,2,149.64,175,13,2011-03-07 17:19:00,2011-03-07 17:23:00,0,74.82,1
15870,33,1,351.44,333,68,2011-11-07 10:58:00,2011-11-07 10:58:00,0,351.44,1
15872,15,2,316.25,187,101,2011-11-25 11:54:00,2011-11-25 11:55:00,0,158.125,1
15874,64,7,4405.88,2534,110,2011-02-28 13:28:00,2011-10-07 12:31:00,220,629.4114285714286,0
15877,2,2,490.33,368,122,2011-11-22 11:18:00,2011-12-08 11:53:00,16,245.165,0
15880,369,1,329.03000000000003,202,95,2010-12-05 13:00:00,2010-12-05 13:00:00,0,329.03000000000003,1
15881,312,5,501.39000000000004,260,26,2010-12-10 13:32:00,2011-01-31 16:59:00,52,100.278,1
15882,199,4,516.36,276,23,2010-12-06 13:01:00,2011-05-25 11:35:00,169,129.09,1
15883,2,2,396.48,223,42,2011-11-06 14:50:00,2011-12-07 17:05:00,31,198.24,0
15885,93,3,379.35,111,18,2011-02-03 15:28:00,2011-09-08 10:43:00,216,126.45,1
15886,60,1,181.09,147,12,2011-10-10 14:25:00,2011-10-10 14:25:00,0,181.09,1
15888,81,1,168.31,76,11,2011-09-20 12:30:00,2011-09-20 12:30:00,0,168.31,1
15889,157,2,420.07,206,79,2010-12-05 15:12:00,2011-07-06 11:10:00,212,210.035,1
15891,227,1,511.68,418,60,2011-04-27 12:35:00,2011-04-27 12:35:00,0,511.68,1
15894,253,2,258.25,164,35,2010-12-05 14:06:00,2011-03-31 13:50:00,115,129.125,1
15895,150,1,179.17,94,11,2011-07-13 10:27:00,2011-07-13 10:27:00,0,179.17,1
15897,194,2,208.59,223,17,2011-05-29 13:32:00,2011-05-29 13:50:00,0,104.295,1
15898,1,5,1383.83,567,70,2010-12-06 11:01:00,2011-12-08 15:23:00,367,276.76599999999996,0
15899,369,1,56.25,39,4,2010-12-06 10:36:00,2010-12-06 10:36:00,0,56.25,1
15900,24,1,337.28,216,44,2011-11-16 12:19:00,2011-11-16 12:19:00,0,337.28,1
15901,17,3,351.73,379,102,2011-07-08 12:18:00,2011-11-23 12:43:00,138,117.24333333333334,0
15903,10,7,5126.76,2410,46,2011-02-17 14:04:00,2011-11-30 08:08:00,285,732.3942857142857,0
15904,8,1,164.68,84,30,2011-12-01 14:50:00,2011-12-01 14:50:00,0,164.68,1
15906,20,7,1567.69,544,113,2011-03-29 13:28:00,2011-11-20 12:24:00,235,223.9557142857143,0
15907,4,3,882.72,478,175,2011-05-13 13:01:00,2011-12-06 12:21:00,206,294.24,0
15909,174,1,191.94,98,7,2011-06-19 10:38:00,2011-06-19 10:38:00,0,191.94,1
15910,1,8,1228.88,1013,215,2011-01-27 11:55:00,2011-12-09 10:51:00,315,153.61,0
15912,178,2,264.62,185,19,2011-04-20 17:10:00,2011-06-14 14:29:00,54,132.31,1
15916,16,8,1502.8600000000001,752,124,2010-12-08 13:07:00,2011-11-23 13:46:00,350,187.85750000000002,0
15917,248,1,123.1,42,12,2011-04-06 10:40:00,2011-04-06 10:40:00,0,123.1,1
15918,191,2,334.23,153,33,2011-03-13 15:55:00,2011-06-02 11:42:00,80,167.115,1
15919,20,2,525.69,385,103,2010-12-06 11:26:00,2011-11-20 11:28:00,349,262.845,0
15920,154,4,167.5,99,53,2011-07-08 15:16:00,2011-07-08 15:31:00,0,41.875,1
15921,173,1,323.03000000000003,162,24,2011-06-20 11:03:00,2011-06-20 11:03:00,0,323.03000000000003,1
15922,373,1,369.5,138,11,2010-12-01 13:51:00,2010-12-01 13:51:00,0,369.5,1
15923,373,1,127.08,122,21,2010-12-02 12:16:00,2010-12-02 12:16:00,0,127.08,1
15925,194,1,207.15,93,12,2011-05-29 15:35:00,2011-05-29 15:35:00,0,207.15,1
15930,67,1,426.63,139,21,2011-10-03 14:52:00,2011-10-03 14:52:00,0,426.63,1
15932,4,8,2495.87,2325,93,2011-02-23 14:50:00,2011-12-05 17:13:00,285,311.98375,0
15933,21,3,1107.46,885,63,2011-09-14 12:05:00,2011-11-18 13:14:00,65,369.15333333333336,0
15935,239,2,416.86,115,12,2011-04-12 09:35:00,2011-04-14 13:27:00,2,208.43,1
15937,64,1,145.35,73,7,2011-10-06 15:48:00,2011-10-06 15:48:00,0,145.35,1
15938,112,5,404.58,240,13,2011-01-20 10:11:00,2011-08-19 12:56:00,211,80.916,1
15939,90,15,6115.01,4728,28,2011-01-12 12:43:00,2011-09-11 11:30:00,241,407.6673333333334,0
15940,311,1,35.8,4,1,2011-02-01 16:18:00,2011-02-01 16:18:00,0,35.8,1
15942,134,1,337.44,232,14,2011-07-29 09:01:00,2011-07-29 09:01:00,0,337.44,1
15944,277,1,325.1,50,6,2011-03-08 10:33:00,2011-03-08 10:33:00,0,325.1,1
15945,365,1,181.0,52,2,2010-12-09 13:14:00,2010-12-09 13:14:00,0,181.0,1
15947,83,1,1708.24,898,29,2011-09-18 10:46:00,2011-09-18 10:46:00,0,1708.24,1
15948,8,2,955.24,567,51,2011-10-27 08:35:00,2011-12-01 15:32:00,35,477.62,0
15949,17,2,364.72,284,12,2011-09-29 17:34:00,2011-11-23 09:09:00,54,182.36,1
15950,32,4,1744.71,719,86,2010-12-15 11:56:00,2011-11-08 11:09:00,327,436.1775,0
15951,9,2,708.22,313,36,2011-02-27 11:57:00,2011-12-01 08:34:00,276,354.11,0
15952,34,4,781.91,391,65,2011-04-28 12:55:00,2011-11-06 11:18:00,191,195.4775,0
15953,15,8,1657.28,891,63,2010-12-05 15:15:00,2011-11-24 15:32:00,354,207.16,0
15955,24,14,4416.26,2135,137,2010-12-02 11:22:00,2011-11-15 14:15:00,348,315.44714285714286,0
15957,32,1,428.89,211,40,2011-11-08 12:14:00,2011-11-08 12:14:00,0,428.89,1
15958,74,1,104.35,33,7,2011-09-26 13:41:00,2011-09-26 13:41:00,0,104.35,1
15963,20,2,470.76,298,26,2011-10-25 13:05:00,2011-11-20 11:33:00,25,235.38,1
15965,17,4,808.87,434,88,2010-12-07 13:18:00,2011-11-22 16:44:00,350,202.2175,0
15967,23,2,397.68,205,73,2011-01-25 11:57:00,2011-11-16 15:41:00,295,198.84,0
15969,3,3,666.1,124,20,2011-06-07 12:19:00,2011-12-07 11:06:00,182,222.03333333333333,0
15970,304,1,314.1,116,11,2011-02-09 12:08:00,2011-02-09 12:08:00,0,314.1,1
15971,18,12,4199.85,1717,10,2011-02-01 16:47:00,2011-11-22 12:50:00,293,349.9875,0
15973,367,1,307.82000000000005,106,4,2010-12-08 11:42:00,2010-12-08 11:42:00,0,307.82000000000005,1
15974,39,7,3442.15,2262,141,2011-02-24 10:10:00,2011-10-31 13:13:00,249,491.7357142857143,0
15975,84,1,371.01,243,24,2011-09-16 13:33:00,2011-09-16 13:33:00,0,371.01,1
15976,165,2,427.64,275,83,2011-05-03 17:12:00,2011-06-27 13:00:00,54,213.82,1
15977,17,2,1054.73,1016,48,2011-10-31 16:24:00,2011-11-22 13:29:00,21,527.365,0
15978,77,1,1098.78,888,49,2011-09-23 15:21:00,2011-09-23 15:21:00,0,1098.78,1
15980,89,3,2398.86,1560,40,2011-03-30 15:05:00,2011-09-12 09:41:00,165,799.62,0
15981,25,8,3408.48,1866,53,2011-02-01 13:50:00,2011-11-15 08:00:00,286,426.06,0
15983,22,4,1465.12,886,82,2010-12-01 12:15:00,2011-11-17 17:34:00,351,366.28,0
15984,3,10,2780.63,1815,217,2010-12-06 13:21:00,2011-12-07 12:16:00,365,278.063,0
15985,123,2,1142.42,1086,29,2011-04-17 11:04:00,2011-08-08 16:31:00,113,571.21,0
15986,30,1,168.12,268,14,2011-11-09 15:17:00,2011-11-09 15:17:00,0,168.12,1
15987,12,7,1432.77,1533,110,2010-12-06 08:34:00,2011-11-27 15:38:00,356,204.68142857142857,0
15988,19,1,156.78,180,26,2011-11-20 13:23:00,2011-11-20 13:23:00,0,156.78,1
15990,44,2,792.11,443,52,2011-02-25 15:35:00,2011-10-26 15:58:00,243,396.055,0
15992,4,1,41.989999999999995,17,3,2011-12-06 11:00:00,2011-12-06 11:00:00,0,41.989999999999995,1
15993,9,7,2777.67,2037,335,2011-10-26 16:21:00,2011-12-01 10:45:00,35,396.81,0
15994,55,1,414.27,173,31,2011-10-16 12:28:00,2011-10-16 12:28:00,0,414.27,1
15996,88,6,1032.58,380,103,2010-12-08 15:59:00,2011-09-12 15:14:00,277,172.09666666666666,0
15998,37,5,3080.22,2032,370,2010-12-12 13:32:00,2011-11-03 12:45:00,325,616.044,0
16000,3,3,12393.7,5110,9,2011-12-07 12:14:00,2011-12-07 12:17:00,0,4131.233333333334,0
16003,30,5,2735.37,1185,82,2010-12-15 12:09:00,2011-11-10 09:57:00,329,547.074,0
16005,12,4,578.71,280,173,2011-03-14 11:46:00,2011-11-27 13:47:00,258,144.6775,0
16006,211,1,101.4,84,8,2011-05-12 13:12:00,2011-05-12 13:12:00,0,101.4,1
16007,48,4,1693.81,1388,221,2011-05-08 13:32:00,2011-10-23 11:05:00,167,423.4525,0
16008,24,3,478.78,323,29,2011-05-19 10:54:00,2011-11-16 10:32:00,180,159.59333333333333,0
16009,22,4,972.11,366,68,2011-07-03 11:26:00,2011-11-17 16:51:00,137,243.0275,0
16010,246,3,392.4,202,62,2010-12-12 12:18:00,2011-04-08 10:14:00,116,130.79999999999998,1
16011,8,16,3352.96,2035,99,2010-12-08 16:34:00,2011-12-01 16:31:00,357,209.56,0
16012,35,3,1415.29,799,87,2011-07-07 18:02:00,2011-11-04 13:25:00,119,471.7633333333333,0
16013,4,47,37130.6,15536,30,2010-12-03 13:09:00,2011-12-06 10:36:00,367,790.0127659574467,0
16014,38,3,646.83,258,123,2011-02-21 17:42:00,2011-11-02 12:04:00,253,215.61,0
16015,4,3,704.55,907,146,2011-10-21 12:56:00,2011-12-06 10:58:00,45,234.85,0
16016,3,8,1465.51,602,156,2010-12-08 12:36:00,2011-12-06 14:35:00,363,183.18875,0
16017,47,1,211.88,102,26,2011-10-23 12:56:00,2011-10-23 12:56:00,0,211.88,1
16018,39,2,408.90000000000003,190,26,2011-06-12 13:52:00,2011-10-31 14:13:00,141,204.45000000000002,1
16019,47,9,3786.2400000000002,1733,133,2010-12-10 12:29:00,2011-10-24 11:51:00,317,420.6933333333334,0
16020,17,3,851.01,487,42,2011-10-05 13:54:00,2011-11-23 11:18:00,48,283.67,0
16022,260,1,602.63,255,68,2011-03-24 13:16:00,2011-03-24 13:16:00,0,602.63,1
16023,46,3,719.81,358,90,2011-03-18 13:32:00,2011-10-24 16:34:00,220,239.93666666666664,0
16024,12,1,251.03,397,61,2011-11-27 13:26:00,2011-11-27 13:26:00,0,251.03,1
16025,30,1,439.65999999999997,338,28,2011-11-10 11:45:00,2011-11-10 11:45:00,0,439.65999999999997,1
16026,43,1,236.09,243,30,2011-10-27 13:53:00,2011-10-27 13:53:00,0,236.09,1
16027,92,6,934.62,1147,11,2011-02-10 12:19:00,2011-09-09 10:47:00,210,155.77,0
16029,39,63,80850.84,40108,44,2010-12-01 09:57:00,2011-11-01 10:27:00,335,1283.3466666666666,0
16030,310,1,331.24,283,28,2011-02-03 11:28:00,2011-02-03 11:28:00,0,331.24,1
16031,92,2,547.9,421,91,2011-04-06 14:23:00,2011-09-08 13:07:00,154,273.95,0
16033,6,20,8778.82,3529,538,2010-12-05 10:36:00,2011-12-04 12:44:00,364,438.941,0
16034,196,3,437.7,242,18,2011-01-11 11:54:00,2011-05-27 16:17:00,136,145.9,1
16036,87,2,758.92,716,55,2011-03-21 13:01:00,2011-09-13 14:53:00,176,379.46,0
16037,270,3,855.02,428,37,2010-12-16 10:18:00,2011-03-15 09:13:00,88,285.00666666666666,1
16038,8,3,471.78000000000003,244,24,2011-05-22 11:29:00,2011-12-02 12:40:00,194,157.26000000000002,0
16040,65,3,1313.55,684,57,2011-03-16 09:58:00,2011-10-05 13:47:00,203,437.84999999999997,0
16041,31,3,3166.4,1584,6,2011-07-21 16:27:00,2011-11-09 12:25:00,110,1055.4666666666667,0
16042,22,5,1177.47,743,68,2011-01-11 13:25:00,2011-11-17 17:50:00,310,235.494,0
16043,38,4,773.99,503,30,2011-01-26 11:14:00,2011-11-02 12:50:00,280,193.4975,0
16045,120,4,1340.7,897,71,2011-02-22 14:55:00,2011-08-12 12:41:00,170,335.175,0
16048,373,2,256.44,144,8,2010-12-01 15:27:00,2010-12-01 15:28:00,0,128.22,1
16049,40,3,1074.81,763,248,2011-09-25 14:33:00,2011-10-30 13:19:00,34,358.27,0
16050,174,1,137.9,278,10,2011-06-19 11:44:00,2011-06-19 11:44:00,0,137.9,1
16052,54,1,362.06,282,34,2011-10-16 15:13:00,2011-10-16 15:13:00,0,362.06,1
16053,33,2,1511.95,1793,81,2011-08-09 14:57:00,2011-11-07 11:21:00,89,755.975,0
16054,145,1,783.9,380,70,2011-07-17 13:08:00,2011-07-17 13:08:00,0,783.9,1
16055,221,1,134.8,22,8,2011-05-03 09:26:00,2011-05-03 09:26:00,0,134.8,1
16056,45,1,650.75,345,66,2011-10-25 15:19:00,2011-10-25 15:19:00,0,650.75,1
16057,16,7,2263.12,863,109,2011-02-28 10:35:00,2011-11-23 15:23:00,268,323.30285714285714,0
16059,66,6,1453.16,641,126,2010-12-07 10:36:00,2011-10-05 09:56:00,301,242.19333333333336,0
16062,10,4,1153.62,800,50,2010-12-10 12:00:00,2011-11-30 12:15:00,355,288.405,0
16063,260,1,335.32,262,23,2011-03-24 14:55:00,2011-03-24 14:56:00,0,335.32,1
16065,365,1,367.14,228,71,2010-12-09 13:03:00,2010-12-09 13:03:00,0,367.14,1
16066,17,5,1521.04,935,77,2011-08-07 14:33:00,2011-11-23 11:54:00,107,304.20799999999997,0
16070,22,2,852.15,457,32,2011-11-07 16:36:00,2011-11-17 15:50:00,9,426.075,0
16071,45,1,326.24,180,21,2011-10-26 11:14:00,2011-10-26 11:14:00,0,326.24,1
16072,288,1,584.3199999999999,140,23,2011-02-24 14:32:00,2011-02-24 14:32:00,0,584.3199999999999,1
16073,297,1,122.39999999999999,48,1,2011-02-15 15:41:00,2011-02-15 15:41:00,0,122.39999999999999,1
16076,3,10,2234.73,1435,71,2011-05-15 12:31:00,2011-12-06 14:59:00,205,223.473,0
16078,284,1,79.2,16,1,2011-03-01 09:47:00,2011-03-01 09:47:00,0,79.2,1
16079,17,3,1352.0,864,18,2011-10-30 13:06:00,2011-11-23 12:48:00,23,450.6666666666667,0
16080,82,2,217.16,128,10,2011-03-10 14:44:00,2011-09-19 10:42:00,192,108.58,1
16081,56,5,2799.42,1473,175,2010-12-08 11:16:00,2011-10-14 13:06:00,310,559.884,0
16083,101,2,1317.62,908,31,2010-12-14 11:51:00,2011-08-31 10:47:00,259,658.81,0
16084,299,1,436.18,216,38,2011-02-13 16:05:00,2011-02-13 16:05:00,0,436.18,1
16085,23,5,981.51,636,123,2011-01-23 12:07:00,2011-11-16 13:24:00,297,196.302,0
16086,59,5,1121.39,511,24,2010-12-07 13:45:00,2011-10-11 13:09:00,307,224.27800000000002,0
16091,155,2,315.06,154,16,2011-05-25 09:18:00,2011-07-08 08:45:00,43,157.53,1
16092,115,3,817.86,628,37,2011-03-30 15:38:00,2011-08-17 10:46:00,139,272.62,0
16093,107,1,17.0,20,1,2011-08-25 11:09:00,2011-08-25 11:09:00,0,17.0,1
16094,12,4,1078.23,647,48,2011-05-04 13:57:00,2011-11-28 12:45:00,207,269.5575,0
16096,264,1,320.62,155,12,2011-03-20 13:38:00,2011-03-20 13:38:00,0,320.62,1
16097,240,1,185.04999999999998,87,10,2011-04-13 13:47:00,2011-04-13 13:47:00,0,185.04999999999998,1
16098,88,7,2005.63,613,34,2010-12-01 09:45:00,2011-09-13 09:59:00,286,286.5185714285714,0
16099,50,3,731.9,434,29,2011-04-28 08:34:00,2011-10-20 13:13:00,175,243.96666666666667,0
16101,71,1,1290.7,757,76,2011-09-30 10:18:00,2011-09-30 10:18:00,0,1290.7,0
16102,42,3,1842.14,942,41,2011-08-03 12:50:00,2011-10-28 13:19:00,86,614.0466666666667,0
16103,7,6,1429.64,558,30,2011-04-20 12:28:00,2011-12-02 14:16:00,226,238.27333333333334,0
16104,62,1,298.21,122,28,2011-10-09 10:23:00,2011-10-09 10:23:00,0,298.21,1
16105,249,1,336.96,330,13,2011-04-05 10:13:00,2011-04-05 10:13:00,0,336.96,1
16106,66,1,108.38,74,6,2011-10-05 10:37:00,2011-10-05 10:37:00,0,108.38,1
16107,18,7,3204.1600000000003,1176,16,2011-06-09 18:42:00,2011-11-22 09:40:00,165,457.7371428571429,0
16108,85,1,842.5,615,48,2011-09-16 11:48:00,2011-09-16 11:48:00,0,842.5,1
16109,219,2,611.88,612,18,2011-02-04 12:37:00,2011-05-05 09:17:00,89,305.94,1
16110,45,3,1320.95,720,283,2011-02-01 14:01:00,2011-10-25 14:35:00,266,440.31666666666666,0
16112,143,4,195.73999999999998,574,15,2011-01-05 11:47:00,2011-07-19 14:28:00,195,48.934999999999995,1
16113,183,1,161.38,176,30,2011-06-09 16:16:00,2011-06-09 16:16:00,0,161.38,1
16114,171,1,135.75000000000003,43,8,2011-06-22 10:13:00,2011-06-22 10:13:00,0,135.75000000000003,1
16115,10,8,1660.8799999999999,994,169,2011-02-20 12:14:00,2011-11-30 11:32:00,282,207.60999999999999,0
16116,212,1,612.78,248,34,2011-05-12 12:01:00,2011-05-12 12:01:00,0,612.78,1
16117,190,1,232.21,130,30,2011-06-03 11:42:00,2011-06-03 11:42:00,0,232.21,1
16119,8,2,423.36,240,14,2011-09-28 10:15:00,2011-12-01 15:11:00,64,211.68,1
16120,59,4,1309.14,878,26,2011-10-11 14:10:00,2011-10-11 14:22:00,0,327.285,1
16121,57,2,854.66,576,170,2011-05-08 11:52:00,2011-10-13 12:59:00,158,427.33,0
16122,73,4,684.4200000000001,1128,26,2010-12-08 11:41:00,2011-09-27 15:34:00,293,171.10500000000002,0
16123,52,1,307.78,170,16,2011-10-19 09:18:00,2011-10-19 09:18:00,0,307.78,1
16124,317,1,249.0,48,11,2011-01-26 14:45:00,2011-01-26 14:45:00,0,249.0,1
16125,367,1,289.35,124,13,2010-12-07 15:48:00,2010-12-07 15:48:00,0,289.35,1
16126,29,4,6287.77,2125,57,2011-02-16 11:18:00,2011-11-10 16:03:00,267,1571.9425,0
16127,39,1,656.25,323,40,2011-10-31 13:58:00,2011-10-31 13:58:00,0,656.25,1
16128,18,5,1880.22,988,76,2011-03-02 12:21:00,2011-11-22 11:14:00,264,376.044,0
16131,52,6,3506.54,1802,55,2011-04-14 08:32:00,2011-10-19 11:53:00,188,584.4233333333333,0
16133,4,33,14589.04,8887,219,2011-01-25 15:55:00,2011-12-06 11:24:00,314,442.09212121212124,0
16134,22,2,618.09,371,34,2010-12-15 14:00:00,2011-11-18 10:05:00,337,309.045,0
16135,263,1,517.55,209,21,2011-03-22 12:30:00,2011-03-22 12:30:00,0,517.55,1
16136,60,3,709.38,440,35,2011-03-07 09:52:00,2011-10-11 09:10:00,217,236.46,0
16139,19,3,635.41,330,25,2011-05-17 10:23:00,2011-11-21 08:37:00,187,211.8033333333333,0
16140,66,2,725.18,730,32,2010-12-03 14:40:00,2011-10-05 12:15:00,305,362.59,0
16141,88,1,620.4,238,30,2011-09-12 13:11:00,2011-09-12 13:11:00,0,620.4,1
16142,250,1,535.34,422,37,2011-04-04 10:16:00,2011-04-04 10:16:00,0,535.34,1
16143,3,6,2424.94,919,75,2010-12-05 15:18:00,2011-12-06 14:13:00,365,404.1566666666667,0
16144,247,1,175.2,16,1,2011-04-07 10:09:00,2011-04-07 10:09:00,0,175.2,1
16145,9,11,3799.4900000000002,3123,134,2010-12-15 09:09:00,2011-12-01 10:33:00,351,345.40818181818184,0
16146,157,3,734.13,427,26,2011-04-21 15:25:00,2011-07-05 14:20:00,74,244.71,1
16147,134,1,375.0,246,22,2011-07-29 09:57:00,2011-07-29 09:57:00,0,375.0,1
16148,296,1,76.32000000000001,72,1,2011-02-16 14:01:00,2011-02-16 14:01:00,0,76.32000000000001,1
16149,5,2,280.52,308,18,2011-07-20 14:54:00,2011-12-05 11:29:00,137,140.26,1
16150,43,5,2053.02,1047,91,2010-12-02 18:27:00,2011-10-28 12:39:00,329,410.604,0
16152,269,1,1829.04,642,29,2011-03-16 09:47:00,2011-03-16 09:47:00,0,1829.04,1
16153,50,5,1824.23,1073,78,2010-12-20 09:22:00,2011-10-21 10:50:00,305,364.846,0
16156,9,9,3092.04,1273,108,2011-02-02 12:02:00,2011-12-01 12:42:00,302,343.56,0
16157,16,3,656.69,347,12,2011-09-28 11:48:00,2011-11-24 11:41:00,56,218.89666666666668,1
16159,282,1,348.2,236,14,2011-03-03 12:27:00,2011-03-03 12:27:00,0,348.2,1
16160,65,2,1025.44,1162,20,2011-09-15 10:53:00,2011-10-05 14:19:00,20,512.72,0
16161,2,19,5533.67,2583,286,2010-12-06 10:03:00,2011-12-08 12:10:00,367,291.2457894736842,0
16162,252,1,37.4,4,2,2011-04-01 15:03:00,2011-04-01 15:03:00,0,37.4,1
16163,232,2,856.6,192,5,2010-12-09 16:28:00,2011-04-21 15:15:00,132,428.3,1
16164,17,3,822.48,433,27,2011-10-28 09:12:00,2011-11-22 15:04:00,25,274.16,0
16168,11,27,3787.6,1892,57,2010-12-05 11:38:00,2011-11-29 12:45:00,359,140.28148148148148,0
16169,8,4,1822.97,1325,71,2011-09-25 11:33:00,2011-12-01 15:28:00,67,455.7425,0
16170,51,6,1885.05,1770,106,2011-04-05 13:42:00,2011-10-20 08:21:00,197,314.175,0
16171,59,1,73.2,24,3,2011-10-11 14:51:00,2011-10-11 14:51:00,0,73.2,1
16172,95,5,1140.21,787,52,2011-04-12 12:02:00,2011-09-05 13:22:00,146,228.042,0
16173,16,6,1418.32,575,70,2011-09-02 15:23:00,2011-11-24 10:53:00,82,236.38666666666666,0
16174,126,3,1009.5500000000001,651,19,2011-07-11 09:23:00,2011-08-05 13:26:00,25,336.5166666666667,1
16175,94,4,1037.59,533,45,2011-04-13 14:38:00,2011-09-06 14:32:00,145,259.3975,0
16177,50,1,331.95,95,15,2011-10-20 12:57:00,2011-10-20 12:57:00,0,331.95,1
16178,138,1,197.9,94,8,2011-07-24 16:05:00,2011-07-24 16:05:00,0,197.9,1
16179,61,1,215.83,99,11,2011-10-10 09:41:00,2011-10-10 09:41:00,0,215.83,1
16180,100,8,10254.18,5867,90,2011-04-01 10:23:00,2011-08-31 16:28:00,152,1281.7725,0
16181,73,1,305.54,152,11,2011-09-27 13:38:00,2011-09-27 13:38:00,0,305.54,1
16182,72,4,6617.65,3791,17,2011-02-18 10:11:00,2011-09-28 13:23:00,222,1654.4125,0
16183,67,1,338.71000000000004,113,15,2011-10-03 14:59:00,2011-10-03 14:59:00,0,338.71000000000004,1
16184,64,6,1158.79,561,26,2011-05-12 13:33:00,2011-10-06 17:43:00,147,193.13166666666666,0
16185,17,2,529.41,260,31,2011-04-21 11:59:00,2011-11-23 09:41:00,215,264.705,0
16186,23,12,4006.94,3020,87,2010-12-02 14:40:00,2011-11-17 12:43:00,349,333.9116666666667,0
16187,32,15,6911.4400000000005,5048,160,2011-02-28 13:34:00,2011-11-08 09:50:00,252,460.7626666666667,0
16188,45,4,981.86,782,65,2011-04-11 09:44:00,2011-10-26 12:19:00,198,245.465,0
16189,16,2,215.48,134,9,2011-09-15 15:21:00,2011-11-24 11:47:00,69,107.74,1
16190,40,1,215.08,88,6,2011-10-30 15:59:00,2011-10-30 15:59:00,0,215.08,1
16191,3,13,5180.52,3351,65,2010-12-14 12:38:00,2011-12-07 11:26:00,357,398.5015384615385,0
16193,237,1,314.45,219,19,2011-04-17 11:45:00,2011-04-17 11:45:00,0,314.45,1
16198,75,1,400.68100000000004,129,15,2011-09-25 14:58:00,2011-09-25 14:58:00,0,400.68100000000004,1
16200,4,2,1068.8700000000001,516,149,2011-06-28 15:47:00,2011-12-05 14:40:00,159,534.4350000000001,0
16201,3,4,1863.47,1286,74,2011-08-22 10:47:00,2011-12-06 16:02:00,106,465.8675,0
16202,361,1,365.27,191,18,2010-12-14 10:43:00,2010-12-14 10:43:00,0,365.27,1
16203,59,4,592.9,262,27,2010-12-02 15:39:00,2011-10-12 12:31:00,313,148.225,0
16204,23,1,384.18,218,45,2011-11-16 13:40:00,2011-11-16 13:40:00,0,384.18,1
16205,31,4,757.63,516,73,2011-06-13 11:33:00,2011-11-09 09:32:00,148,189.4075,0
16206,55,4,537.0600000000001,272,52,2011-01-16 11:07:00,2011-10-16 10:41:00,272,134.26500000000001,0
16207,25,1,394.38,140,19,2011-11-14 13:51:00,2011-11-14 13:51:00,0,394.38,1
16208,45,2,664.26,333,61,2011-02-23 13:37:00,2011-10-26 11:36:00,244,332.13,0
16209,89,5,2262.62,1179,37,2011-04-07 12:23:00,2011-09-12 11:58:00,157,452.524,0
16210,2,18,21086.3,7559,74,2010-12-01 12:27:00,2011-12-08 12:36:00,372,1171.461111111111,0
16211,89,1,547.02,154,23,2011-09-12 12:11:00,2011-09-12 12:11:00,0,547.02,1
16212,19,2,690.34,244,40,2011-03-01 12:51:00,2011-11-20 13:00:00,264,345.17,0
16213,79,1,159.0,48,6,2011-09-22 10:03:00,2011-09-22 10:03:00,0,159.0,1
16214,171,3,1062.75,420,36,2011-03-15 13:23:00,2011-06-22 11:30:00,98,354.25,0
16215,81,1,242.35,104,14,2011-09-20 10:18:00,2011-09-20 10:18:00,0,242.35,1
16216,267,1,914.9300000000001,254,37,2011-03-17 15:34:00,2011-03-17 15:34:00,0,914.9300000000001,1
16217,235,2,304.25,91,13,2011-03-02 15:28:00,2011-04-18 13:31:00,46,152.125,1
16218,30,7,3084.68,2088,56,2010-12-01 11:29:00,2011-11-10 09:59:00,343,440.6685714285714,0
16221,37,3,860.86,714,90,2010-12-07 13:13:00,2011-11-03 11:43:00,330,286.9533333333333,0
16222,318,1,773.5500000000001,325,120,2011-01-25 13:38:00,2011-01-25 13:38:00,0,773.5500000000001,1
16224,57,4,1295.3,1116,90,2011-04-04 12:00:00,2011-10-13 17:51:00,192,323.825,0
16225,45,5,1096.32,493,109,2011-03-07 12:17:00,2011-10-26 08:30:00,232,219.26399999999998,0
16226,203,3,255.12,192,6,2011-04-18 12:58:00,2011-05-20 14:41:00,32,85.04,1
16227,225,1,314.22,90,6,2011-04-28 13:33:00,2011-04-28 13:33:00,0,314.22,1
16229,87,2,1010.6,318,46,2011-05-11 10:18:00,2011-09-13 17:16:00,125,505.3,0
16230,190,2,542.03,365,32,2011-05-03 15:12:00,2011-06-03 10:06:00,30,271.015,1
16232,44,4,990.88,550,24,2011-05-08 14:05:00,2011-10-27 12:16:00,171,247.72,0
16233,71,3,536.6800000000001,174,22,2010-12-08 12:51:00,2011-09-29 17:27:00,295,178.89333333333335,1
16235,41,5,867.31,330,42,2011-01-11 15:42:00,2011-10-30 10:56:00,291,173.462,0
16236,78,1,432.2,184,20,2011-09-22 14:10:00,2011-09-22 14:10:00,0,432.2,1
16239,57,2,414.2,228,18,2011-06-03 09:30:00,2011-10-14 08:29:00,132,207.1,1
16240,24,2,3718.8,1641,126,2011-09-23 13:44:00,2011-11-15 14:30:00,53,1859.4,0
16241,10,13,2590.31,1443,347,2010-12-05 11:04:00,2011-11-30 11:08:00,360,199.2546153846154,0
16242,8,7,3579.86,1969,184,2011-03-07 17:04:00,2011-12-01 15:12:00,268,511.40857142857146,0
16243,34,2,409.1,110,49,2011-10-16 12:09:00,2011-11-06 12:32:00,21,204.55,1
16244,212,2,1522.75,855,88,2010-12-02 11:41:00,2011-05-12 10:18:00,160,761.375,0
16245,24,3,1413.66,1014,80,2011-03-28 09:30:00,2011-11-16 10:14:00,233,471.22,0
16247,170,1,114.56,182,16,2011-06-22 14:23:00,2011-06-22 14:23:00,0,114.56,1
16248,62,1,152.94,78,7,2011-10-09 11:32:00,2011-10-09 11:32:00,0,152.94,1
16249,53,5,1800.07,950,67,2011-04-14 13:50:00,2011-10-18 10:07:00,186,360.014,0
16250,261,2,389.44,208,22,2010-12-01 09:59:00,2011-03-23 15:07:00,112,194.72,1
16253,67,2,3683.86,3233,114,2011-03-29 13:33:00,2011-10-04 09:09:00,188,1841.93,0
16255,17,8,2619.91,1767,146,2010-12-09 14:25:00,2011-11-23 12:40:00,348,327.48875,0
16256,267,1,752.4300000000001,581,13,2011-03-18 12:18:00,2011-03-18 12:18:00,0,752.4300000000001,1
16257,177,1,46.95,2,2,2011-06-16 10:11:00,2011-06-16 10:11:00,0,46.95,1
16258,45,5,5203.51,2994,111,2011-05-04 14:33:00,2011-10-25 13:30:00,173,1040.702,0
16260,51,1,1035.45,311,18,2011-10-20 09:40:00,2011-10-20 09:40:00,0,1035.45,1
16261,17,4,728.54,301,98,2011-04-07 19:05:00,2011-11-22 17:23:00,228,182.135,0
16265,9,9,5447.0,2646,164,2010-12-10 10:21:00,2011-11-30 16:41:00,355,605.2222222222222,0
16266,74,7,861.89,398,44,2011-05-17 14:50:00,2011-09-27 12:08:00,132,123.12714285714286,0
16268,71,2,667.65,533,45,2011-09-29 18:30:00,2011-09-29 18:30:00,0,333.825,1
16270,353,1,1141.24,688,54,2010-12-21 14:26:00,2010-12-21 14:26:00,0,1141.24,1
16271,3,5,1404.64,1024,89,2010-12-16 16:36:00,2011-12-07 12:45:00,355,280.928,0
16272,117,1,411.7,224,25,2011-08-15 10:53:00,2011-08-15 10:54:00,0,411.7,1
16274,373,1,351.75,153,64,2010-12-01 15:35:00,2010-12-01 15:35:00,0,351.75,1
16275,197,1,559.87,336,33,2011-05-27 12:41:00,2011-05-27 12:41:00,0,559.87,1
16276,177,1,810.6000000000001,420,6,2011-06-16 09:34:00,2011-06-16 09:34:00,0,810.6000000000001,1
16278,100,1,566.38,114,23,2011-08-31 17:12:00,2011-08-31 17:12:00,0,566.38,1
16279,21,3,1502.78,1046,102,2011-06-16 11:50:00,2011-11-18 15:00:00,155,500.9266666666667,0
16281,72,1,2062.06,934,17,2011-09-28 14:57:00,2011-09-28 14:57:00,0,2062.06,1
16282,340,1,168.3,114,11,2011-01-04 11:42:00,2011-01-04 11:42:00,0,168.3,1
16283,6,5,1570.81,1236,117,2011-05-15 13:37:00,2011-12-04 12:08:00,202,314.162,0
16284,31,2,812.68,535,87,2011-10-20 13:54:00,2011-11-08 16:12:00,19,406.34,0
16287,170,1,142.5,298,8,2011-06-23 09:08:00,2011-06-23 09:08:00,0,142.5,1
16292,122,1,302.25,191,17,2011-08-10 12:24:00,2011-08-10 12:24:00,0,302.25,1
16293,22,10,2248.9900000000002,982,102,2010-12-07 15:02:00,2011-11-18 09:58:00,345,224.89900000000003,0
16295,10,4,1328.55,841,70,2011-10-06 10:45:00,2011-11-30 08:17:00,54,332.1375,0
16297,269,1,301.9,206,20,2011-03-16 08:29:00,2011-03-16 08:29:00,0,301.9,1
16298,23,3,598.2,198,22,2011-06-06 10:06:00,2011-11-17 11:59:00,164,199.4,1
16302,127,1,233.22,158,11,2011-08-05 09:44:00,2011-08-05 09:44:00,0,233.22,1
16303,26,3,5360.63,2659,119,2011-01-10 14:16:00,2011-11-14 10:49:00,307,1786.8766666666668,0
16305,139,1,361.21999999999997,256,22,2011-07-24 12:18:00,2011-07-24 12:18:00,0,361.21999999999997,1
16306,214,6,632.27,487,36,2010-12-07 15:18:00,2011-05-10 12:12:00,153,105.37833333333333,0
16308,38,4,2560.0,8000,1,2011-03-23 14:46:00,2011-11-02 11:24:00,223,640.0,0
16309,106,2,706.57,467,39,2011-04-13 11:46:00,2011-08-25 15:35:00,134,353.285,0
16311,18,2,616.26,394,35,2011-10-21 13:13:00,2011-11-22 08:54:00,31,308.13,0
16313,3,2,274.15000000000003,165,16,2011-10-21 09:04:00,2011-12-06 13:02:00,46,137.07500000000002,1
16315,331,1,226.37,75,14,2011-01-13 11:57:00,2011-01-13 11:57:00,0,226.37,1
16316,64,8,2938.91,1484,120,2010-12-16 14:26:00,2011-10-06 13:48:00,293,367.36375,0
16317,120,3,1341.65,890,64,2011-02-15 14:30:00,2011-08-12 12:46:00,177,447.2166666666667,0
16318,35,1,328.15,199,19,2011-11-04 13:05:00,2011-11-04 13:05:00,0,328.15,1
16319,218,1,404.40000000000003,72,3,2011-05-06 11:27:00,2011-05-06 11:27:00,0,404.40000000000003,1
16320,172,2,1038.46,732,56,2011-05-10 15:31:00,2011-06-20 15:25:00,40,519.23,0
16321,72,5,373.65000000000003,135,7,2011-01-20 12:11:00,2011-09-28 14:55:00,251,74.73,1
16322,1,2,326.75,231,28,2011-11-03 14:33:00,2011-12-08 15:41:00,35,163.375,1
16323,196,1,207.50000000000003,50,1,2011-05-27 14:48:00,2011-05-27 14:48:00,0,207.50000000000003,1
16324,128,3,408.59000000000003,270,100,2011-06-15 14:26:00,2011-08-03 12:58:00,48,136.1966666666667,1
16325,47,3,594.24,194,14,2011-04-08 09:20:00,2011-10-24 08:48:00,198,198.08,1
16326,6,14,3039.2200000000003,682,158,2011-01-09 12:01:00,2011-12-04 10:11:00,328,217.08714285714288,0
16327,14,6,3820.27,2560,142,2010-12-05 12:43:00,2011-11-25 13:23:00,355,636.7116666666667,0
16330,18,3,251.91,147,39,2011-08-19 17:08:00,2011-11-22 12:24:00,94,83.97,1
16332,28,7,1582.8,797,125,2011-02-07 14:16:00,2011-11-11 14:22:00,277,226.1142857142857,0
16333,8,22,26626.8,32184,9,2011-02-03 10:50:00,2011-12-02 12:19:00,302,1210.3090909090909,0
16337,37,1,151.05,87,10,2011-11-03 10:03:00,2011-11-03 10:03:00,0,151.05,1
16338,157,1,214.79999999999998,94,11,2011-07-05 13:56:00,2011-07-05 13:56:00,0,214.79999999999998,1
16339,284,1,94.05,21,17,2011-02-28 13:41:00,2011-02-28 13:41:00,0,94.05,1
16340,107,1,534.31,486,124,2011-08-24 14:53:00,2011-08-24 14:53:00,0,534.31,1
16341,25,4,1971.87,1398,60,2011-05-22 13:20:00,2011-11-15 09:12:00,176,492.9675,0
16342,75,4,322.41,157,10,2011-06-13 10:10:00,2011-09-25 14:36:00,104,80.6025,1
16343,16,2,328.58,175,29,2011-11-23 17:43:00,2011-11-23 17:45:00,0,164.29,1
16344,158,1,101.10000000000001,18,1,2011-07-04 15:50:00,2011-07-04 15:50:00,0,101.10000000000001,1
16345,44,1,565.46,288,35,2011-10-26 16:03:00,2011-10-26 16:03:00,0,565.46,1
16347,11,2,847.45,341,61,2011-11-03 13:01:00,2011-11-28 13:14:00,25,423.725,0
16348,32,7,1415.65,805,157,2011-04-13 15:49:00,2011-11-07 15:44:00,207,202.2357142857143,0
16349,291,1,53.5,9,9,2011-02-22 12:40:00,2011-02-22 12:40:00,0,53.5,1
16350,21,4,1116.47,545,40,2011-01-10 09:44:00,2011-11-18 15:53:00,312,279.1175,0
16351,333,1,153.9,90,8,2011-01-11 10:26:00,2011-01-11 10:26:00,0,153.9,1
16352,18,2,494.44,300,28,2011-11-02 08:44:00,2011-11-22 10:32:00,20,247.22,1
16353,4,23,6675.71,2006,51,2010-12-05 12:09:00,2011-12-06 12:23:00,366,290.24826086956523,0
16354,63,2,395.8,150,38,2011-09-27 16:28:00,2011-10-07 14:28:00,9,197.9,1
16356,198,3,211.77,93,20,2011-03-07 12:31:00,2011-05-26 11:51:00,79,70.59,1
16357,33,3,658.88,246,31,2011-05-10 10:35:00,2011-11-06 16:04:00,180,219.62666666666667,0
16358,1,4,2027.5,1302,82,2011-06-08 15:05:00,2011-12-08 15:09:00,183,506.875,0
16359,7,9,1750.92,1183,39,2011-01-12 10:49:00,2011-12-02 17:04:00,324,194.54666666666668,0
16360,5,6,3450.41,2110,365,2011-09-12 13:50:00,2011-12-05 12:16:00,83,575.0683333333333,0
16361,10,4,891.21,418,87,2011-09-29 13:13:00,2011-11-30 12:32:00,61,222.8025,0
16362,32,5,709.99,340,58,2011-09-09 14:47:00,2011-11-07 13:01:00,58,141.998,0
16363,53,1,109.36000000000001,52,5,2011-10-17 14:14:00,2011-10-17 14:14:00,0,109.36000000000001,1
16364,12,2,705.79,279,48,2011-07-25 14:35:00,2011-11-28 11:27:00,125,352.895,0
16365,18,9,1540.42,504,45,2010-12-07 17:19:00,2011-11-22 11:24:00,349,171.1577777777778,0
16366,19,1,327.3,256,18,2011-11-21 08:19:00,2011-11-21 08:19:00,0,327.3,1
16367,37,2,800.67,643,123,2010-12-12 12:01:00,2011-11-02 13:13:00,325,400.335,0
16368,2,2,479.91,251,58,2011-11-11 15:08:00,2011-12-07 13:12:00,25,239.955,0
16369,18,3,1545.41,1030,91,2011-05-27 09:39:00,2011-11-21 16:25:00,178,515.1366666666667,0
16370,82,4,1301.91,640,143,2011-04-28 16:40:00,2011-09-18 15:55:00,142,325.4775,0
16372,33,2,355.73,158,86,2011-11-06 12:50:00,2011-11-06 13:08:00,0,177.865,1
16374,66,2,466.73,237,101,2011-03-22 13:46:00,2011-10-04 15:21:00,196,233.365,0
16376,9,2,974.96,691,104,2011-11-22 16:47:00,2011-12-01 11:38:00,8,487.48,0
16377,267,1,676.2,1500,5,2011-03-17 15:41:00,2011-03-17 15:41:00,0,676.2,1
16378,247,3,362.95,267,22,2011-02-02 12:42:00,2011-04-06 15:07:00,63,120.98333333333333,1
16379,4,4,2157.4,1410,87,2011-09-22 09:33:00,2011-12-05 15:38:00,74,539.35,0
16380,61,1,1743.1499999999999,1428,28,2011-10-09 15:40:00,2011-10-09 15:40:00,0,1743.1499999999999,0
16383,75,2,643.76,467,80,2011-03-16 13:00:00,2011-09-26 12:45:00,193,321.88,0
16384,90,2,584.5,260,33,2011-03-21 10:13:00,2011-09-11 11:19:00,174,292.25,1
16385,60,3,554.86,258,52,2010-12-08 12:56:00,2011-10-10 13:12:00,306,184.95333333333335,0
16386,29,2,302.57,205,76,2011-03-31 12:19:00,2011-11-11 12:28:00,225,151.285,1
16387,323,1,94.36,44,4,2011-01-21 11:34:00,2011-01-21 11:34:00,0,94.36,1
16389,53,4,1382.07,1242,33,2011-03-01 15:47:00,2011-10-17 14:41:00,229,345.5175,0
16392,270,1,217.89,201,41,2011-03-15 12:11:00,2011-03-15 12:11:00,0,217.89,1
16393,2,13,3040.96,1573,120,2010-12-05 13:10:00,2011-12-07 12:51:00,366,233.92000000000002,0
16394,57,5,1555.34,2604,61,2011-02-23 10:58:00,2011-10-14 09:48:00,232,311.068,0
16395,61,5,1482.06,1472,150,2011-01-13 12:10:00,2011-10-10 12:50:00,270,296.412,0
16398,154,2,1705.8,758,75,2011-03-31 09:38:00,2011-07-08 15:16:00,99,852.9,0
16399,19,2,408.02,263,68,2011-04-18 13:46:00,2011-11-20 16:12:00,216,204.01,0
16400,95,1,303.93,172,28,2011-09-06 12:27:00,2011-09-06 12:27:00,0,303.93,1
16401,1,12,4098.32,3882,66,2011-01-16 10:56:00,2011-12-08 18:15:00,326,341.52666666666664,0
16402,265,2,293.45,146,55,2010-12-05 13:42:00,2011-03-20 12:25:00,104,146.725,1
16403,312,1,177.5,114,10,2011-01-31 13:39:00,2011-01-31 13:39:00,0,177.5,1
16404,70,1,443.05,157,23,2011-09-30 14:55:00,2011-09-30 14:55:00,0,443.05,1
16405,302,2,167.25,187,3,2011-02-02 17:08:00,2011-02-10 15:24:00,7,83.625,1
16406,19,1,154.35,116,54,2011-11-21 11:57:00,2011-11-21 11:57:00,0,154.35,1
16407,13,10,2079.68,1093,99,2011-01-31 14:02:00,2011-11-27 11:05:00,299,207.968,0
16409,36,5,2022.98,1304,145,2011-01-26 14:51:00,2011-11-03 16:45:00,281,404.596,0
16411,19,2,211.7,131,41,2010-12-05 13:26:00,2011-11-20 13:23:00,349,105.85,1
16412,54,1,135.99,63,25,2011-10-17 12:35:00,2011-10-17 12:35:00,0,135.99,1
16413,57,1,262.2,148,30,2011-10-14 12:08:00,2011-10-14 12:08:00,0,262.2,1
16414,22,2,126.25,27,5,2011-03-04 13:27:00,2011-11-18 09:42:00,258,63.125,1
16415,44,1,200.27,178,45,2011-10-26 13:35:00,2011-10-26 13:35:00,0,200.27,1
16416,27,3,1051.4,672,59,2011-10-14 13:35:00,2011-11-13 12:50:00,29,350.4666666666667,0
16418,45,3,631.12,280,76,2011-04-27 16:54:00,2011-10-26 12:39:00,181,210.37333333333333,0
16419,113,6,958.71,428,36,2011-02-01 12:25:00,2011-08-19 12:33:00,199,159.785,0
16422,17,51,34684.4,33704,68,2010-12-05 15:35:00,2011-11-22 14:00:00,351,680.086274509804,0
16423,25,1,346.12,230,18,2011-11-15 09:21:00,2011-11-15 09:21:00,0,346.12,1
16424,191,1,133.56,88,5,2011-06-01 13:40:00,2011-06-01 13:40:00,0,133.56,1
16425,302,1,302.7,199,21,2011-02-10 14:30:00,2011-02-10 14:30:00,0,302.7,1
16426,2,10,1863.76,1215,211,2011-03-08 15:45:00,2011-12-07 14:01:00,273,186.376,0
16427,263,2,241.06,156,8,2011-02-28 15:18:00,2011-03-21 17:10:00,21,120.53,1
16429,106,1,284.55,9,2,2011-08-25 13:54:00,2011-08-25 13:54:00,0,284.55,1
16430,57,1,300.85,103,6,2011-10-13 14:47:00,2011-10-13 14:47:00,0,300.85,1
16431,213,3,623.28,442,51,2011-02-15 14:02:00,2011-05-10 14:09:00,84,207.76,1
16432,64,1,287.4,276,8,2011-10-06 13:59:00,2011-10-06 13:59:00,0,287.4,1
16433,28,1,184.26,106,17,2011-11-11 14:09:00,2011-11-11 14:09:00,0,184.26,1
16434,29,7,1511.8,760,88,2011-02-13 12:17:00,2011-11-10 14:28:00,270,215.97142857142856,0
16438,6,5,798.35,463,74,2011-09-18 13:31:00,2011-12-04 10:51:00,76,159.67000000000002,0
16440,8,5,3640.67,2018,186,2011-05-09 12:25:00,2011-12-02 12:02:00,206,728.134,0
16441,67,2,381.2,173,22,2011-02-21 17:35:00,2011-10-03 17:48:00,224,190.6,1
16442,2,3,609.3,443,161,2010-12-14 10:46:00,2011-12-08 11:43:00,359,203.1,0
16444,46,4,654.67,407,68,2011-03-20 12:14:00,2011-10-24 13:50:00,218,163.6675,0
16445,34,1,230.51,111,62,2011-11-06 12:32:00,2011-11-06 12:32:00,0,230.51,1
16446,1,2,168472.5,80997,3,2011-05-18 09:52:00,2011-12-09 09:15:00,204,84236.25,0
16447,136,1,255.91,221,34,2011-07-27 12:45:00,2011-07-27 12:45:00,0,255.91,1
16448,198,1,182.99,76,19,2011-05-25 16:28:00,2011-05-25 16:28:00,0,182.99,1
16449,198,2,707.69,367,40,2011-03-04 12:15:00,2011-05-26 10:25:00,82,353.845,1
16450,150,1,311.92,200,11,2011-07-13 11:47:00,2011-07-13 11:47:00,0,311.92,1
16451,88,1,266.97,120,14,2011-09-13 09:17:00,2011-09-13 09:17:00,0,266.97,1
16454,45,2,6.9,3,2,2011-10-06 16:57:00,2011-10-26 11:40:00,19,3.45,1
16455,64,7,1841.18,988,69,2010-12-03 16:44:00,2011-10-07 12:17:00,307,263.0257142857143,0
16456,99,5,2158.18,1147,80,2010-12-01 14:11:00,2011-09-01 13:50:00,273,431.63599999999997,0
16457,218,1,208.36,140,9,2011-05-05 13:19:00,2011-05-05 13:19:00,0,208.36,1
16458,3,18,3482.7400000000002,2154,52,2010-12-14 11:51:00,2011-12-07 09:34:00,357,193.48555555555558,0
16460,28,3,811.23,876,128,2011-09-19 10:15:00,2011-11-11 13:46:00,53,270.41,0
16461,178,1,142.92,48,31,2011-06-15 12:07:00,2011-06-15 12:07:00,0,142.92,1
16462,74,3,136.0,16,1,2011-03-01 08:58:00,2011-09-27 10:24:00,210,45.333333333333336,1
16463,21,4,1422.4,1163,74,2011-05-19 14:45:00,2011-11-18 14:01:00,182,355.6,0
16464,20,3,1298.66,952,152,2011-07-20 13:53:00,2011-11-20 12:11:00,122,432.8866666666667,0
16466,34,7,1595.96,785,103,2011-02-20 11:39:00,2011-11-06 11:35:00,258,227.99428571428572,0
16468,74,1,74.9,31,2,2011-09-26 14:13:00,2011-09-26 14:13:00,0,74.9,1
16469,24,4,625.42,260,148,2011-04-07 13:11:00,2011-11-16 12:25:00,222,156.355,0
16470,52,4,752.77,522,120,2010-12-16 11:53:00,2011-10-19 12:11:00,307,188.1925,0
16471,275,1,223.95000000000002,141,13,2011-03-10 09:41:00,2011-03-10 09:41:00,0,223.95000000000002,1
16473,165,3,316.11,196,18,2011-01-07 10:55:00,2011-06-28 09:10:00,171,105.37,1
16474,7,7,1810.65,909,237,2011-07-17 14:51:00,2011-12-02 13:02:00,137,258.6642857142857,0
16475,88,4,544.3,319,23,2011-03-11 09:39:00,2011-09-12 14:37:00,185,136.075,1
16477,64,7,2494.46,1415,111,2010-12-03 12:48:00,2011-10-07 09:44:00,307,356.3514285714286,0
16478,25,3,331.0,224,15,2011-10-05 12:02:00,2011-11-14 15:51:00,40,110.33333333333333,1
16479,10,2,300.83,102,35,2011-11-29 13:04:00,2011-11-29 13:40:00,0,150.415,1
16480,76,1,769.29,455,51,2011-09-25 11:40:00,2011-09-25 11:40:00,0,769.29,1
16482,16,1,220.62,346,18,2011-11-24 12:33:00,2011-11-24 12:33:00,0,220.62,1
16483,192,1,139.35,44,19,2011-05-31 13:08:00,2011-05-31 13:08:00,0,139.35,1
16484,174,2,404.3,200,25,2011-06-02 10:39:00,2011-06-19 12:06:00,17,202.15,1
16485,77,1,363.65,235,41,2011-09-23 15:50:00,2011-09-23 15:50:00,0,363.65,1
16488,33,3,498.8,728,28,2011-07-14 11:46:00,2011-11-06 13:42:00,115,166.26666666666668,0
16491,47,1,731.5,478,39,2011-10-24 10:18:00,2011-10-24 10:18:00,0,731.5,1
16493,80,4,1351.63,1164,40,2011-01-14 08:16:00,2011-09-21 11:10:00,250,337.9075,0
16494,297,1,826.53,675,47,2011-02-16 12:49:00,2011-02-16 12:49:00,0,826.53,1
16495,3,3,648.26,328,78,2011-03-08 16:38:00,2011-12-06 13:20:00,272,216.08666666666667,0
16496,9,3,1599.52,1111,92,2011-01-27 09:42:00,2011-12-01 10:31:00,308,533.1733333333333,0
16497,50,6,2965.69,1396,128,2011-01-10 13:20:00,2011-10-21 10:55:00,283,494.2816666666667,0
16498,161,2,100.97,45,15,2011-06-30 19:52:00,2011-07-01 15:07:00,0,50.485,1
16499,360,2,365.45,127,18,2010-12-10 10:27:00,2010-12-14 13:31:00,4,182.725,1
16500,5,6,400.86,123,8,2011-01-13 10:28:00,2011-12-05 12:04:00,326,66.81,1
16503,107,4,1431.93,569,71,2010-12-14 13:50:00,2011-08-25 11:46:00,253,357.9825,0
16504,25,1,465.88,510,76,2011-11-14 15:18:00,2011-11-14 15:18:00,0,465.88,1
16505,32,1,777.6,576,4,2011-11-08 12:14:00,2011-11-08 12:14:00,0,777.6,1
16506,20,2,90.30000000000001,42,3,2011-10-30 15:50:00,2011-11-20 12:17:00,20,45.150000000000006,1
16509,297,1,363.7,64,13,2011-02-16 09:25:00,2011-02-16 09:25:00,0,363.7,1
16510,372,1,248.1,92,13,2010-12-02 13:39:00,2010-12-02 13:39:00,0,248.1,1
16511,22,3,918.33,405,135,2011-03-18 11:24:00,2011-11-18 10:41:00,244,306.11,0
16513,5,4,874.59,407,33,2011-10-27 14:56:00,2011-12-05 10:18:00,38,218.6475,0
16515,52,5,1624.14,826,89,2011-02-01 13:09:00,2011-10-18 13:10:00,259,324.82800000000003,0
16516,30,1,101.69999999999999,58,6,2011-11-09 14:59:00,2011-11-09 14:59:00,0,101.69999999999999,1
16517,277,1,162.7,96,17,2011-03-07 13:50:00,2011-03-07 13:50:00,0,162.7,1
16518,61,2,484.32,327,36,2011-02-28 16:36:00,2011-10-09 15:04:00,222,242.16,1
16519,25,2,215.07999999999998,54,13,2010-12-09 14:08:00,2011-11-14 15:41:00,340,107.53999999999999,1
16520,186,3,1046.57,558,129,2010-12-09 13:08:00,2011-06-06 13:24:00,179,348.8566666666666,0
16523,2,21,9418.470000000001,4265,151,2011-01-28 12:06:00,2011-12-08 09:06:00,313,448.4985714285715,0
16525,2,26,13027.45,7397,75,2010-12-08 11:31:00,2011-12-07 15:07:00,364,501.0557692307693,0
16526,172,1,290.36,106,15,2011-06-21 12:02:00,2011-06-21 12:02:00,0,290.36,1
16527,81,1,228.06,106,14,2011-09-19 16:21:00,2011-09-19 16:21:00,0,228.06,1
16528,4,1,244.41,171,17,2011-12-06 12:45:00,2011-12-06 12:45:00,0,244.41,1
16529,190,1,455.25,198,30,2011-06-02 17:23:00,2011-06-02 17:23:00,0,455.25,1
16531,22,7,1244.59,915,68,2010-12-14 13:19:00,2011-11-17 16:29:00,338,177.79857142857142,0
16532,18,3,6748.8,2016,2,2011-01-05 12:37:00,2011-11-22 11:08:00,320,2249.6,0
16533,19,3,1082.81,611,112,2011-10-02 15:07:00,2011-11-20 13:08:00,48,360.93666666666667,0
16535,5,1,593.75,356,31,2011-12-04 15:18:00,2011-12-04 15:18:00,0,593.75,1
16536,110,1,548.12,250,49,2011-08-21 15:54:00,2011-08-21 15:54:00,0,548.12,1
16539,3,4,1388.81,477,36,2010-12-01 15:40:00,2011-12-07 08:41:00,370,347.2025,0
16542,54,1,119.62,46,5,2011-10-17 10:47:00,2011-10-17 10:47:00,0,119.62,1
16545,165,1,339.3,78,3,2011-06-28 10:37:00,2011-06-28 10:37:00,0,339.3,1
16546,291,2,787.15,549,25,2010-12-02 12:07:00,2011-02-22 11:20:00,81,393.575,1
16549,10,10,4034.9,2294,445,2011-01-09 14:03:00,2011-11-29 15:06:00,324,403.49,0
16550,109,5,2298.97,1540,162,2010-12-06 13:53:00,2011-08-23 11:12:00,259,459.794,0
16551,96,3,922.12,970,26,2011-01-07 10:24:00,2011-09-05 09:38:00,240,307.37333333333333,0
16552,243,2,379.73,219,17,2010-12-01 12:36:00,2011-04-11 10:04:00,130,189.865,1
16553,163,12,5719.82,4600,62,2010-12-14 13:58:00,2011-06-29 15:42:00,197,476.65166666666664,0
16554,42,3,837.1,402,51,2011-01-12 12:41:00,2011-10-28 14:51:00,289,279.03333333333336,0
16555,35,2,285.89,175,15,2011-08-22 12:32:00,2011-11-04 14:31:00,74,142.945,1
16556,67,7,3313.79,1890,144,2010-12-14 13:32:00,2011-10-04 11:36:00,293,473.3985714285714,0
16557,24,2,281.85,111,11,2011-07-25 13:28:00,2011-11-15 14:04:00,113,140.925,1
16558,1,20,8338.49,5377,264,2010-12-08 12:01:00,2011-12-09 10:20:00,365,416.92449999999997,0
16560,27,2,841.41,500,52,2010-12-16 14:36:00,2011-11-13 10:35:00,331,420.705,0
16561,6,2,511.12,244,29,2011-10-11 09:53:00,2011-12-04 11:50:00,54,255.56,0
16563,54,1,1077.74,486,19,2011-10-17 11:51:00,2011-10-17 11:51:00,0,1077.74,1
16565,364,1,173.7,46,3,2010-12-10 15:21:00,2010-12-10 15:21:00,0,173.7,1
16566,15,5,614.66,362,14,2011-02-20 10:29:00,2011-11-24 16:34:00,277,122.93199999999999,0
16567,194,2,865.6,996,34,2011-01-07 09:31:00,2011-05-29 13:57:00,142,432.8,0
16569,3,1,124.2,93,5,2011-12-06 15:32:00,2011-12-06 15:32:00,0,124.2,1
16570,15,10,3738.4,2112,68,2011-02-01 10:37:00,2011-11-24 17:02:00,296,373.84000000000003,0
16571,27,3,1421.69,1239,73,2011-03-03 09:41:00,2011-11-13 11:46:00,255,473.8966666666667,0
16572,127,3,1009.6,532,40,2011-03-09 12:04:00,2011-08-04 16:34:00,148,336.53333333333336,0
16573,85,2,663.61,360,40,2011-02-22 15:14:00,2011-09-16 09:13:00,205,331.805,0
16574,71,1,451.44,416,28,2011-09-29 13:39:00,2011-09-29 13:39:00,0,451.44,1
16581,183,1,105.84,134,9,2011-06-10 10:05:00,2011-06-10 10:05:00,0,105.84,1
16582,113,1,313.62,164,6,2011-08-18 17:02:00,2011-08-18 17:02:00,0,313.62,1
16583,374,1,233.45,111,14,2010-12-01 12:03:00,2010-12-01 12:03:00,0,233.45,1
16584,80,2,936.08,646,25,2011-03-30 13:14:00,2011-09-20 13:45:00,174,468.04,0
16586,249,1,463.95,95,8,2011-04-05 09:32:00,2011-04-05 09:32:00,0,463.95,1
16587,232,1,225.15,71,13,2011-04-21 15:51:00,2011-04-21 15:51:00,0,225.15,1
16589,71,3,459.24,368,31,2011-07-01 13:31:00,2011-09-29 14:50:00,90,153.08,1
16591,69,1,213.5,41,10,2011-10-02 10:43:00,2011-10-02 10:43:00,0,213.5,1
16592,4,16,4113.68,2927,142,2011-02-25 10:19:00,2011-12-05 13:49:00,283,257.105,0
16593,51,3,330.03,116,24,2011-01-16 12:11:00,2011-10-20 12:41:00,277,110.00999999999999,1
16594,75,1,181.09,64,53,2011-09-25 14:08:00,2011-09-25 14:08:00,0,181.09,1
16595,61,1,360.16,335,83,2011-10-09 13:15:00,2011-10-09 13:15:00,0,360.16,1
16596,16,2,250.15,97,12,2010-12-08 16:18:00,2011-11-24 10:02:00,350,125.075,1
16597,4,1,90.04,184,7,2011-12-05 15:44:00,2011-12-05 15:44:00,0,90.04,1
16598,286,1,145.04999999999998,73,10,2011-02-27 11:42:00,2011-02-27 11:42:00,0,145.04999999999998,1
16600,4,6,813.52,1145,50,2011-01-05 12:13:00,2011-12-05 16:00:00,334,135.58666666666667,0
16601,41,1,242.7,133,29,2011-10-30 11:09:00,2011-10-30 11:09:00,0,242.7,1
16602,36,1,528.08,336,29,2011-11-03 15:54:00,2011-11-03 15:54:00,0,528.08,1
16603,75,2,482.47,480,34,2011-09-09 13:02:00,2011-09-26 10:06:00,16,241.235,1
16607,18,14,3347.71,2859,140,2010-12-16 08:41:00,2011-11-22 10:24:00,341,239.12214285714285,0
16609,15,7,5493.46,2420,155,2011-04-01 10:11:00,2011-11-24 13:32:00,237,784.78,0
16610,219,1,75.66,66,6,2011-05-04 13:13:00,2011-05-04 13:13:00,0,75.66,1
16611,186,1,129.49,47,9,2011-06-06 15:46:00,2011-06-06 15:46:00,0,129.49,1
16612,33,4,1187.66,506,48,2011-02-01 10:38:00,2011-11-07 07:38:00,278,296.915,0
16613,70,1,618.59,293,30,2011-09-30 15:52:00,2011-09-30 15:52:00,0,618.59,1
16614,183,1,506.19,223,26,2011-06-10 11:36:00,2011-06-10 11:36:00,0,506.19,1
16616,15,2,500.42,370,31,2011-07-05 13:38:00,2011-11-24 16:31:00,142,250.21,0
16617,236,1,151.85,91,5,2011-04-18 10:35:00,2011-04-18 10:35:00,0,151.85,1
16618,31,5,2647.59,1363,79,2011-01-21 11:55:00,2011-11-08 13:52:00,291,529.518,0
16619,264,1,226.21,133,14,2011-03-21 08:18:00,2011-03-21 08:18:00,0,226.21,1
16620,4,2,178.96,88,9,2011-03-24 10:37:00,2011-12-06 12:19:00,257,89.48,1
16621,52,4,813.48,302,22,2011-03-07 11:32:00,2011-10-19 11:38:00,226,203.37,0
16623,246,1,129.45,39,5,2011-04-08 10:09:00,2011-04-08 10:09:00,0,129.45,1
16624,81,2,810.5699999999999,488,44,2011-05-26 14:20:00,2011-09-20 12:39:00,116,405.28499999999997,0
16625,275,1,333.08,164,23,2011-03-10 12:50:00,2011-03-10 12:50:00,0,333.08,1
16626,1,17,4413.1,2690,86,2011-03-18 12:27:00,2011-12-09 11:56:00,265,259.59411764705885,0
16627,79,1,322.8,162,20,2011-09-21 14:38:00,2011-09-21 14:38:00,0,322.8,1
16628,30,5,2188.05,1205,79,2011-04-19 08:55:00,2011-11-10 12:45:00,205,437.61,0
16629,74,2,408.63,489,58,2011-09-04 16:12:00,2011-09-27 10:34:00,22,204.315,1
16633,17,6,2883.1,1138,115,2011-04-19 14:36:00,2011-11-22 13:41:00,216,480.51666666666665,0
16634,223,2,217.9,82,9,2010-12-02 17:41:00,2011-05-01 12:09:00,149,108.95,1
16637,32,4,1154.47,927,66,2011-04-28 10:20:00,2011-11-07 13:17:00,193,288.6175,0
16638,23,10,1680.72,1255,92,2010-12-06 10:19:00,2011-11-17 11:09:00,346,168.072,0
16639,31,3,1257.51,510,48,2011-04-18 09:31:00,2011-11-08 13:20:00,204,419.17,0
16641,106,1,231.10000000000002,256,12,2011-08-26 12:49:00,2011-08-26 12:49:00,0,231.10000000000002,1
16642,5,2,688.33,479,32,2011-05-16 12:35:00,2011-12-05 11:31:00,202,344.165,0
16643,246,1,487.51,269,27,2011-04-08 08:24:00,2011-04-08 08:24:00,0,487.51,1
16644,178,2,833.78,826,62,2011-05-11 12:53:00,2011-06-15 12:39:00,34,416.89,0
16647,170,2,214.06,146,12,2011-05-19 09:31:00,2011-06-23 11:47:00,35,107.03,1
16648,43,1,290.65999999999997,281,19,2011-10-28 08:58:00,2011-10-28 08:58:00,0,290.65999999999997,1
16650,72,1,518.42,372,24,2011-09-29 09:51:00,2011-09-29 09:51:00,0,518.42,1
16652,59,7,6773.97,3283,74,2011-03-11 13:13:00,2011-10-12 09:38:00,214,967.71,0
16653,16,2,1212.66,733,67,2011-09-29 13:38:00,2011-11-23 14:51:00,55,606.33,0
16654,141,4,601.27,282,29,2010-12-06 15:09:00,2011-07-21 15:23:00,227,150.3175,1
16655,18,6,3789.52,2363,208,2011-01-12 10:16:00,2011-11-22 11:25:00,314,631.5866666666667,0
16656,22,15,8625.8,8894,14,2010-12-10 11:23:00,2011-11-17 14:43:00,342,575.0533333333333,0
16657,10,4,874.43,1130,158,2011-03-30 12:02:00,2011-11-30 11:48:00,244,218.6075,0
16658,368,1,123.24,40,8,2010-12-06 13:47:00,2010-12-06 13:47:00,0,123.24,1
16659,189,1,39.12,72,2,2011-06-03 15:03:00,2011-06-03 15:03:00,0,39.12,1
16660,16,4,1267.6499999999999,571,16,2011-01-24 12:44:00,2011-11-23 14:53:00,303,316.91249999999997,0
16665,362,1,135.39999999999998,59,9,2010-12-12 14:03:00,2010-12-12 14:03:00,0,135.39999999999998,1
16666,19,1,118.98,233,32,2011-11-20 14:01:00,2011-11-20 14:01:00,0,118.98,1
16667,68,2,567.1800000000001,236,52,2011-02-28 12:57:00,2011-10-02 15:26:00,216,283.59000000000003,0
16668,15,6,306.71999999999997,318,9,2011-02-28 12:46:00,2011-11-24 17:43:00,269,51.12,1
16669,24,3,1348.88,881,141,2011-09-22 14:13:00,2011-11-16 12:26:00,54,449.6266666666667,0
16670,17,11,4095.9,2556,179,2010-12-16 10:30:00,2011-11-23 09:34:00,341,372.3545454545455,0
16671,28,3,1692.27,875,3,2011-06-28 11:20:00,2011-11-11 13:40:00,136,564.09,0
16672,2,20,8134.9400000000005,2832,22,2011-03-18 10:15:00,2011-12-07 16:29:00,264,406.747,0
16674,55,2,304.24,181,89,2011-09-02 13:59:00,2011-10-16 11:31:00,43,152.12,1
16676,34,4,1592.1200000000001,636,75,2011-01-06 13:00:00,2011-11-06 12:01:00,303,398.03000000000003,0
16678,3,12,3109.99,2397,92,2011-03-02 09:24:00,2011-12-07 12:17:00,280,259.1658333333333,0
16679,366,1,129.75,29,3,2010-12-08 13:51:00,2010-12-08 13:51:00,0,129.75,1
16680,43,1,183.7,94,10,2011-10-27 17:35:00,2011-10-27 17:35:00,0,183.7,1
16681,73,6,1770.34,1407,18,2011-03-31 13:46:00,2011-09-28 11:11:00,180,295.0566666666667,0
16682,5,5,1028.0,1040,15,2011-06-05 11:02:00,2011-12-05 12:13:00,183,205.6,0
16684,4,28,66653.56,50255,119,2010-12-16 17:34:00,2011-12-05 14:06:00,353,2380.4842857142858,0
16685,61,2,324.24,396,60,2011-10-09 13:44:00,2011-10-09 13:58:00,0,162.12,1
16686,47,7,2959.88,1977,406,2010-12-19 14:41:00,2011-10-23 13:49:00,307,422.84000000000003,0
16688,1,4,1260.86,804,52,2011-10-10 12:23:00,2011-12-08 15:24:00,59,315.215,0
16689,76,2,422.59999999999997,330,12,2011-09-18 13:29:00,2011-09-25 11:39:00,6,211.29999999999998,1
16690,72,2,225.57999999999998,138,10,2011-05-22 10:53:00,2011-09-28 15:02:00,129,112.78999999999999,1
16692,256,2,1276.0,152,2,2011-02-23 15:41:00,2011-03-28 14:46:00,32,638.0,1
16693,69,2,477.86,203,58,2011-03-13 11:06:00,2011-10-02 11:10:00,203,238.93,1
16696,135,4,657.9000000000001,146,7,2011-04-05 15:20:00,2011-07-27 14:23:00,112,164.47500000000002,1
16697,241,1,112.75,27,20,2011-04-12 17:12:00,2011-04-12 17:12:00,0,112.75,1
16698,227,2,1998.0,840,4,2011-03-31 13:33:00,2011-04-27 10:52:00,26,999.0,1
16700,9,13,5076.55,4024,159,2010-12-08 16:34:00,2011-12-01 11:00:00,357,390.50384615384615,0
16701,9,13,5398.3,6393,99,2010-12-13 11:51:00,2011-12-01 11:10:00,352,415.25384615384615,0
16705,1,20,14034.99,5476,133,2010-12-16 10:51:00,2011-12-09 12:08:00,358,701.7495,0
16706,37,3,531.35,249,108,2011-08-17 15:53:00,2011-11-02 13:50:00,76,177.11666666666667,0
16708,46,1,656.63,285,27,2011-10-25 12:20:00,2011-10-25 12:20:00,0,656.63,1
16709,85,5,3029.87,851,64,2011-03-03 10:55:00,2011-09-16 10:56:00,197,605.9739999999999,0
16710,19,10,2467.99,1823,268,2010-12-06 13:13:00,2011-11-20 14:50:00,349,246.79899999999998,0
16711,3,5,1651.03,833,18,2010-12-17 12:43:00,2011-12-06 16:32:00,354,330.206,0
16712,9,11,3611.31,1730,259,2011-03-08 15:07:00,2011-11-30 13:48:00,266,328.3009090909091,0
16713,19,15,6910.78,4271,338,2010-12-08 13:01:00,2011-11-21 12:36:00,347,460.71866666666665,0
16714,219,3,1129.06,589,77,2011-01-26 13:40:00,2011-05-05 11:09:00,98,376.3533333333333,0
16715,78,1,301.71999999999997,642,19,2011-09-22 18:15:00,2011-09-22 18:15:00,0,301.71999999999997,1
16716,267,2,901.2,120,1,2011-02-01 15:35:00,2011-03-18 10:03:00,44,450.6,1
16717,24,6,3843.08,1860,176,2010-12-08 16:48:00,2011-11-16 12:16:00,342,640.5133333333333,0
16718,369,1,606.0500000000001,407,41,2010-12-05 13:03:00,2010-12-05 13:03:00,0,606.0500000000001,1
16719,15,7,1770.22,1175,107,2010-12-06 12:06:00,2011-11-25 09:27:00,353,252.88857142857142,0
16720,26,1,152.95,180,25,2011-11-13 16:22:00,2011-11-13 16:22:00,0,152.95,1
16721,262,1,292.47,172,37,2011-03-22 16:08:00,2011-03-22 16:08:00,0,292.47,1
16722,17,13,4730.81,5001,96,2010-12-06 12:59:00,2011-11-22 13:28:00,351,363.90846153846155,0
16723,91,2,576.4,398,37,2011-08-24 11:31:00,2011-09-09 13:01:00,16,288.2,1
16725,302,7,758.27,288,110,2010-12-03 16:02:00,2011-02-10 16:52:00,69,108.32428571428571,0
16726,26,5,1358.74,945,121,2010-12-13 13:28:00,2011-11-13 14:53:00,335,271.748,0
16727,364,1,256.32,167,41,2010-12-10 13:48:00,2010-12-10 13:48:00,0,256.32,1
16728,46,4,1048.28,671,218,2011-03-20 13:28:00,2011-10-24 14:36:00,218,262.07,0
16729,38,21,7205.33,5722,234,2011-04-12 14:22:00,2011-11-01 14:29:00,203,343.11095238095237,0
16730,52,3,743.11,994,75,2011-01-24 14:01:00,2011-10-18 14:11:00,267,247.70333333333335,0
16732,32,1,603.75,317,28,2011-11-08 09:54:00,2011-11-08 09:54:00,0,603.75,1
16734,52,3,646.76,345,44,2011-08-17 15:00:00,2011-10-18 13:44:00,61,215.58666666666667,0
16735,79,5,2247.41,1532,88,2011-01-09 12:53:00,2011-09-22 11:49:00,255,449.48199999999997,0
16737,53,1,417.59999999999997,288,1,2011-10-17 13:03:00,2011-10-17 13:03:00,0,417.59999999999997,1
16738,298,1,3.75,3,1,2011-02-15 09:46:00,2011-02-15 09:46:00,0,3.75,1
16739,177,1,323.0,172,13,2011-06-16 09:17:00,2011-06-16 09:17:00,0,323.0,1
16742,47,1,464.9,1,1,2011-10-24 12:02:00,2011-10-24 12:02:00,0,464.9,1
16743,29,7,2213.13,2035,89,2010-12-16 12:15:00,2011-11-10 13:13:00,329,316.1614285714286,0
16744,11,7,1291.91,798,198,2011-06-19 15:13:00,2011-11-28 13:06:00,161,184.55857142857144,0
16745,87,17,7180.7,6719,148,2011-02-01 11:31:00,2011-09-14 11:58:00,225,422.3941176470588,0
16746,5,18,6680.11,4660,234,2010-12-16 11:43:00,2011-12-05 12:33:00,354,371.1172222222222,0
16747,38,2,836.06,583,34,2011-10-03 10:18:00,2011-11-02 11:37:00,30,418.03,0
16748,18,5,1515.9,880,42,2011-01-09 13:50:00,2011-11-22 10:17:00,316,303.18,0
16750,45,5,623.93,214,74,2011-04-21 16:53:00,2011-10-26 12:48:00,187,124.78599999999999,0
16751,31,1,1764.72,1031,24,2011-11-09 10:48:00,2011-11-09 10:48:00,0,1764.72,0
16752,373,1,207.5,54,9,2010-12-02 12:18:00,2010-12-02 12:18:00,0,207.5,1
16753,58,1,223.92000000000002,189,34,2011-10-12 13:14:00,2011-10-12 13:14:00,0,223.92000000000002,1
16754,372,1,2002.4,4280,2,2010-12-02 17:38:00,2010-12-02 17:38:00,0,2002.4,1
16755,114,3,1475.43,1058,133,2011-01-28 10:47:00,2011-08-17 13:21:00,201,491.81,0
16756,215,1,239.4,106,13,2011-05-09 09:33:00,2011-05-09 09:33:00,0,239.4,1
16757,319,1,106.83000000000001,81,7,2011-01-25 11:59:00,2011-01-25 11:59:00,0,106.83000000000001,1
16758,65,1,369.34000000000003,203,22,2011-10-05 14:47:00,2011-10-05 14:47:00,0,369.34000000000003,1
16759,8,3,789.79,609,40,2011-11-09 09:06:00,2011-12-02 12:42:00,23,263.2633333333333,0
16761,97,1,316.62,341,13,2011-09-04 11:15:00,2011-09-04 11:15:00,0,316.62,1
16762,20,3,1207.24,480,51,2011-07-18 12:52:00,2011-11-20 11:43:00,124,402.41333333333336,0
16763,199,1,611.85,319,23,2011-05-25 11:52:00,2011-05-25 11:52:00,0,611.85,1
16764,4,13,2790.9500000000003,1253,209,2011-07-19 17:17:00,2011-12-06 11:41:00,139,214.68846153846155,0
16765,294,1,34.0,4,1,2011-02-18 15:41:00,2011-02-18 15:41:00,0,34.0,1
16766,273,2,1145.6,536,17,2011-03-11 13:34:00,2011-03-11 15:22:00,0,572.8,1
16767,31,11,5575.56,4423,148,2011-01-27 13:38:00,2011-11-09 09:42:00,285,506.86909090909097,0
16768,48,3,478.09000000000003,196,47,2011-03-13 10:25:00,2011-10-23 10:38:00,224,159.36333333333334,1
16769,260,1,361.54,80,33,2011-03-24 13:41:00,2011-03-24 13:41:00,0,361.54,1
16770,58,5,757.1,456,116,2010-12-02 15:49:00,2011-10-13 12:21:00,314,151.42000000000002,0
16771,33,5,2242.61,1487,200,2011-01-05 13:57:00,2011-11-06 13:28:00,304,448.52200000000005,0
16773,57,1,171.59,171,23,2011-10-13 14:37:00,2011-10-13 14:37:00,0,171.59,1
16774,68,4,661.52,322,36,2011-06-14 12:45:00,2011-10-03 12:41:00,110,165.38,0
16775,10,11,1691.51,439,84,2010-12-07 15:15:00,2011-11-29 15:22:00,357,153.77363636363637,0
16776,60,1,371.54,254,61,2011-10-10 13:04:00,2011-10-10 13:04:00,0,371.54,1
16777,80,2,222.62,62,45,2011-03-27 14:34:00,2011-09-20 13:41:00,176,111.31,1
16778,74,2,245.94,194,16,2011-03-10 15:21:00,2011-09-26 13:48:00,199,122.97,1
16779,2,22,10611.720000000001,5301,161,2010-12-08 09:56:00,2011-12-07 14:54:00,364,482.35090909090917,0
16780,100,2,422.24,270,51,2011-03-25 17:34:00,2011-08-31 16:09:00,158,211.12,1
16781,372,1,311.25,113,17,2010-12-02 14:26:00,2010-12-02 14:26:00,0,311.25,1
16782,10,13,2267.9500000000003,705,103,2010-12-09 11:28:00,2011-11-29 13:20:00,355,174.45769230769233,0
16784,20,1,107.6,24,3,2011-11-20 12:20:00,2011-11-20 12:20:00,0,107.6,1
16788,123,2,594.39,304,138,2011-03-30 13:05:00,2011-08-08 14:53:00,131,297.195,0
16789,8,1,80.8,32,5,2011-12-01 15:12:00,2011-12-01 15:12:00,0,80.8,1
16790,4,6,1545.6200000000001,898,88,2011-11-02 11:23:00,2011-12-06 11:53:00,34,257.60333333333335,0
16791,29,7,1705.78,757,218,2011-01-11 15:42:00,2011-11-10 19:12:00,303,243.68285714285713,0
16792,282,2,110.38000000000001,44,11,2011-03-02 14:39:00,2011-03-02 14:41:00,0,55.190000000000005,1
16793,57,1,243.84,146,16,2011-10-13 15:08:00,2011-10-13 15:08:00,0,243.84,1
16794,1,10,1196.5,923,142,2011-06-12 14:15:00,2011-12-08 17:54:00,179,119.65,0
16795,365,1,414.88,239,64,2010-12-09 14:08:00,2010-12-09 14:08:00,0,414.88,1
16796,89,1,305.62,186,18,2011-09-11 14:01:00,2011-09-11 14:01:00,0,305.62,1
16800,11,1,1162.65,524,148,2011-11-28 14:06:00,2011-11-28 14:06:00,0,1162.65,0
16801,163,4,1594.23,493,72,2011-03-11 13:56:00,2011-06-29 15:33:00,110,398.5575,0
16803,65,1,332.3,245,24,2011-10-05 14:28:00,2011-10-05 14:28:00,0,332.3,1
16804,23,3,536.99,246,59,2011-03-14 15:48:00,2011-11-16 16:43:00,247,178.99666666666667,0
16805,174,2,460.59,539,94,2010-12-14 13:35:00,2011-06-19 11:23:00,186,230.295,0
16806,103,4,762.16,356,68,2011-04-14 19:59:00,2011-08-28 15:27:00,135,190.54,0
16807,143,3,1121.59,778,57,2011-03-14 09:46:00,2011-07-20 12:00:00,128,373.8633333333333,0
16808,99,2,288.42,196,21,2011-03-10 19:05:00,2011-09-01 19:34:00,175,144.21,1
16809,23,5,914.69,652,79,2011-03-22 15:20:00,2011-11-16 15:45:00,239,182.93800000000002,0
16810,192,1,309.54,114,15,2011-05-31 15:32:00,2011-05-31 15:32:00,0,309.54,1
16811,5,2,547.07,477,26,2011-11-22 17:19:00,2011-12-05 11:39:00,12,273.535,0
16812,361,1,479.35,81,15,2010-12-14 12:35:00,2010-12-14 12:35:00,0,479.35,1
16813,8,10,1652.18,1501,248,2011-05-19 13:28:00,2011-12-01 14:03:00,196,165.21800000000002,0
16814,14,21,6416.7,2697,122,2010-12-05 11:45:00,2011-11-25 13:27:00,355,305.5571428571428,0
16816,103,4,417.06,274,28,2010-12-16 17:01:00,2011-08-28 14:16:00,254,104.265,1
16817,3,9,1604.75,822,73,2010-12-06 14:19:00,2011-12-07 11:03:00,365,178.30555555555554,0
16818,11,11,3349.57,2164,172,2011-05-18 11:42:00,2011-11-29 10:41:00,194,304.50636363636363,0
16820,96,1,497.61,307,26,2011-09-05 12:06:00,2011-09-05 12:06:00,0,497.61,1
16823,227,1,358.38,136,34,2011-04-26 15:00:00,2011-04-26 15:00:00,0,358.38,1
16824,16,2,460.64,236,23,2011-06-28 13:36:00,2011-11-24 12:38:00,148,230.32,1
16825,39,2,775.1800000000001,566,27,2011-06-07 09:44:00,2011-11-01 11:51:00,147,387.59000000000003,0
16826,51,1,341.7,158,22,2011-10-19 14:05:00,2011-10-19 14:05:00,0,341.7,1
16828,93,2,128.5,59,8,2011-08-19 13:24:00,2011-09-07 15:10:00,19,64.25,1
16829,157,1,197.22,99,11,2011-07-06 10:48:00,2011-07-06 10:48:00,0,197.22,1
16830,39,1,325.91,264,23,2011-11-01 11:35:00,2011-11-01 11:35:00,0,325.91,1
16832,184,3,199.15,33,11,2011-05-06 14:12:00,2011-06-08 15:36:00,33,66.38333333333334,1
16833,1,4,1106.53,440,46,2011-01-09 13:02:00,2011-12-08 14:39:00,333,276.6325,0
16834,228,1,413.46,358,24,2011-04-26 09:37:00,2011-04-26 09:37:00,0,413.46,1
16835,128,2,180.85,61,10,2010-12-01 17:15:00,2011-08-03 13:50:00,244,90.425,1
16836,40,2,251.87,165,11,2011-08-15 12:38:00,2011-10-31 10:05:00,76,125.935,1
16837,31,11,3170.98,1563,123,2011-04-08 08:48:00,2011-11-08 14:27:00,214,288.2709090909091,0
16838,197,2,588.85,185,24,2011-02-24 15:01:00,2011-05-26 13:13:00,90,294.425,1
16839,9,34,16594.35,8975,114,2010-12-05 11:15:00,2011-12-01 09:03:00,360,488.06911764705876,0
16841,37,6,1869.82,2250,101,2011-02-25 12:40:00,2011-11-03 11:51:00,250,311.63666666666666,0
16842,101,3,1264.19,693,45,2011-02-10 14:51:00,2011-08-31 10:42:00,201,421.3966666666667,0
16843,43,16,10196.57,10159,226,2011-01-16 16:10:00,2011-10-28 09:06:00,284,637.285625,0
16846,50,1,214.32,135,11,2011-10-20 13:55:00,2011-10-20 13:55:00,0,214.32,1
16847,43,1,193.44,78,12,2011-10-27 13:29:00,2011-10-27 13:29:00,0,193.44,1
16848,53,1,281.42,182,14,2011-10-18 08:42:00,2011-10-18 08:42:00,0,281.42,1
16849,187,1,124.57,33,8,2011-06-06 09:16:00,2011-06-06 09:16:00,0,124.57,1
16850,334,1,332.41,249,19,2011-01-10 11:09:00,2011-01-10 11:09:00,0,332.41,1
16851,4,3,342.45,271,17,2011-10-19 09:48:00,2011-12-05 13:32:00,47,114.14999999999999,1
16852,10,2,144.91000000000003,56,9,2011-06-16 15:49:00,2011-11-29 13:22:00,165,72.45500000000001,1
16855,24,2,328.4,164,19,2011-10-27 16:31:00,2011-11-16 12:03:00,19,164.2,1
16856,15,1,35.400000000000006,12,2,2011-11-25 08:59:00,2011-11-25 08:59:00,0,35.400000000000006,1
16858,369,1,375.69000000000005,91,9,2010-12-06 09:52:00,2010-12-06 09:52:00,0,375.69000000000005,1
16859,145,2,747.81,827,50,2011-03-23 13:39:00,2011-07-18 12:19:00,116,373.905,0
16861,60,2,173.76,140,6,2011-07-04 15:38:00,2011-10-11 09:05:00,98,86.88,1
16863,31,2,502.8,409,25,2010-12-08 08:58:00,2011-11-08 15:26:00,335,251.4,0
16866,141,3,207.73999999999998,60,10,2011-07-01 12:34:00,2011-07-22 10:06:00,20,69.24666666666666,1
16869,23,4,817.12,583,113,2011-06-17 13:01:00,2011-11-17 12:02:00,152,204.28,0
16871,22,6,2812.34,1253,131,2011-03-14 10:31:00,2011-11-17 19:27:00,248,468.72333333333336,0
16872,77,3,680.02,600,5,2011-06-08 14:32:00,2011-09-23 16:05:00,107,226.67333333333332,1
16873,5,6,7123.62,3840,179,2010-12-10 15:45:00,2011-12-05 12:05:00,359,1187.27,0
16875,67,5,2095.53,1069,93,2011-01-04 10:37:00,2011-10-03 13:39:00,272,419.10600000000005,0
16877,12,6,846.62,458,111,2011-05-15 16:13:00,2011-11-27 13:47:00,195,141.10333333333332,0
16878,84,1,13.3,12,3,2011-09-16 17:39:00,2011-09-16 17:39:00,0,13.3,1
16880,31,7,1491.43,746,121,2011-06-03 16:45:00,2011-11-09 11:33:00,158,213.0614285714286,0
16881,67,1,432.0,600,1,2011-10-04 10:33:00,2011-10-04 10:33:00,0,432.0,1
16882,67,3,705.12,424,39,2011-01-26 17:43:00,2011-10-04 10:42:00,250,235.04,0
16883,187,2,272.48,103,33,2010-12-03 10:33:00,2011-06-05 12:51:00,184,136.24,1
16884,38,2,429.84000000000003,320,26,2011-11-02 10:16:00,2011-11-02 11:52:00,0,214.92000000000002,1
16885,15,3,450.41,178,82,2010-12-17 17:23:00,2011-11-24 13:40:00,341,150.13666666666668,0
16887,35,1,192.32999999999998,156,35,2011-11-04 14:07:00,2011-11-04 14:07:00,0,192.32999999999998,1
16889,195,3,1578.67,925,112,2011-01-07 10:47:00,2011-05-29 11:05:00,142,526.2233333333334,0
16891,2,5,742.43,265,166,2010-12-03 11:35:00,2011-12-08 11:15:00,369,148.486,0
16892,1,5,518.19,236,87,2011-06-09 11:35:00,2011-12-08 13:18:00,182,103.638,0
16893,367,1,145.93,62,44,2010-12-08 12:06:00,2010-12-08 12:06:00,0,145.93,1
16895,65,1,202.27,91,57,2011-10-06 12:15:00,2011-10-06 12:15:00,0,202.27,1
16897,299,2,289.78,73,37,2011-01-30 11:52:00,2011-02-13 15:02:00,14,144.89,1
16898,26,3,501.03,412,150,2010-12-06 12:23:00,2011-11-13 15:44:00,342,167.01,0
16899,8,6,1271.06,520,80,2010-12-14 13:11:00,2011-12-02 12:03:00,352,211.84333333333333,0
16900,17,3,887.11,833,78,2011-10-07 13:17:00,2011-11-23 10:32:00,46,295.7033333333333,0
16902,116,1,1706.88,629,43,2011-08-15 14:17:00,2011-08-15 14:17:00,0,1706.88,1
16903,29,1,363.2,247,50,2011-11-10 15:32:00,2011-11-10 15:32:00,0,363.2,1
16904,4,16,3653.75,1984,387,2010-12-07 13:29:00,2011-12-05 13:10:00,362,228.359375,0
16905,5,7,3037.6,1381,117,2010-12-03 10:43:00,2011-12-04 14:01:00,366,433.9428571428571,0
16906,82,4,559.59,263,74,2011-04-05 12:30:00,2011-09-19 11:49:00,166,139.8975,0
16907,29,5,928.76,286,89,2010-12-09 16:52:00,2011-11-10 18:04:00,336,185.752,0
16909,72,1,379.14,436,18,2011-09-28 16:45:00,2011-09-28 16:45:00,0,379.14,1
16910,4,8,1508.96,884,318,2011-09-09 14:14:00,2011-12-05 12:51:00,86,188.62,0
16912,29,11,2555.58,1025,88,2011-01-20 15:42:00,2011-11-11 12:18:00,294,232.32545454545453,0
16913,290,1,113.44,82,8,2011-02-22 12:56:00,2011-02-22 12:56:00,0,113.44,1
16914,36,1,183.76,112,25,2011-11-03 15:27:00,2011-11-03 15:27:00,0,183.76,1
16915,9,6,621.6800000000001,132,46,2011-03-01 09:52:00,2011-11-30 16:39:00,274,103.61333333333334,0
16916,24,2,562.41,431,129,2010-12-02 13:14:00,2011-11-16 12:08:00,348,281.205,0
16917,277,1,391.52,232,9,2011-03-08 11:55:00,2011-03-08 11:55:00,0,391.52,1
16918,50,6,1068.82,721,97,2011-01-26 17:37:00,2011-10-21 12:50:00,267,178.13666666666666,0
16919,156,11,2592.25,1403,141,2010-12-06 12:52:00,2011-07-06 13:35:00,212,235.6590909090909,0
16921,61,1,154.18,154,50,2011-10-09 16:22:00,2011-10-09 16:22:00,0,154.18,1
16923,12,19,7069.08,3344,313,2010-12-12 11:06:00,2011-11-27 13:00:00,350,372.0568421052632,0
16924,21,3,829.89,467,69,2011-09-16 12:54:00,2011-11-18 12:53:00,62,276.63,0
16926,371,1,230.25,35,14,2010-12-03 13:42:00,2010-12-03 13:42:00,0,230.25,1
16927,116,3,543.05,993,5,2010-12-13 11:57:00,2011-08-16 11:10:00,245,181.01666666666665,1
16928,80,17,2814.7,2092,69,2010-12-01 15:21:00,2011-09-20 15:10:00,292,165.5705882352941,0
16929,4,7,1295.39,929,51,2011-07-07 12:39:00,2011-12-06 08:37:00,151,185.0557142857143,0
16930,26,3,378.89,339,47,2011-10-02 14:25:00,2011-11-13 16:13:00,42,126.29666666666667,1
16931,5,21,4554.87,3134,448,2010-12-05 11:40:00,2011-12-04 13:15:00,364,216.89857142857142,0
16932,53,1,150.23000000000002,82,44,2011-10-17 14:12:00,2011-10-17 14:12:00,0,150.23000000000002,1
16933,1,2,563.23,288,42,2011-04-14 13:33:00,2011-12-08 12:54:00,237,281.615,0
16934,55,2,931.03,397,59,2011-10-16 12:25:00,2011-10-16 12:40:00,0,465.515,1
16936,26,1,261.9,171,56,2011-11-14 11:04:00,2011-11-14 11:04:00,0,261.9,1
16938,9,4,2711.6800000000003,2533,212,2011-02-04 09:34:00,2011-12-01 10:20:00,300,677.9200000000001,0
16940,52,3,3049.88,2169,226,2011-02-23 12:27:00,2011-10-18 13:15:00,237,1016.6266666666667,0
16942,13,9,1904.99,805,159,2011-04-26 11:59:00,2011-11-27 12:40:00,215,211.66555555555556,0
16943,212,3,816.73,145,23,2011-01-25 14:00:00,2011-05-12 11:57:00,106,272.24333333333334,1
16945,22,19,4345.5,2725,137,2010-12-16 17:49:00,2011-11-18 11:39:00,336,228.71052631578948,0
16947,236,1,406.48,312,21,2011-04-18 09:38:00,2011-04-18 09:38:00,0,406.48,1
16948,139,3,435.02,1614,15,2011-01-18 10:58:00,2011-07-24 12:46:00,187,145.00666666666666,1
16949,4,6,1286.27,791,57,2011-01-27 12:11:00,2011-12-06 11:07:00,312,214.37833333333333,0
16950,57,3,1178.56,644,39,2010-12-07 15:20:00,2011-10-14 09:06:00,310,392.8533333333333,0
16951,135,3,1277.75,1318,73,2011-02-08 14:58:00,2011-07-28 12:05:00,169,425.9166666666667,0
16952,109,2,167.61,92,16,2011-08-22 12:58:00,2011-08-22 13:03:00,0,83.805,1
16953,30,1,20.8,10,1,2011-11-09 15:54:00,2011-11-09 15:54:00,0,20.8,1
16954,1,9,2085.08,1054,40,2010-12-15 10:41:00,2011-12-09 09:46:00,358,231.67555555555555,0
16955,185,4,518.67,266,18,2010-12-01 13:31:00,2011-06-08 10:36:00,188,129.6675,1
16956,18,1,308.74,114,16,2011-11-22 08:56:00,2011-11-22 08:56:00,0,308.74,1
16957,239,2,416.64,172,15,2011-03-03 09:25:00,2011-04-14 13:56:00,42,208.32,1
16959,87,1,117.35000000000001,49,7,2011-09-13 15:03:00,2011-09-13 15:03:00,0,117.35000000000001,1
16960,39,3,507.05,304,92,2011-04-01 11:54:00,2011-11-01 11:35:00,213,169.01666666666668,0
16961,116,1,234.17,125,14,2011-08-15 13:46:00,2011-08-15 13:46:00,0,234.17,1
16963,187,1,110.55000000000001,35,7,2011-06-05 13:48:00,2011-06-05 13:48:00,0,110.55000000000001,1
16965,227,1,201.19,291,26,2011-04-27 12:08:00,2011-04-27 12:08:00,0,201.19,1
16966,8,7,2154.97,1981,8,2011-04-13 14:17:00,2011-12-01 13:40:00,231,307.8528571428571,0
16967,189,1,319.02,333,21,2011-06-03 14:24:00,2011-06-03 14:24:00,0,319.02,1
16968,4,2,439.43,326,31,2011-08-24 10:51:00,2011-12-05 15:02:00,103,219.715,0
16969,39,3,650.41,816,42,2011-06-01 12:10:00,2011-10-31 13:12:00,152,216.8033333333333,0
16971,38,1,357.21,72,40,2011-11-01 15:06:00,2011-11-01 15:06:00,0,357.21,1
16976,267,1,251.51999999999998,88,2,2011-03-17 16:33:00,2011-03-17 16:33:00,0,251.51999999999998,1
16978,78,1,344.33,166,39,2011-09-23 12:50:00,2011-09-23 12:50:00,0,344.33,1
16979,4,6,1852.0,865,64,2011-02-15 09:20:00,2011-12-06 12:21:00,294,308.6666666666667,0
16980,255,2,1028.46,739,71,2011-02-21 12:58:00,2011-03-29 16:36:00,36,514.23,0
16982,61,1,384.06,182,22,2011-10-10 12:28:00,2011-10-10 12:28:00,0,384.06,1
16983,13,7,1905.87,1335,112,2010-12-05 12:34:00,2011-11-27 12:10:00,356,272.26714285714286,0
16984,88,2,4459.52,2380,354,2011-08-01 17:37:00,2011-09-12 13:43:00,41,2229.76,0
16985,17,10,5464.12,1832,62,2010-12-16 10:38:00,2011-11-22 13:33:00,341,546.412,0
16986,30,2,1873.2,1040,3,2011-11-09 15:52:00,2011-11-10 11:55:00,0,936.6,1
16987,3,7,1616.8,401,74,2011-05-18 15:55:00,2011-12-06 17:26:00,202,230.97142857142856,0
16988,5,1,126.12,43,7,2011-12-04 16:02:00,2011-12-04 16:02:00,0,126.12,1
16989,7,6,1133.25,1233,7,2011-07-12 09:11:00,2011-12-02 16:39:00,143,188.875,0
16990,219,1,179.0,100,1,2011-05-05 08:30:00,2011-05-05 08:30:00,0,179.0,1
16992,11,5,1614.31,860,84,2011-02-28 10:37:00,2011-11-29 11:50:00,274,322.86199999999997,0
16996,30,6,1456.96,544,13,2010-12-21 13:22:00,2011-11-09 16:43:00,323,242.82666666666668,0
16997,288,3,702.0,360,7,2011-01-18 11:51:00,2011-02-24 17:28:00,37,234.0,1
16998,150,4,295.0,76,1,2011-02-08 15:42:00,2011-07-13 09:44:00,154,73.75,1
16999,23,2,484.82,294,21,2011-09-26 15:43:00,2011-11-16 13:53:00,50,242.41,1
17001,1,11,3989.57,2164,75,2010-12-16 09:35:00,2011-12-09 09:38:00,358,362.6881818181818,0
17002,86,3,1493.73,679,41,2011-02-22 11:46:00,2011-09-15 12:40:00,205,497.91,0
17004,46,2,1312.1399999999999,771,38,2011-09-08 12:16:00,2011-10-24 14:25:00,46,656.0699999999999,0
17006,5,4,781.78,272,37,2011-09-25 12:15:00,2011-12-05 12:09:00,70,195.445,0
17007,51,6,889.9300000000001,597,50,2010-12-17 13:57:00,2011-10-20 10:47:00,306,148.3216666666667,0
17010,18,1,195.36,118,11,2011-11-21 14:49:00,2011-11-21 14:49:00,0,195.36,1
17011,30,1,270.9,186,15,2011-11-09 13:30:00,2011-11-09 13:30:00,0,270.9,1
17014,8,3,583.4300000000001,243,63,2011-10-04 11:36:00,2011-12-01 14:09:00,58,194.4766666666667,0
17015,29,3,1838.6100000000001,1978,182,2011-06-07 13:19:00,2011-11-11 10:45:00,156,612.87,0
17017,3,20,8694.26,6673,88,2010-12-02 10:17:00,2011-12-07 09:32:00,369,434.713,0
17018,41,2,920.1,176,15,2011-01-18 08:46:00,2011-10-30 11:42:00,285,460.05,0
17019,11,4,1258.08,820,166,2010-12-06 12:55:00,2011-11-28 13:06:00,357,314.52,0
17022,31,1,71.0,108,7,2011-11-08 17:09:00,2011-11-08 17:09:00,0,71.0,1
17024,45,3,95.85,69,2,2011-07-05 09:31:00,2011-10-25 13:47:00,112,31.95,1
17025,61,3,357.77,235,8,2010-12-01 15:45:00,2011-10-10 09:06:00,312,119.25666666666666,1
17026,185,2,154.82999999999998,97,4,2010-12-05 12:47:00,2011-06-07 14:28:00,184,77.41499999999999,1
17027,79,6,877.5600000000001,416,110,2011-01-26 14:19:00,2011-09-22 12:24:00,238,146.26000000000002,0
17029,111,2,716.0,400,1,2011-04-17 10:57:00,2011-08-21 11:06:00,126,358.0,1
17030,64,1,146.87,146,11,2011-10-07 08:49:00,2011-10-07 08:49:00,0,146.87,1
17031,12,2,380.35,235,19,2011-07-08 09:38:00,2011-11-28 10:23:00,143,190.175,1
17033,86,3,1030.14,750,24,2010-12-15 13:21:00,2011-09-14 14:34:00,273,343.38000000000005,0
17034,16,3,745.52,410,28,2011-02-25 10:10:00,2011-11-23 15:14:00,271,248.50666666666666,0
17035,246,2,433.53000000000003,229,27,2011-02-01 12:27:00,2011-04-08 11:23:00,65,216.76500000000001,1
17037,88,1,1267.32,656,75,2011-09-13 12:49:00,2011-09-13 12:49:00,0,1267.32,1
17038,30,1,112.4,28,22,2011-11-09 13:50:00,2011-11-09 13:50:00,0,112.4,1
17040,138,1,449.73,181,15,2011-07-25 10:19:00,2011-07-25 10:19:00,0,449.73,1
17041,27,3,1071.49,927,59,2010-12-14 11:43:00,2011-11-13 11:21:00,333,357.16333333333336,0
17042,3,5,1036.58,990,74,2011-04-06 14:53:00,2011-12-07 12:26:00,244,207.31599999999997,0
17043,32,4,1735.18,998,100,2011-03-18 14:53:00,2011-11-07 15:33:00,234,433.795,0
17044,25,1,948.48,504,6,2011-11-14 14:28:00,2011-11-14 14:28:00,0,948.48,1
17045,113,3,339.44,106,20,2011-04-06 12:08:00,2011-08-18 17:09:00,134,113.14666666666666,1
17046,157,1,642.02,510,22,2011-07-05 14:24:00,2011-07-05 14:24:00,0,642.02,1
17047,85,3,1100.9,533,59,2011-05-18 16:50:00,2011-09-15 13:27:00,119,366.9666666666667,0
17048,118,3,925.35,485,41,2011-01-12 16:51:00,2011-08-14 11:49:00,213,308.45,0
17049,3,9,5655.03,2673,201,2011-03-09 08:33:00,2011-12-07 10:48:00,273,628.3366666666666,0
17050,96,6,3185.64,1595,169,2011-02-13 12:41:00,2011-09-04 13:48:00,203,530.9399999999999,0
17051,194,1,240.89000000000001,179,40,2011-05-29 14:13:00,2011-05-29 14:13:00,0,240.89000000000001,1
17052,28,1,399.09,251,72,2011-11-11 14:50:00,2011-11-11 14:50:00,0,399.09,1
17053,131,1,498.48,122,13,2011-08-01 10:23:00,2011-08-01 10:23:00,0,498.48,1
17054,28,5,1356.33,804,64,2011-04-08 13:14:00,2011-11-11 12:56:00,216,271.26599999999996,0
17058,82,3,1179.89,592,51,2011-04-14 09:18:00,2011-09-19 10:13:00,158,393.2966666666667,0
17059,30,5,3080.39,1850,292,2010-12-05 12:35:00,2011-11-10 12:27:00,339,616.078,0
17060,266,1,234.24,216,5,2011-03-18 13:27:00,2011-03-18 13:27:00,0,234.24,1
17061,74,11,5232.2300000000005,1526,57,2011-04-21 13:29:00,2011-09-27 11:24:00,158,475.65727272727275,0
17062,314,4,533.33,418,52,2010-12-05 11:59:00,2011-01-30 11:01:00,55,133.3325,1
17063,21,7,1461.14,770,66,2011-02-23 13:44:00,2011-11-18 16:19:00,268,208.73428571428573,0
17064,59,3,855.45,316,53,2011-01-16 16:10:00,2011-10-12 10:18:00,268,285.15000000000003,0
17068,12,21,4552.14,2164,116,2010-12-06 13:58:00,2011-11-27 13:14:00,355,216.76857142857145,0
17069,28,9,2709.7000000000003,1506,111,2010-12-01 16:49:00,2011-11-11 17:13:00,345,301.0777777777778,0
17070,114,1,304.24,131,62,2011-08-17 17:01:00,2011-08-17 17:01:00,0,304.24,1
17071,28,9,2429.03,1197,102,2011-02-03 08:18:00,2011-11-11 16:31:00,281,269.89222222222224,0
17073,18,4,1446.09,759,142,2011-08-22 14:37:00,2011-11-22 11:47:00,91,361.5225,0
17075,18,4,834.12,292,62,2011-01-26 13:20:00,2011-11-22 11:58:00,299,208.53,0
17076,36,3,841.0799999999999,295,17,2010-12-10 10:08:00,2011-11-03 17:53:00,328,280.35999999999996,0
17078,36,2,378.2,788,28,2011-11-03 18:49:00,2011-11-03 19:17:00,0,189.1,1
17079,78,1,118.80000000000001,24,2,2011-09-22 15:34:00,2011-09-22 15:34:00,0,118.80000000000001,1
17080,22,2,287.62,166,8,2011-03-15 12:05:00,2011-11-17 12:59:00,247,143.81,1
17081,25,2,288.91,77,55,2011-10-24 13:08:00,2011-11-14 12:56:00,20,144.455,1
17082,33,2,2003.85,1049,75,2011-01-25 14:36:00,2011-11-06 15:17:00,285,1001.925,0
17083,109,3,1405.78,772,24,2011-02-09 11:38:00,2011-08-22 15:43:00,194,468.5933333333333,0
17084,35,2,2747.9900000000002,1702,146,2011-11-04 14:49:00,2011-11-04 14:54:00,0,1373.9950000000001,0
17085,123,5,1562.4,785,115,2010-12-12 12:24:00,2011-08-08 14:15:00,239,312.48,0
17086,7,6,2050.08,1859,76,2011-10-07 11:22:00,2011-12-02 13:54:00,56,341.68,0
17088,28,4,1991.01,868,96,2011-03-31 09:48:00,2011-11-11 14:23:00,225,497.7525,0
17090,4,7,1974.65,903,45,2010-12-20 13:52:00,2011-12-05 13:44:00,349,282.09285714285716,0
17091,3,9,3827.76,1746,119,2010-12-07 09:55:00,2011-12-07 10:43:00,365,425.3066666666667,0
17092,50,4,1774.03,1130,99,2011-03-07 14:51:00,2011-10-20 19:51:00,227,443.5075,0
17094,322,1,302.0,152,14,2011-01-21 13:09:00,2011-01-21 13:09:00,0,302.0,1
17095,23,3,1324.16,618,69,2011-01-09 11:05:00,2011-11-17 12:21:00,312,441.3866666666667,0
17096,15,4,1022.13,339,46,2011-03-23 12:05:00,2011-11-24 15:01:00,246,255.5325,0
17097,2,8,954.42,459,153,2010-12-09 14:55:00,2011-12-07 17:05:00,363,119.3025,0
17100,18,2,971.74,800,65,2011-11-21 16:36:00,2011-11-21 16:36:00,0,485.87,0
17101,10,4,1621.73,815,28,2011-06-14 14:49:00,2011-11-29 13:57:00,167,405.4325,0
17102,262,1,25.5,2,1,2011-03-23 10:08:00,2011-03-23 10:08:00,0,25.5,1
17105,159,2,665.78,693,80,2011-02-06 14:46:00,2011-07-03 15:53:00,147,332.89,0
17107,33,6,10797.48,4826,269,2011-03-06 15:17:00,2011-11-06 14:14:00,244,1799.58,0
17109,29,6,881.29,588,107,2011-04-21 15:46:00,2011-11-10 16:59:00,203,146.88166666666666,0
17110,165,1,163.29999999999998,50,12,2011-06-27 12:58:00,2011-06-27 12:58:00,0,163.29999999999998,1
17111,47,1,231.61,282,29,2011-10-23 15:59:00,2011-10-23 15:59:00,0,231.61,1
17114,6,8,801.12,215,85,2011-01-09 11:39:00,2011-12-04 12:17:00,329,100.14,0
17115,8,3,837.5,372,33,2011-04-20 14:46:00,2011-12-01 14:30:00,224,279.1666666666667,0
17117,288,1,116.19999999999999,68,9,2011-02-24 13:54:00,2011-02-24 13:54:00,0,116.19999999999999,1
17118,318,1,157.02,154,10,2011-01-26 12:19:00,2011-01-26 12:19:00,0,157.02,1
17119,3,2,606.91,334,35,2011-10-11 11:03:00,2011-12-06 14:40:00,56,303.455,0
17120,233,1,307.46,120,18,2011-04-20 15:21:00,2011-04-20 15:21:00,0,307.46,1
17122,119,1,138.32,80,7,2011-08-12 14:33:00,2011-08-12 14:33:00,0,138.32,1
17123,162,1,345.29999999999995,246,9,2011-07-01 10:47:00,2011-07-01 10:47:00,0,345.29999999999995,1
17124,185,1,294.24,129,31,2011-06-07 14:02:00,2011-06-07 14:02:00,0,294.24,1
17125,50,1,230.5,281,34,2011-10-20 14:41:00,2011-10-20 14:41:00,0,230.5,1
17126,152,5,989.45,780,187,2010-12-12 11:26:00,2011-07-10 13:52:00,210,197.89000000000001,0
17128,335,1,157.09,76,14,2011-01-09 12:02:00,2011-01-09 12:02:00,0,157.09,1
17131,5,5,2463.17,983,78,2011-09-25 12:42:00,2011-12-04 12:52:00,70,492.634,0
17133,16,7,4892.240000000001,2730,13,2011-03-18 13:47:00,2011-11-24 12:27:00,250,698.8914285714287,0
17134,107,2,413.2,98,21,2011-03-20 11:56:00,2011-08-25 09:53:00,157,206.6,1
17135,16,7,1139.73,1224,34,2010-12-03 09:31:00,2011-11-23 16:48:00,355,162.81857142857143,0
17138,276,1,380.5,126,24,2011-03-09 11:54:00,2011-03-09 11:54:00,0,380.5,1
17139,16,12,10650.77,5176,309,2011-02-24 09:32:00,2011-11-24 10:12:00,273,887.5641666666667,0
17140,247,1,454.12,296,16,2011-04-06 13:33:00,2011-04-06 13:33:00,0,454.12,1
17142,239,1,579.0,81,15,2011-04-14 18:22:00,2011-04-14 18:22:00,0,579.0,1
17144,1,2,984.57,483,42,2011-09-16 12:50:00,2011-12-08 17:57:00,83,492.285,0
17146,106,3,749.78,212,33,2010-12-16 12:20:00,2011-08-26 12:44:00,253,249.92666666666665,0
17147,23,4,1714.59,882,68,2011-02-01 09:36:00,2011-11-17 12:32:00,289,428.6475,0
17148,52,1,124.88,82,9,2011-10-19 09:59:00,2011-10-19 09:59:00,0,124.88,1
17152,195,3,1689.5,517,9,2011-03-21 16:20:00,2011-05-29 12:19:00,68,563.1666666666666,0
17153,24,1,213.78,104,14,2011-11-15 13:42:00,2011-11-15 13:42:00,0,213.78,1
17154,75,1,329.34,490,23,2011-09-25 13:42:00,2011-09-25 13:42:00,0,329.34,1
17155,18,2,251.70000000000002,242,19,2011-06-15 10:22:00,2011-11-22 12:38:00,160,125.85000000000001,1
17157,8,2,319.0,172,11,2011-06-16 15:08:00,2011-12-02 09:10:00,168,159.5,1
17158,32,3,1266.97,778,53,2010-12-14 13:03:00,2011-11-07 15:15:00,328,422.3233333333333,0
17159,22,3,1538.88,1111,96,2011-06-21 09:49:00,2011-11-18 10:52:00,150,512.96,0
17160,31,6,3518.03,2856,111,2011-04-12 12:00:00,2011-11-08 14:05:00,210,586.3383333333334,0
17162,29,10,1715.46,1001,81,2011-02-07 12:27:00,2011-11-11 11:34:00,276,171.546,0
17163,22,2,293.1,66,3,2011-09-22 15:54:00,2011-11-18 08:57:00,56,146.55,1
17164,33,7,2467.35,1501,92,2011-03-11 14:26:00,2011-11-07 09:14:00,240,352.4785714285714,0
17165,284,1,158.68,100,10,2011-02-28 16:39:00,2011-02-28 16:39:00,0,158.68,1
17166,39,2,206.34,78,11,2011-05-20 08:18:00,2011-11-01 09:46:00,165,103.17,1
17169,58,2,835.78,526,51,2011-06-09 13:16:00,2011-10-13 10:25:00,125,417.89,0
17171,289,1,224.91,185,16,2011-02-23 16:37:00,2011-02-23 16:37:00,0,224.91,1
17172,79,1,317.76,480,15,2011-09-22 09:36:00,2011-09-22 09:36:00,0,317.76,1
17173,5,8,3766.6,1122,36,2011-07-31 15:26:00,2011-12-04 14:40:00,125,470.825,0
17174,218,1,59.9,41,4,2011-05-06 11:47:00,2011-05-06 11:47:00,0,59.9,1
17175,44,4,1443.69,866,42,2011-02-16 14:56:00,2011-10-26 15:31:00,252,360.9225,0
17176,202,1,306.13,170,15,2011-05-22 12:41:00,2011-05-22 12:41:00,0,306.13,1
17179,178,3,711.79,290,56,2010-12-13 14:24:00,2011-06-14 16:48:00,183,237.26333333333332,0
17180,56,4,783.97,670,91,2011-01-27 18:05:00,2011-10-14 15:46:00,259,195.9925,0
17181,57,2,239.92000000000002,241,23,2010-12-01 12:38:00,2011-10-13 14:48:00,316,119.96000000000001,1
17183,8,6,3347.31,1296,42,2011-08-26 15:25:00,2011-12-02 10:07:00,97,557.885,0
17186,47,2,144.0,200,1,2011-10-10 12:52:00,2011-10-24 10:20:00,13,72.0,1
17187,227,1,203.95,144,10,2011-04-27 12:39:00,2011-04-27 12:39:00,0,203.95,1
17188,11,7,2474.23,1328,71,2010-12-12 12:56:00,2011-11-28 13:53:00,351,353.4614285714286,0
17189,106,2,383.75,226,52,2010-12-15 17:28:00,2011-08-25 19:39:00,253,191.875,1
17190,59,2,444.74,161,19,2011-05-16 15:29:00,2011-10-12 11:33:00,148,222.37,1
17191,28,7,2093.68,1166,163,2010-12-06 14:36:00,2011-11-11 16:58:00,340,299.09714285714284,0
17193,36,7,1699.3000000000002,1254,17,2011-06-16 10:04:00,2011-11-04 12:47:00,141,242.7571428571429,0
17194,274,2,262.62,119,26,2010-12-14 12:06:00,2011-03-11 12:05:00,86,131.31,1
17197,30,1,1013.01,191,29,2011-11-10 10:32:00,2011-11-10 10:32:00,0,1013.01,1
17198,24,3,692.22,357,89,2010-12-03 14:54:00,2011-11-16 10:39:00,347,230.74,0
17201,54,1,289.78,231,38,2011-10-17 11:55:00,2011-10-17 11:55:00,0,289.78,1
17203,36,6,3560.08,2846,116,2011-10-10 14:37:00,2011-11-04 12:27:00,24,593.3466666666667,0
17204,175,4,1564.56,646,44,2011-03-21 12:42:00,2011-06-17 14:46:00,88,391.14,0
17205,54,1,384.08,884,13,2011-10-17 12:46:00,2011-10-17 12:46:00,0,384.08,1
17206,53,1,204.24,76,7,2011-10-17 13:25:00,2011-10-17 13:25:00,0,204.24,1
17211,27,8,2317.2200000000003,1323,150,2010-12-05 12:44:00,2011-11-13 12:03:00,342,289.65250000000003,0
17212,253,1,226.85,147,4,2011-03-31 19:42:00,2011-03-31 19:42:00,0,226.85,1
17213,40,7,2781.23,1176,85,2010-12-08 13:03:00,2011-10-30 14:53:00,326,397.31857142857143,0
17214,60,6,1059.1200000000001,272,79,2010-12-15 15:14:00,2011-10-10 13:17:00,298,176.52,0
17217,234,1,113.5,24,9,2011-04-19 17:19:00,2011-04-19 17:19:00,0,113.5,1
17218,4,10,1951.97,955,146,2010-12-06 15:25:00,2011-12-05 13:52:00,363,195.197,0
17219,32,1,114.23,89,24,2011-11-08 11:25:00,2011-11-08 11:25:00,0,114.23,1
17220,24,14,3187.55,1897,303,2010-12-10 14:54:00,2011-11-15 13:47:00,339,227.68214285714288,0
17221,7,2,334.48,287,59,2011-11-03 17:39:00,2011-12-02 13:35:00,28,167.24,1
17222,65,1,328.65,122,27,2011-10-05 13:58:00,2011-10-05 13:58:00,0,328.65,1
17223,310,2,416.89,110,43,2010-12-06 14:08:00,2011-02-02 15:57:00,58,208.445,1
17226,309,1,393.49,406,21,2011-02-04 11:52:00,2011-02-04 11:52:00,0,393.49,1
17227,19,6,939.32,741,28,2010-12-06 11:16:00,2011-11-21 10:51:00,349,156.55333333333334,0
17228,16,8,1906.09,1532,140,2010-12-02 16:00:00,2011-11-24 10:24:00,356,238.26125,0
17229,96,2,318.76,185,39,2011-07-20 12:38:00,2011-09-04 13:56:00,46,159.38,1
17230,264,8,3638.41,1651,51,2010-12-15 11:22:00,2011-03-20 16:12:00,95,454.80125,0
17231,12,10,3124.72,1724,292,2010-12-13 14:16:00,2011-11-27 15:18:00,349,312.472,0
17232,3,2,417.77,202,30,2011-11-25 12:24:00,2011-12-07 12:21:00,11,208.885,1
17233,35,1,190.88,131,25,2011-11-04 14:06:00,2011-11-04 14:06:00,0,190.88,1
17234,183,1,149.89000000000001,55,14,2011-06-10 11:20:00,2011-06-10 11:20:00,0,149.89000000000001,1
17235,25,2,550.06,224,24,2010-12-02 13:38:00,2011-11-14 15:51:00,347,275.03,0
17236,13,6,916.13,474,88,2010-12-12 11:49:00,2011-11-27 12:00:00,350,152.68833333333333,0
17237,11,2,314.69,105,18,2011-11-17 12:55:00,2011-11-28 15:02:00,11,157.345,1
17238,3,17,3719.1,1807,297,2010-12-03 15:05:00,2011-12-07 11:35:00,368,218.7705882352941,0
17239,313,1,382.5,150,15,2011-01-31 09:41:00,2011-01-31 09:41:00,0,382.5,1
17242,108,2,1135.04,611,30,2011-06-12 13:04:00,2011-08-23 14:55:00,72,567.52,0
17243,1,26,8540.05,3320,180,2010-12-05 10:03:00,2011-12-08 13:26:00,368,328.4634615384615,0
17244,53,1,954.9,616,31,2011-10-17 15:19:00,2011-10-17 15:19:00,0,954.9,1
17245,205,1,171.45,75,9,2011-05-19 10:43:00,2011-05-19 10:43:00,0,171.45,1
17247,15,1,280.09000000000003,105,53,2011-11-24 15:21:00,2011-11-24 15:21:00,0,280.09000000000003,1
17248,120,1,318.65,213,68,2011-08-11 13:34:00,2011-08-11 13:34:00,0,318.65,1
17250,4,2,381.97,167,55,2011-03-23 16:45:00,2011-12-06 12:15:00,257,190.985,0
17251,363,1,269.83,108,37,2010-12-12 11:06:00,2010-12-12 11:06:00,0,269.83,1
17252,117,2,348.91,192,86,2011-06-06 16:41:00,2011-08-15 09:45:00,69,174.455,1
17253,18,1,178.26,43,18,2011-11-21 12:59:00,2011-11-21 12:59:00,0,178.26,1
17254,5,2,271.19,251,100,2011-11-24 14:09:00,2011-12-05 12:46:00,10,135.595,1
17255,41,2,291.48,227,69,2011-02-13 15:18:00,2011-10-30 12:18:00,258,145.74,1
17256,107,2,240.0,141,12,2011-01-31 14:53:00,2011-08-24 13:30:00,204,120.0,1
17259,148,2,581.23,388,104,2010-12-06 12:55:00,2011-07-14 15:01:00,220,290.615,0
17262,52,5,1253.3600000000001,367,9,2010-12-08 13:30:00,2011-10-18 12:56:00,313,250.67200000000003,0
17263,208,1,63.440000000000005,36,23,2011-05-15 14:32:00,2011-05-15 14:32:00,0,63.440000000000005,1
17265,139,2,550.01,389,106,2011-06-12 12:00:00,2011-07-24 10:49:00,41,275.005,1
17266,2,3,296.58,153,60,2011-07-15 11:57:00,2011-12-07 14:12:00,145,98.86,0
17267,127,2,317.2,158,37,2011-08-04 17:19:00,2011-08-04 17:22:00,0,158.6,1
17268,108,4,763.64,844,3,2011-04-08 13:20:00,2011-08-24 10:06:00,137,190.91,1
17272,42,4,2148.63,1778,70,2011-03-22 12:05:00,2011-10-28 16:37:00,220,537.1575,0
17274,35,1,107.82,77,24,2011-11-04 13:16:00,2011-11-04 13:16:00,0,107.82,1
17277,228,2,1065.3500000000001,430,67,2011-01-21 12:37:00,2011-04-26 12:47:00,95,532.6750000000001,0
17278,241,1,246.04,179,15,2011-04-12 13:10:00,2011-04-12 13:10:00,0,246.04,1
17279,58,1,187.82999999999998,48,8,2011-10-13 11:58:00,2011-10-13 11:58:00,0,187.82999999999998,1
17282,130,3,1685.46,1866,79,2011-02-13 11:36:00,2011-08-01 14:29:00,169,561.82,0
17284,60,6,1647.48,1362,229,2011-01-07 14:31:00,2011-10-10 14:38:00,276,274.58,0
17286,22,1,151.37,117,44,2011-11-18 12:47:00,2011-11-18 12:47:00,0,151.37,1
17287,26,7,1049.06,556,88,2010-12-02 12:22:00,2011-11-13 13:27:00,346,149.8657142857143,0
17288,9,7,1417.63,1201,118,2010-12-16 13:33:00,2011-11-30 16:09:00,349,202.51857142857145,0
17289,32,3,931.02,513,86,2011-06-12 13:51:00,2011-11-08 12:01:00,148,310.34,0
17290,4,2,513.01,397,92,2011-11-23 15:53:00,2011-12-06 12:38:00,12,256.505,0
17291,308,1,550.8000000000001,72,1,2011-02-04 13:04:00,2011-02-04 13:04:00,0,550.8000000000001,1
17293,8,9,1854.06,1135,93,2010-12-13 14:55:00,2011-12-01 14:37:00,352,206.00666666666666,0
17295,29,3,547.0,293,53,2011-10-06 12:22:00,2011-11-11 10:49:00,35,182.33333333333334,0
17297,17,1,128.18,65,49,2011-11-22 14:43:00,2011-11-22 14:43:00,0,128.18,1
17298,101,2,498.42,387,30,2011-08-07 12:21:00,2011-08-30 16:43:00,23,249.21,1
17299,12,4,656.61,668,50,2011-06-19 16:04:00,2011-11-28 12:01:00,161,164.1525,0
17301,21,1,163.24,137,59,2011-11-18 13:43:00,2011-11-18 13:43:00,0,163.24,1
17302,15,5,1135.63,575,68,2011-02-07 10:14:00,2011-11-25 09:36:00,290,227.12600000000003,0
17303,361,1,250.04,144,53,2010-12-13 13:32:00,2010-12-13 13:32:00,0,250.04,1
17306,11,19,8631.31,11491,13,2010-12-21 13:34:00,2011-11-29 12:14:00,342,454.2794736842105,0
17309,95,1,82.75,41,11,2011-09-05 15:20:00,2011-09-05 15:20:00,0,82.75,1
17311,78,2,1384.85,1005,55,2011-01-27 10:56:00,2011-09-22 14:11:00,238,692.425,0
17312,139,3,644.3,372,11,2011-07-03 13:12:00,2011-07-24 11:52:00,20,214.76666666666665,1
17313,31,1,2328.84,1402,24,2011-11-08 15:45:00,2011-11-08 15:45:00,0,2328.84,0
17314,25,8,2527.92,1896,120,2011-01-31 11:25:00,2011-11-15 09:41:00,287,315.99,0
17315,2,38,6281.23,3863,256,2010-12-17 12:24:00,2011-12-08 12:15:00,355,165.29552631578946,0
17317,46,3,2600.34,1146,8,2011-09-11 12:45:00,2011-10-24 17:19:00,43,866.7800000000001,0
17320,100,3,1200.6200000000001,634,57,2010-12-06 15:38:00,2011-08-31 13:31:00,267,400.2066666666667,0
17321,8,2,657.16,364,94,2011-10-03 11:34:00,2011-12-01 13:41:00,59,328.58,0
17323,15,7,906.52,760,125,2011-02-20 14:38:00,2011-11-24 17:29:00,277,129.50285714285715,0
17324,18,4,986.48,843,43,2010-12-08 12:45:00,2011-11-22 10:34:00,348,246.62,0
17325,280,1,96.8,60,6,2011-03-04 13:09:00,2011-03-04 13:09:00,0,96.8,1
17329,14,2,523.11,142,29,2011-01-28 15:29:00,2011-11-25 14:24:00,300,261.555,0
17330,23,2,363.9,120,5,2011-10-03 11:26:00,2011-11-17 08:56:00,44,181.95,1
17331,124,1,175.2,16,1,2011-08-08 11:55:00,2011-08-08 11:55:00,0,175.2,1
17333,86,1,494.25,375,28,2011-09-15 10:11:00,2011-09-15 10:11:00,0,494.25,1
17334,302,2,307.02,315,11,2011-02-04 09:03:00,2011-02-10 14:59:00,6,153.51,1
17337,151,4,1981.06,1247,421,2011-02-02 17:06:00,2011-07-11 14:55:00,158,495.265,0
17338,17,8,6493.54,3059,389,2010-12-13 12:57:00,2011-11-22 14:23:00,344,811.6925,0
17339,94,2,243.36,152,9,2010-12-09 14:44:00,2011-09-06 13:29:00,270,121.68,1
17340,30,11,12353.29,5967,229,2010-12-08 15:56:00,2011-11-10 10:45:00,336,1123.0263636363636,0
17341,157,3,682.29,443,147,2010-12-08 12:46:00,2011-07-06 12:33:00,209,227.42999999999998,0
17343,355,1,193.64,56,17,2010-12-19 15:07:00,2010-12-19 15:07:00,0,193.64,1
17344,46,1,157.62,65,31,2011-10-24 12:56:00,2011-10-24 12:56:00,0,157.62,1
17345,15,4,519.6899999999999,341,70,2011-05-27 12:26:00,2011-11-24 15:03:00,181,129.92249999999999,0
17346,4,15,2622.88,1617,299,2010-12-01 14:34:00,2011-12-06 12:18:00,369,174.85866666666666,0
17347,86,1,228.96,216,1,2011-09-14 13:12:00,2011-09-14 13:12:00,0,228.96,1
17348,15,5,1156.6,1398,180,2011-02-15 10:49:00,2011-11-25 11:25:00,283,231.32,0
17349,179,1,98.25,102,8,2011-06-13 14:29:00,2011-06-13 14:29:00,0,98.25,1
17350,8,4,1281.32,770,66,2011-10-19 16:05:00,2011-12-01 15:47:00,42,320.33,0
17351,36,3,587.15,113,22,2011-03-11 16:05:00,2011-11-03 18:45:00,237,195.71666666666667,1
17353,129,2,1740.0,1200,5,2011-07-08 16:17:00,2011-08-02 17:19:00,25,870.0,1
17354,51,1,1393.06,1006,15,2011-10-20 10:34:00,2011-10-20 10:34:00,0,1393.06,1
17356,312,1,178.22,166,19,2011-02-01 11:07:00,2011-02-01 11:07:00,0,178.22,1
17357,24,2,384.39,152,41,2011-11-15 16:29:00,2011-11-15 16:30:00,0,192.195,1
17358,303,2,360.81,190,55,2010-12-19 14:16:00,2011-02-09 16:57:00,52,180.405,1
17359,11,1,127.86,161,13,2011-11-28 14:37:00,2011-11-28 14:37:00,0,127.86,1
17360,17,3,568.24,328,113,2011-06-08 17:09:00,2011-11-22 13:11:00,166,189.41333333333333,0
17361,49,3,488.2,157,26,2011-02-21 09:55:00,2011-10-21 15:43:00,242,162.73333333333332,1
17362,239,2,312.23,191,30,2011-02-03 10:26:00,2011-04-14 14:43:00,70,156.115,1
17364,1,11,4462.68,2692,288,2011-01-12 16:57:00,2011-12-09 09:00:00,330,405.69818181818187,0
17365,13,8,4767.36,4749,278,2011-01-11 12:11:00,2011-11-27 12:13:00,320,595.92,0
17367,238,1,167.55,149,33,2011-04-15 14:21:00,2011-04-15 14:21:00,0,167.55,1
17368,23,8,1878.87,1377,93,2011-01-06 11:57:00,2011-11-16 15:26:00,314,234.85875,0
17370,73,4,446.18,540,31,2011-06-23 11:50:00,2011-09-28 10:14:00,96,111.545,1
17371,17,3,418.4,151,83,2010-12-13 15:20:00,2011-11-22 13:30:00,343,139.46666666666667,0
17372,41,8,1337.18,747,215,2010-12-12 12:00:00,2011-10-30 11:37:00,321,167.1475,0
17373,40,4,646.92,408,47,2011-01-31 11:46:00,2011-10-30 15:28:00,272,161.73,0
17374,219,2,495.77,85,24,2011-03-03 12:53:00,2011-05-05 09:05:00,62,247.885,1
17375,199,3,400.1,367,63,2010-12-13 15:16:00,2011-05-24 15:45:00,162,133.36666666666667,1
17376,71,2,203.2,86,23,2011-02-01 14:12:00,2011-09-30 12:36:00,240,101.6,1
17377,24,20,4058.32,2038,190,2010-12-01 12:35:00,2011-11-16 11:17:00,349,202.916,0
17379,11,1,389.71999999999997,623,71,2011-11-28 13:56:00,2011-11-28 13:56:00,0,389.71999999999997,1
17381,9,29,20275.61,25649,40,2010-12-02 12:58:00,2011-12-01 11:59:00,363,699.1589655172414,0
17382,65,1,65.4,25,2,2011-10-05 13:05:00,2011-10-05 13:05:00,0,65.4,1
17383,4,1,193.39000000000001,148,49,2011-12-05 17:36:00,2011-12-05 17:36:00,0,193.39000000000001,1
17384,19,2,336.4,88,12,2011-05-04 16:07:00,2011-11-20 15:48:00,199,168.2,1
17385,15,1,256.11,197,42,2011-11-25 11:02:00,2011-11-25 11:02:00,0,256.11,1
17386,8,6,2686.42,1902,23,2011-06-27 12:11:00,2011-12-02 11:28:00,157,447.7366666666667,0
17387,20,2,746.81,522,71,2011-11-06 11:25:00,2011-11-20 11:00:00,13,373.405,0
17388,78,4,1259.56,1068,13,2011-02-25 12:28:00,2011-09-23 10:31:00,209,314.89,0
17389,1,34,31833.68,7612,45,2011-01-12 15:48:00,2011-12-09 09:38:00,330,936.2847058823529,0
17391,164,2,508.8,480,2,2011-06-28 12:21:00,2011-06-29 09:58:00,0,254.4,1
17392,307,2,417.27,277,53,2010-12-16 19:04:00,2011-02-06 12:48:00,51,208.635,1
17394,219,1,203.86999999999998,241,4,2011-05-04 13:22:00,2011-05-04 13:22:00,0,203.86999999999998,1
17396,39,8,7330.8,2005,24,2010-12-03 09:45:00,2011-10-31 14:12:00,332,916.35,0
17397,22,2,681.41,250,88,2011-11-17 13:58:00,2011-11-17 14:08:00,0,340.705,1
17398,115,3,653.38,310,30,2011-03-29 13:04:00,2011-08-17 09:48:00,140,217.79333333333332,1
17400,126,5,2097.84,1088,175,2010-12-21 17:16:00,2011-08-05 15:38:00,226,419.56800000000004,0
17402,5,13,2633.85,701,33,2010-12-05 13:53:00,2011-12-05 10:15:00,364,202.60384615384615,0
17403,36,1,263.92,111,32,2011-11-03 15:18:00,2011-11-03 15:18:00,0,263.92,1
17404,4,15,31906.82,32748,111,2010-12-14 13:28:00,2011-12-05 16:26:00,356,2127.1213333333335,0
17405,1,3,1031.41,726,77,2011-07-12 14:17:00,2011-12-08 17:12:00,149,343.80333333333334,0
17406,333,3,2184.42,780,99,2010-12-08 10:35:00,2011-01-10 15:07:00,33,728.14,0
17408,163,1,32.65,3,2,2011-06-29 12:53:00,2011-06-29 12:53:00,0,32.65,1
17409,185,2,771.85,105,13,2011-04-05 16:42:00,2011-06-08 10:36:00,63,385.925,1
17410,16,5,1214.72,616,57,2011-05-08 15:21:00,2011-11-23 15:46:00,199,242.94400000000002,0
17411,12,3,778.94,306,39,2011-03-23 13:44:00,2011-11-27 14:25:00,249,259.6466666666667,0
17412,3,7,1258.06,738,48,2010-12-02 16:29:00,2011-12-07 11:36:00,369,179.72285714285712,0
17414,44,2,778.0,2100,5,2011-06-08 11:43:00,2011-10-27 12:13:00,141,389.0,0
17415,80,1,507.84,114,14,2011-09-21 12:50:00,2011-09-21 12:50:00,0,507.84,1
17416,30,7,6893.42,4302,186,2011-03-03 13:45:00,2011-11-10 12:47:00,251,984.7742857142857,0
17418,42,2,463.46000000000004,289,29,2011-01-20 11:39:00,2011-10-28 13:00:00,281,231.73000000000002,1
17419,11,12,4226.57,1876,155,2010-12-07 15:03:00,2011-11-28 13:47:00,355,352.21416666666664,0
17420,50,3,598.83,265,28,2010-12-01 09:56:00,2011-10-20 14:52:00,323,199.61,0
17422,16,6,1979.37,2253,93,2011-02-16 14:44:00,2011-11-23 13:27:00,279,329.895,0
17423,46,2,698.41,459,26,2011-05-06 09:14:00,2011-10-24 13:36:00,171,349.205,0
17425,19,2,759.17,407,42,2011-10-10 11:37:00,2011-11-20 15:30:00,41,379.585,0
17426,8,6,5037.26,3094,179,2011-03-02 16:34:00,2011-12-01 18:07:00,274,839.5433333333334,0
17427,72,1,100.8,34,2,2011-09-29 11:29:00,2011-09-29 11:29:00,0,100.8,1
17428,1,28,17256.85,9474,252,2010-12-06 09:37:00,2011-12-09 09:45:00,368,616.3160714285714,0
17429,128,3,524.9200000000001,624,36,2011-05-05 09:53:00,2011-08-03 13:22:00,90,174.97333333333336,1
17430,33,2,265.76,190,14,2010-12-09 13:05:00,2011-11-07 09:24:00,332,132.88,1
17431,313,1,403.3,292,41,2011-01-30 14:36:00,2011-01-30 14:36:00,0,403.3,1
17432,18,2,365.76,207,44,2011-11-02 17:30:00,2011-11-21 17:33:00,19,182.88,1
17433,88,1,303.15999999999997,185,53,2011-09-12 14:24:00,2011-09-12 14:24:00,0,303.15999999999997,1
17434,2,7,2373.82,1693,100,2011-09-15 13:54:00,2011-12-07 13:16:00,82,339.1171428571429,0
17436,2,2,216.29999999999998,90,7,2011-04-27 11:33:00,2011-12-08 12:30:00,225,108.14999999999999,1
17438,254,1,388.45000000000005,103,17,2011-03-31 10:26:00,2011-03-31 10:26:00,0,388.45000000000005,1
17440,157,3,186.42000000000002,246,3,2011-04-06 12:05:00,2011-07-06 11:54:00,90,62.14000000000001,1
17442,37,6,2248.56,1496,96,2011-02-22 13:02:00,2011-11-03 09:17:00,253,374.76,0
17443,220,1,534.24,504,1,2011-05-04 10:47:00,2011-05-04 10:47:00,0,534.24,1
17444,148,3,2940.04,2119,132,2011-06-20 09:04:00,2011-07-15 12:05:00,25,980.0133333333333,0
17446,177,2,120.9,198,6,2011-02-02 14:40:00,2011-06-16 10:42:00,133,60.45,1
17447,40,2,541.53,443,33,2011-09-29 10:10:00,2011-10-30 14:18:00,31,270.765,1
17449,2,7,2519.21,1121,178,2010-12-15 10:57:00,2011-12-07 16:56:00,357,359.88714285714286,0
17450,8,46,194390.79,69973,124,2010-12-07 09:23:00,2011-12-01 13:29:00,359,4225.886739130435,0
17451,1,7,1721.4,1203,83,2011-08-26 11:54:00,2011-12-08 15:02:00,104,245.91428571428574,0
17453,18,2,486.71999999999997,219,19,2011-10-06 17:02:00,2011-11-22 09:42:00,46,243.35999999999999,1
17454,192,4,517.53,243,57,2010-12-15 10:54:00,2011-05-31 13:58:00,167,129.3825,1
17455,204,1,131.7,66,8,2011-05-20 12:31:00,2011-05-20 12:31:00,0,131.7,1
17456,365,1,249.86,222,17,2010-12-09 15:23:00,2010-12-09 15:23:00,0,249.86,1
17457,127,5,1737.7,826,14,2011-01-04 14:33:00,2011-08-05 12:48:00,212,347.54,0
17458,15,1,316.5,170,52,2011-11-24 13:01:00,2011-11-24 13:01:00,0,316.5,1
17459,43,2,657.3,537,88,2011-10-10 17:00:00,2011-10-27 13:25:00,16,328.65,0
17460,94,6,622.4300000000001,236,18,2010-12-01 16:24:00,2011-09-06 15:04:00,278,103.73833333333334,1
17461,23,3,735.82,770,104,2011-11-10 12:01:00,2011-11-17 10:21:00,6,245.27333333333334,0
17462,60,2,675.69,227,25,2011-02-28 17:01:00,2011-10-10 13:56:00,223,337.845,1
17463,16,5,1875.86,1086,162,2011-01-30 15:48:00,2011-11-23 13:40:00,296,375.17199999999997,0
17464,158,1,289.96000000000004,220,9,2011-07-04 13:19:00,2011-07-04 13:19:00,0,289.96000000000004,1
17466,10,2,763.28,306,41,2011-09-22 09:16:00,2011-11-29 13:15:00,68,381.64,0
17468,10,2,137.0,116,5,2011-11-25 12:52:00,2011-11-29 15:33:00,4,68.5,1
17469,16,5,1870.97,787,61,2011-05-19 08:55:00,2011-11-23 13:15:00,188,374.194,0
17470,45,5,1125.07,1675,67,2010-12-07 09:57:00,2011-10-26 12:42:00,323,225.01399999999998,0
17472,191,3,697.54,455,142,2011-02-13 14:40:00,2011-06-01 14:57:00,108,232.51333333333332,0
17475,79,1,194.37,178,14,2011-09-21 14:55:00,2011-09-21 14:55:00,0,194.37,1
17480,78,1,511.82,338,29,2011-09-23 11:39:00,2011-09-23 11:39:00,0,511.82,1
17481,4,4,1255.59,1061,69,2011-09-07 09:57:00,2011-12-06 12:28:00,90,313.8975,0
17483,65,3,414.04,191,18,2011-06-09 19:40:00,2011-10-05 13:10:00,117,138.01333333333335,1
17486,261,1,396.87,191,24,2011-03-23 14:00:00,2011-03-23 14:00:00,0,396.87,1
17489,59,2,376.64,428,28,2011-05-11 11:34:00,2011-10-12 08:56:00,153,188.32,1
17490,1,7,2092.32,1134,63,2011-06-16 09:15:00,2011-12-09 09:08:00,175,298.90285714285716,0
17491,1,10,3558.87,2013,72,2010-12-07 12:18:00,2011-12-08 16:18:00,366,355.887,0
17492,248,1,374.57,155,12,2011-04-05 15:21:00,2011-04-05 15:21:00,0,374.57,1
17495,8,2,497.56,229,21,2011-11-01 12:06:00,2011-12-02 12:08:00,31,248.78,1
17496,359,1,271.05,79,10,2010-12-16 08:39:00,2010-12-16 08:39:00,0,271.05,1
17498,76,1,272.22,394,17,2011-09-25 12:25:00,2011-09-25 12:25:00,0,272.22,1
17499,290,1,622.88,711,40,2011-02-23 09:14:00,2011-02-23 09:14:00,0,622.88,1
17500,17,3,1138.0,17,3,2011-11-10 09:08:00,2011-11-22 14:25:00,12,379.3333333333333,1
17501,221,2,288.6,160,18,2011-05-03 09:46:00,2011-05-03 09:47:00,0,144.3,1
17502,9,4,689.1,376,25,2011-11-10 16:39:00,2011-11-30 13:13:00,19,172.275,0
17503,3,2,558.96,486,36,2011-11-01 11:12:00,2011-12-07 09:18:00,35,279.48,0
17504,206,9,2997.0299999999997,1664,112,2011-01-21 11:09:00,2011-05-17 12:59:00,116,333.00333333333333,0
17505,162,2,1145.84,556,48,2011-05-18 09:01:00,2011-07-01 12:50:00,44,572.92,0
17506,76,1,302.2,139,14,2011-09-25 11:39:00,2011-09-25 11:39:00,0,302.2,1
17507,262,2,605.58,359,79,2011-02-03 18:08:00,2011-03-23 11:48:00,47,302.79,1
17508,281,1,387.31,289,22,2011-03-04 08:10:00,2011-03-04 08:10:00,0,387.31,1
17509,58,8,6083.64,3512,75,2011-10-07 13:14:00,2011-10-13 10:26:00,5,760.455,0
17510,25,1,308.48,214,20,2011-11-15 10:00:00,2011-11-15 10:00:00,0,308.48,1
17511,3,31,91062.38,64549,453,2010-12-01 10:19:00,2011-12-07 10:12:00,370,2937.496129032258,0
17512,29,10,2924.9900000000002,2753,61,2011-02-11 12:22:00,2011-11-11 12:11:00,272,292.499,0
17513,72,1,513.2,254,6,2011-09-28 16:42:00,2011-09-28 16:42:00,0,513.2,1
17514,128,1,208.65,135,40,2011-08-03 15:45:00,2011-08-03 15:45:00,0,208.65,1
17515,31,4,639.02,243,49,2011-01-25 14:33:00,2011-11-08 14:04:00,286,159.755,0
17516,15,5,764.88,414,113,2011-02-27 12:41:00,2011-11-24 16:51:00,270,152.976,0
17517,309,1,153.94,102,11,2011-02-04 11:48:00,2011-02-04 11:48:00,0,153.94,1
17519,17,6,1844.02,1236,60,2010-12-06 15:18:00,2011-11-22 16:43:00,351,307.33666666666664,0
17520,54,1,546.81,365,30,2011-10-17 12:04:00,2011-10-17 12:04:00,0,546.81,1
17521,30,3,723.2099999999999,519,38,2011-05-24 15:14:00,2011-11-10 11:22:00,169,241.06999999999996,0
17522,2,5,1070.71,1034,59,2011-05-05 16:31:00,2011-12-08 12:31:00,216,214.142,0
17523,11,4,652.74,872,25,2011-11-20 13:40:00,2011-11-28 13:20:00,7,163.185,0
17524,361,1,145.0,90,6,2010-12-13 14:32:00,2010-12-13 14:32:00,0,145.0,1
17525,360,1,422.70000000000005,82,9,2010-12-15 12:05:00,2010-12-15 12:05:00,0,422.70000000000005,1
17526,5,4,1195.8999999999999,310,17,2010-12-09 12:20:00,2011-12-05 11:05:00,360,298.97499999999997,0
17527,54,4,939.37,488,45,2011-05-05 13:43:00,2011-10-17 12:32:00,164,234.8425,0
17528,1,8,3628.5,2138,183,2011-09-29 13:04:00,2011-12-08 13:27:00,70,453.5625,0
17530,1,10,2367.12,1514,306,2010-12-09 20:01:00,2011-12-08 18:42:00,363,236.712,0
17531,190,1,296.7,136,14,2011-06-02 19:17:00,2011-06-02 19:17:00,0,296.7,1
17534,54,1,223.36,103,9,2011-10-17 12:47:00,2011-10-17 12:47:00,0,223.36,1
17535,280,1,164.4,136,13,2011-03-04 15:20:00,2011-03-04 15:20:00,0,164.4,1
17536,177,1,76.5,6,3,2011-06-15 13:23:00,2011-06-15 13:23:00,0,76.5,1
17537,30,2,887.67,699,74,2011-02-09 13:37:00,2011-11-10 10:56:00,273,443.835,0
17538,26,1,98.42,134,9,2011-11-14 12:12:00,2011-11-14 12:12:00,0,98.42,1
17540,25,2,578.9,194,20,2011-01-27 14:35:00,2011-11-15 11:56:00,291,289.45,1
17542,270,1,170.75,134,24,2011-03-15 11:45:00,2011-03-15 11:45:00,0,170.75,1
17545,43,3,642.32,337,122,2011-10-27 13:48:00,2011-10-27 14:04:00,0,214.10666666666668,1
17548,234,1,103.3,58,5,2011-04-20 12:01:00,2011-04-20 12:01:00,0,103.3,1
17549,24,2,148.86,210,5,2011-10-19 10:05:00,2011-11-16 09:59:00,27,74.43,1
17550,197,3,267.16,86,42,2011-04-10 15:19:00,2011-05-26 14:09:00,45,89.05333333333334,1
17551,359,1,290.34,142,39,2010-12-15 14:12:00,2010-12-15 14:12:00,0,290.34,1
17552,60,4,930.41,719,43,2010-12-02 18:45:00,2011-10-10 17:00:00,311,232.6025,0
17553,130,1,1487.6,1048,2,2011-08-02 10:00:00,2011-08-02 10:00:00,0,1487.6,1
17554,1,5,1952.45,1763,58,2011-07-14 20:01:00,2011-12-08 14:15:00,146,390.49,0
17555,20,2,480.31,348,101,2011-01-09 12:31:00,2011-11-20 12:22:00,314,240.155,0
17556,206,1,157.9,101,6,2011-05-18 10:48:00,2011-05-18 10:48:00,0,157.9,1
17557,14,3,541.46,306,27,2011-09-19 14:23:00,2011-11-25 12:57:00,66,180.48666666666668,0
17560,95,4,854.95,635,22,2011-02-02 11:14:00,2011-09-06 09:18:00,215,213.7375,0
17561,19,1,165.12,144,44,2011-11-20 12:53:00,2011-11-20 12:53:00,0,165.12,1
17562,14,7,1122.38,817,48,2011-06-19 13:06:00,2011-11-25 14:21:00,159,160.34,0
17564,24,3,454.01,146,38,2011-09-20 14:00:00,2011-11-15 13:27:00,55,151.33666666666667,1
17566,8,2,869.77,497,113,2011-11-14 13:42:00,2011-12-01 19:54:00,17,434.885,0
17567,7,8,4331.48,2632,110,2010-12-02 15:18:00,2011-12-02 15:48:00,365,541.435,0
17569,332,1,344.14,159,29,2011-01-11 14:15:00,2011-01-11 14:15:00,0,344.14,1
17571,50,4,1425.67,876,247,2011-02-14 15:15:00,2011-10-20 15:57:00,248,356.4175,0
17572,71,4,226.75000000000003,95,7,2010-12-01 12:51:00,2011-09-29 17:53:00,302,56.68750000000001,1
17573,29,3,380.6,308,24,2011-09-07 10:36:00,2011-11-10 13:01:00,64,126.86666666666667,1
17574,243,1,185.65,77,8,2011-04-11 09:47:00,2011-04-11 09:47:00,0,185.65,1
17576,8,19,3564.83,1967,245,2010-12-09 16:57:00,2011-12-01 17:56:00,357,187.62263157894736,0
17578,218,1,143.45999999999998,138,5,2011-05-05 18:38:00,2011-05-05 18:38:00,0,143.45999999999998,1
17579,5,3,448.90000000000003,258,46,2011-06-13 14:12:00,2011-12-05 12:28:00,174,149.63333333333335,0
17580,253,3,215.72,88,43,2010-12-16 15:27:00,2011-04-01 12:41:00,105,71.90666666666667,1
17581,1,25,11025.24,5915,229,2010-12-02 14:47:00,2011-12-09 12:21:00,371,441.0096,0
17582,236,1,175.27,123,28,2011-04-17 13:18:00,2011-04-17 13:18:00,0,175.27,1
17584,7,2,1242.3,458,30,2011-08-04 14:12:00,2011-12-02 17:12:00,120,621.15,0
17585,109,4,1116.68,1650,176,2011-01-05 15:09:00,2011-08-22 13:30:00,228,279.17,0
17588,100,3,1240.2,676,19,2011-04-21 10:31:00,2011-08-31 13:37:00,132,413.40000000000003,0
17589,60,4,2404.17,1631,172,2011-04-13 13:47:00,2011-10-10 16:58:00,180,601.0425,0
17590,2,3,1468.02,822,162,2011-10-30 14:05:00,2011-12-07 12:55:00,37,489.34,0
17591,73,7,2203.67,1000,81,2010-12-07 15:39:00,2011-09-27 13:42:00,293,314.81,0
17593,4,5,3923.86,3089,190,2010-12-22 10:29:00,2011-12-06 10:30:00,349,784.772,0
17594,85,2,993.18,550,42,2011-03-30 10:32:00,2011-09-15 16:34:00,169,496.59,0
17595,12,2,386.69,228,68,2011-11-02 16:19:00,2011-11-27 16:08:00,24,193.345,1
17596,23,7,2806.69,4376,168,2010-12-06 12:34:00,2011-11-16 14:11:00,345,400.9557142857143,0
17597,214,1,2044.3700000000001,1176,55,2011-05-10 11:54:00,2011-05-10 11:54:00,0,2044.3700000000001,0
17600,18,1,161.67000000000002,144,13,2011-11-22 09:43:00,2011-11-22 09:43:00,0,161.67000000000002,1
17601,239,1,116.00999999999999,103,9,2011-04-14 18:02:00,2011-04-14 18:02:00,0,116.00999999999999,1
17602,2,6,5054.42,4116,335,2011-01-19 16:18:00,2011-12-07 13:53:00,321,842.4033333333333,0
17603,78,1,394.72,74,11,2011-09-22 14:18:00,2011-09-22 14:18:00,0,394.72,1
17604,217,2,309.36,169,57,2011-01-31 15:09:00,2011-05-06 13:43:00,94,154.68,1
17608,33,2,191.99,229,54,2011-11-06 13:00:00,2011-11-06 13:06:00,0,95.995,1
17609,41,5,1105.78,719,199,2011-01-16 16:23:00,2011-10-30 12:28:00,286,221.156,0
17611,7,15,3961.12,2550,440,2010-12-13 13:52:00,2011-12-02 13:29:00,353,264.07466666666664,0
17612,53,6,2048.45,1808,116,2011-02-15 10:40:00,2011-10-17 14:59:00,244,341.4083333333333,0
17613,23,14,4544.55,2490,211,2011-02-07 11:20:00,2011-11-17 10:51:00,282,324.6107142857143,0
17614,57,1,386.32,235,97,2011-10-13 16:01:00,2011-10-13 16:01:00,0,386.32,1
17615,130,3,329.6,140,13,2011-05-01 15:33:00,2011-08-01 14:06:00,91,109.86666666666667,1
17616,174,3,571.1999999999999,224,1,2010-12-07 10:04:00,2011-06-19 10:11:00,194,190.39999999999998,1
17618,6,3,930.28,319,56,2010-12-12 16:05:00,2011-12-04 11:50:00,356,310.0933333333333,0
17619,312,1,214.37,124,71,2011-01-31 14:18:00,2011-01-31 14:18:00,0,214.37,1
17620,60,1,81.44,60,4,2011-10-11 12:08:00,2011-10-11 12:08:00,0,81.44,1
17621,21,3,1379.9,514,24,2010-12-20 13:31:00,2011-11-18 17:11:00,333,459.9666666666667,0
17623,33,1,527.0500000000001,265,33,2011-11-07 11:32:00,2011-11-07 11:32:00,0,527.0500000000001,1
17624,15,2,843.48,554,49,2011-05-05 17:59:00,2011-11-25 10:52:00,203,421.74,0
17625,18,4,2020.4,1180,223,2011-03-27 12:21:00,2011-11-21 13:36:00,239,505.1,0
17628,81,1,75.75,79,5,2011-09-19 15:21:00,2011-09-19 15:21:00,0,75.75,1
17629,6,8,1814.12,1629,106,2010-12-15 09:58:00,2011-12-04 10:56:00,354,226.765,0
17630,170,2,503.59999999999997,158,24,2011-04-21 14:03:00,2011-06-23 11:58:00,62,251.79999999999998,1
17631,2,3,528.33,334,39,2011-04-21 13:22:00,2011-12-08 09:47:00,230,176.11,0
17633,31,4,1324.84,644,59,2011-08-11 15:43:00,2011-11-08 13:25:00,88,331.21,0
17634,36,9,2358.59,838,209,2011-01-06 12:45:00,2011-11-03 13:09:00,301,262.0655555555556,0
17636,19,1,285.56,182,20,2011-11-20 14:40:00,2011-11-20 14:40:00,0,285.56,1
17637,31,2,547.0600000000001,280,35,2011-08-16 13:25:00,2011-11-08 12:51:00,83,273.53000000000003,1
17639,276,1,108.5,49,7,2011-03-08 15:22:00,2011-03-08 15:22:00,0,108.5,1
17640,87,1,621.66,250,5,2011-09-14 09:13:00,2011-09-14 09:13:00,0,621.66,1
17642,120,2,712.29,474,34,2011-06-16 12:55:00,2011-08-12 09:11:00,56,356.145,1
17643,373,1,101.55,71,8,2010-12-01 14:38:00,2010-12-01 14:38:00,0,101.55,1
17644,1,11,2895.64,1793,102,2011-03-24 09:44:00,2011-12-08 13:43:00,259,263.24,0
17646,219,3,1008.39,323,46,2010-12-09 14:28:00,2011-05-04 13:17:00,145,336.13,0
17647,65,1,133.06,30,7,2011-10-05 15:38:00,2011-10-05 15:38:00,0,133.06,1
17648,61,4,1797.5,487,81,2011-04-04 10:29:00,2011-10-10 09:41:00,188,449.375,0
17649,138,1,868.49,399,52,2011-07-24 15:53:00,2011-07-24 15:53:00,0,868.49,1
17650,21,1,166.08,150,8,2011-11-18 14:52:00,2011-11-18 14:52:00,0,166.08,1
17651,12,10,3945.0,3112,149,2011-06-15 15:57:00,2011-11-28 10:29:00,165,394.5,0
17652,25,12,4867.72,2509,118,2011-03-03 14:05:00,2011-11-14 12:55:00,255,405.6433333333334,0
17653,37,4,1207.56,1409,44,2011-08-11 15:24:00,2011-11-03 12:46:00,83,301.89,0
17654,277,1,117.55,41,22,2011-03-07 13:17:00,2011-03-07 13:17:00,0,117.55,1
17655,11,7,2638.94,1116,66,2010-12-08 16:45:00,2011-11-29 11:34:00,355,376.99142857142857,0
17656,73,5,1674.69,1399,67,2011-08-03 10:45:00,2011-09-27 13:04:00,55,334.938,0
17658,26,2,595.42,616,17,2011-05-12 15:23:00,2011-11-14 12:07:00,185,297.71,0
17659,17,12,2999.46,1525,127,2010-12-02 16:46:00,2011-11-22 13:29:00,354,249.955,0
17660,141,1,178.75,121,37,2011-07-21 13:37:00,2011-07-21 13:37:00,0,178.75,1
17663,26,7,1802.91,797,63,2011-02-25 14:11:00,2011-11-14 08:56:00,261,257.55857142857144,0
17664,19,2,604.64,604,41,2011-05-11 14:17:00,2011-11-21 11:29:00,193,302.32,0
17666,4,2,728.16,596,14,2011-10-05 11:06:00,2011-12-06 09:06:00,61,364.08,0
17667,66,5,2055.51,1033,85,2011-02-14 09:24:00,2011-10-04 14:32:00,232,411.10200000000003,0
17668,1,2,347.75,93,14,2011-11-01 14:45:00,2011-12-08 13:25:00,36,173.875,1
17669,43,7,3406.7200000000003,1916,45,2011-04-04 10:11:00,2011-10-28 08:53:00,206,486.67428571428576,0
17670,228,1,205.7,110,11,2011-04-26 09:12:00,2011-04-26 09:12:00,0,205.7,1
17671,16,4,1572.71,772,40,2010-12-09 14:27:00,2011-11-24 12:21:00,349,393.1775,0
17672,50,2,3178.17,1690,105,2011-02-03 13:29:00,2011-10-20 14:18:00,259,1589.085,0
17673,2,6,1594.97,1462,118,2011-01-23 15:16:00,2011-12-08 12:50:00,318,265.8283333333333,0
17674,74,2,551.04,672,19,2010-12-06 10:20:00,2011-09-26 13:35:00,294,275.52,0
17675,1,31,20374.28,8360,239,2010-12-07 13:22:00,2011-12-08 18:03:00,366,657.2348387096774,0
17676,4,6,1371.18,922,49,2010-12-08 13:49:00,2011-12-05 15:16:00,362,228.53,0
17677,2,30,16345.38,9772,178,2010-12-06 08:42:00,2011-12-08 09:56:00,367,544.846,0
17678,264,1,298.11,207,16,2011-03-21 11:52:00,2011-03-21 11:52:00,0,298.11,1
17679,53,2,1992.1100000000001,729,29,2011-09-15 10:35:00,2011-10-18 07:43:00,32,996.0550000000001,0
17680,24,1,184.4,96,11,2011-11-16 12:42:00,2011-11-16 12:42:00,0,184.4,1
17682,10,6,2474.33,1367,48,2010-12-06 13:35:00,2011-11-29 15:59:00,358,412.3883333333333,0
17684,44,1,239.41,145,15,2011-10-27 11:10:00,2011-10-27 11:10:00,0,239.41,1
17685,17,7,3155.83,1907,88,2010-12-02 14:42:00,2011-11-23 11:36:00,355,450.8328571428571,0
17686,7,7,5739.46,2478,205,2011-02-10 10:18:00,2011-12-02 15:39:00,295,819.9228571428572,0
17690,30,15,4726.8,1769,186,2010-12-01 16:15:00,2011-11-09 15:17:00,342,315.12,0
17691,358,2,290.40000000000003,134,18,2010-12-06 11:10:00,2010-12-16 17:20:00,10,145.20000000000002,1
17692,127,4,740.9399999999999,672,34,2010-12-15 13:37:00,2011-08-04 14:01:00,232,185.23499999999999,0
17693,137,1,200.47,231,16,2011-07-25 15:48:00,2011-07-25 15:48:00,0,200.47,1
17694,142,1,283.12,184,15,2011-07-21 12:00:00,2011-07-21 12:00:00,0,283.12,1
17695,132,2,765.34,779,30,2011-06-21 12:35:00,2011-07-31 10:40:00,39,382.67,1
17696,38,8,2285.71,1756,78,2010-12-10 09:51:00,2011-11-01 13:43:00,326,285.71375,0
17697,236,1,338.95,93,19,2011-04-17 15:40:00,2011-04-17 15:40:00,0,338.95,1
17698,261,1,154.95,93,8,2011-03-24 11:34:00,2011-03-24 11:34:00,0,154.95,1
17700,17,4,2534.64,1266,116,2011-03-03 16:34:00,2011-11-23 11:51:00,264,633.66,0
17701,253,1,417.95,109,24,2011-04-01 12:25:00,2011-04-01 12:25:00,0,417.95,1
17702,30,4,1824.37,1353,58,2011-05-17 16:23:00,2011-11-09 16:03:00,175,456.0925,0
17703,35,3,798.74,590,47,2011-07-24 13:30:00,2011-11-04 15:51:00,103,266.24666666666667,0
17704,169,2,885.19,343,27,2011-04-14 09:28:00,2011-06-24 09:40:00,71,442.595,1
17705,3,9,1823.52,963,63,2011-02-11 10:57:00,2011-12-06 13:45:00,298,202.61333333333334,0
17706,4,17,10504.49,3899,270,2010-12-08 11:02:00,2011-12-05 13:34:00,362,617.9111764705882,0
17707,185,2,152.4,144,3,2011-01-07 13:30:00,2011-06-07 15:03:00,151,76.2,1
17708,188,2,263.33,90,28,2011-01-19 10:09:00,2011-06-05 10:12:00,137,131.665,1
17709,170,1,137.45,17,7,2011-06-23 11:55:00,2011-06-23 11:55:00,0,137.45,1
17711,11,2,385.1,246,22,2011-02-23 11:32:00,2011-11-29 11:40:00,279,192.55,1
17712,45,1,522.91,215,29,2011-10-26 12:28:00,2011-10-26 12:28:00,0,522.91,1
17714,321,1,153.0,92,10,2011-01-23 10:32:00,2011-01-23 10:32:00,0,153.0,1
17715,201,1,326.4,384,1,2011-05-23 12:32:00,2011-05-23 12:32:00,0,326.4,1
17716,23,11,5655.99,3072,171,2011-03-17 10:38:00,2011-11-17 12:00:00,245,514.180909090909,0
17718,232,1,139.35,83,6,2011-04-21 13:39:00,2011-04-21 13:39:00,0,139.35,1
17719,38,15,5396.04,2466,111,2011-03-29 11:29:00,2011-11-02 10:36:00,217,359.736,0
17720,26,4,1195.94,576,39,2010-12-07 10:43:00,2011-11-13 15:04:00,341,298.985,0
17722,96,4,2424.04,1595,111,2010-12-08 12:41:00,2011-09-04 15:22:00,270,606.01,0
17723,127,6,3276.4000000000005,792,4,2011-05-09 14:44:00,2011-08-04 18:37:00,87,546.0666666666667,0
17724,71,3,1033.0,300,38,2011-07-24 13:26:00,2011-09-29 15:26:00,67,344.3333333333333,0
17725,16,11,3439.08,2162,115,2011-03-17 19:47:00,2011-11-23 16:34:00,250,312.64363636363635,0
17727,15,1,1060.25,645,66,2011-11-24 17:06:00,2011-11-24 17:06:00,0,1060.25,0
17728,4,3,2876.01,1469,153,2011-09-14 11:39:00,2011-12-06 08:52:00,82,958.6700000000001,0
17730,3,13,5298.4800000000005,3576,127,2011-01-17 14:49:00,2011-12-06 15:43:00,323,407.5753846153847,0
17731,79,4,1240.11,493,54,2011-06-09 14:18:00,2011-09-21 15:02:00,104,310.0275,0
17732,373,1,303.97,93,18,2010-12-02 09:29:00,2010-12-02 09:29:00,0,303.97,1
17733,39,2,692.19,463,33,2011-03-23 09:54:00,2011-11-01 08:16:00,222,346.095,0
17734,54,3,700.63,422,40,2011-04-20 10:04:00,2011-10-17 12:33:00,180,233.54333333333332,0
17735,2,19,13110.02,8439,319,2010-12-07 10:32:00,2011-12-07 16:47:00,365,690.001052631579,0
17736,9,3,377.44,238,24,2011-08-18 14:33:00,2011-11-30 15:36:00,104,125.81333333333333,1
17737,9,2,168.24,108,8,2011-10-12 14:42:00,2011-11-30 15:16:00,49,84.12,1
17738,19,4,1879.05,1029,89,2011-03-02 16:26:00,2011-11-20 15:05:00,262,469.7625,0
17739,12,7,2791.35,861,29,2010-12-14 14:26:00,2011-11-28 09:12:00,348,398.7642857142857,0
17742,113,2,355.11,89,13,2011-01-11 10:04:00,2011-08-18 15:28:00,219,177.555,1
17744,4,6,2322.4,3412,110,2010-12-16 14:17:00,2011-12-06 12:11:00,354,387.06666666666666,0
17746,240,1,110.25,29,6,2011-04-13 14:31:00,2011-04-13 14:31:00,0,110.25,1
17747,113,1,71.4,12,1,2011-08-19 08:13:00,2011-08-19 08:13:00,0,71.4,1
17749,178,2,674.52,320,33,2011-03-28 13:39:00,2011-06-14 15:45:00,78,337.26,1
17750,5,9,1710.45,3747,101,2011-06-28 15:44:00,2011-12-04 14:09:00,158,190.05,0
17752,359,1,80.64,192,1,2010-12-15 16:19:00,2010-12-15 16:19:00,0,80.64,1
17754,1,5,1664.65,1816,82,2011-03-24 13:54:00,2011-12-09 11:20:00,259,332.93,0
17757,1,30,5593.39,3318,275,2010-12-02 17:17:00,2011-12-08 15:31:00,370,186.44633333333334,0
17758,19,8,3408.2000000000003,2054,310,2011-04-03 15:22:00,2011-11-20 14:45:00,230,426.02500000000003,0
17759,17,3,819.96,697,82,2011-06-23 13:35:00,2011-11-22 16:02:00,152,273.32,0
17760,22,2,287.59,239,25,2010-12-01 15:08:00,2011-11-18 10:56:00,351,143.795,1
17761,33,1,712.78,398,19,2011-11-07 10:23:00,2011-11-07 10:23:00,0,712.78,1
17763,263,1,15.0,12,1,2011-03-21 14:25:00,2011-03-21 14:25:00,0,15.0,1
17764,51,2,772.55,351,71,2011-05-12 16:11:00,2011-10-20 11:03:00,160,386.275,0
17765,159,3,367.63,143,51,2011-03-28 11:58:00,2011-07-04 12:41:00,98,122.54333333333334,1
17767,15,1,271.2,128,21,2011-11-24 14:42:00,2011-11-24 14:42:00,0,271.2,1
17768,8,3,2081.9,1122,77,2011-06-26 13:46:00,2011-12-01 13:22:00,157,693.9666666666667,0
17769,13,10,3957.43,1850,200,2011-01-23 11:15:00,2011-11-27 11:18:00,308,395.743,0
17770,199,5,1143.27,365,33,2011-03-02 13:35:00,2011-05-25 12:34:00,83,228.654,0
17771,57,2,245.81,287,51,2011-01-20 14:13:00,2011-10-14 11:43:00,266,122.905,1
17772,11,2,173.45,55,50,2011-11-29 10:57:00,2011-11-29 11:05:00,0,86.725,1
17774,97,4,1213.73,508,123,2011-02-07 13:13:00,2011-09-04 12:49:00,208,303.4325,0
17775,255,1,56.4,72,3,2011-03-30 10:50:00,2011-03-30 10:50:00,0,56.4,1
17777,25,3,647.56,501,141,2011-08-31 14:35:00,2011-11-15 12:02:00,75,215.85333333333332,0
17779,21,3,650.32,396,73,2011-07-19 12:19:00,2011-11-18 14:15:00,122,216.77333333333334,0
17781,159,2,188.02,34,12,2011-03-31 19:54:00,2011-07-03 16:00:00,93,94.01,1
17783,72,2,283.47,354,67,2011-04-06 10:07:00,2011-09-28 16:07:00,175,141.735,1
17785,53,1,131.94,67,13,2011-10-17 13:43:00,2011-10-17 13:43:00,0,131.94,1
17786,85,2,266.85,195,57,2011-01-26 14:35:00,2011-09-15 12:51:00,231,133.425,1
17787,153,4,1817.54,896,94,2010-12-03 13:43:00,2011-07-10 11:24:00,218,454.385,0
17788,74,2,1117.9,211,3,2011-08-02 10:38:00,2011-09-27 10:09:00,55,558.95,1
17789,281,1,225.9,74,14,2011-03-03 13:14:00,2011-03-03 13:14:00,0,225.9,1
17790,27,14,1964.3,835,121,2010-12-10 10:47:00,2011-11-13 11:30:00,338,140.30714285714285,0
17791,30,1,106.1,46,10,2011-11-10 12:09:00,2011-11-10 12:09:00,0,106.1,1
17793,25,1,300.34,226,49,2011-11-14 14:24:00,2011-11-14 14:24:00,0,300.34,1
17795,180,2,342.83,305,43,2011-03-20 12:02:00,2011-06-13 12:36:00,85,171.415,1
17796,40,4,690.0,176,63,2010-12-05 12:23:00,2011-10-30 15:38:00,329,172.5,0
17797,22,3,780.43,498,102,2011-06-10 11:29:00,2011-11-17 13:21:00,160,260.1433333333333,0
17799,22,10,3039.17,1753,280,2010-12-13 13:10:00,2011-11-17 15:16:00,339,303.91700000000003,0
17800,37,9,1187.21,732,51,2011-01-09 13:50:00,2011-11-02 12:57:00,296,131.91222222222223,0
17802,82,3,1285.04,752,102,2010-12-02 13:44:00,2011-09-18 14:56:00,290,428.34666666666664,0
17805,74,1,512.31,478,10,2011-09-27 11:49:00,2011-09-27 11:49:00,0,512.31,1
17806,11,1,546.04,727,43,2011-11-28 14:12:00,2011-11-28 14:12:00,0,546.04,1
17809,16,12,5411.91,2057,46,2010-12-01 09:41:00,2011-11-23 12:59:00,357,450.9925,0
17811,4,39,7761.82,4146,359,2011-01-10 10:58:00,2011-12-05 13:46:00,329,199.02102564102563,0
17812,13,4,699.81,329,113,2010-12-06 15:27:00,2011-11-27 11:47:00,355,174.9525,0
17813,14,5,1698.07,752,297,2011-09-29 15:57:00,2011-11-25 16:13:00,57,339.614,0
17816,37,4,36.56,30,16,2010-12-09 14:10:00,2011-11-03 11:34:00,328,9.14,1
17817,4,3,387.68,67,32,2011-03-07 17:30:00,2011-12-05 14:39:00,272,129.22666666666666,1
17819,72,7,3704.87,1031,36,2010-12-03 14:26:00,2011-09-29 10:52:00,299,529.2671428571429,0
17824,51,1,298.4,408,13,2011-10-19 14:14:00,2011-10-19 14:14:00,0,298.4,1
17827,5,5,1987.33,1240,190,2010-12-10 10:18:00,2011-12-04 15:00:00,359,397.466,0
17828,23,4,1820.09,667,54,2011-06-08 08:31:00,2011-11-17 08:41:00,162,455.0225,0
17829,299,1,889.24,496,30,2011-02-14 12:46:00,2011-02-14 12:46:00,0,889.24,1
17830,2,3,398.7,92,18,2011-02-24 10:15:00,2011-12-08 12:28:00,287,132.9,0
17831,33,1,35.400000000000006,12,2,2011-11-06 15:09:00,2011-11-06 15:09:00,0,35.400000000000006,1
17832,50,1,155.37,208,61,2011-10-21 11:43:00,2011-10-21 11:43:00,0,155.37,1
17835,3,3,342.24,344,45,2011-11-16 16:30:00,2011-12-07 11:48:00,20,114.08,0
17836,47,1,110.21000000000001,88,23,2011-10-23 16:13:00,2011-10-23 16:13:00,0,110.21000000000001,1
17837,42,8,1541.23,510,110,2011-06-29 16:44:00,2011-10-28 16:13:00,120,192.65375,0
17838,27,5,2720.8,1831,96,2010-12-02 15:55:00,2011-11-13 11:20:00,345,544.1600000000001,0
17839,42,1,318.15,257,50,2011-10-28 17:27:00,2011-10-28 17:27:00,0,318.15,1
17841,2,124,40519.84,22834,1323,2010-12-01 14:41:00,2011-12-08 12:07:00,371,326.77290322580643,0
17843,303,1,205.48,113,36,2011-02-09 15:33:00,2011-02-09 15:33:00,0,205.48,1
17844,107,1,51.559999999999995,52,5,2011-08-25 11:27:00,2011-08-25 11:27:00,0,51.559999999999995,1
17846,85,1,2033.1,1,1,2011-09-15 15:20:00,2011-09-15 15:20:00,0,2033.1,1
17848,81,9,901.1999999999999,398,41,2010-12-16 18:38:00,2011-09-19 16:49:00,276,100.13333333333333,0
17849,218,4,605.8000000000001,114,14,2011-01-10 11:59:00,2011-05-05 13:46:00,115,151.45000000000002,1
17850,372,34,5391.21,1733,21,2010-12-01 08:26:00,2010-12-02 15:27:00,1,158.565,0
17852,12,2,114.34,53,21,2011-11-28 12:31:00,2011-11-28 12:36:00,0,57.17,1
17854,185,2,311.26,84,15,2011-04-26 16:53:00,2011-06-07 16:21:00,41,155.63,1
17855,373,1,208.97,197,17,2010-12-02 09:44:00,2010-12-02 09:44:00,0,208.97,1
17856,2,4,1418.03,842,12,2011-03-03 11:40:00,2011-12-08 09:40:00,279,354.5075,0
17857,4,23,26879.04,19256,19,2010-12-09 11:35:00,2011-12-05 13:13:00,361,1168.6539130434783,0
17858,6,12,5140.66,2694,101,2010-12-05 13:08:00,2011-12-04 11:56:00,363,428.3883333333333,0
17859,305,1,141.92000000000002,102,23,2011-02-08 10:32:00,2011-02-08 10:32:00,0,141.92000000000002,1
17860,369,1,226.45000000000002,93,49,2010-12-06 12:41:00,2010-12-06 12:41:00,0,226.45000000000002,1
17861,3,8,2097.88,1985,172,2011-01-24 11:34:00,2011-12-06 16:21:00,316,262.235,0
17862,324,1,330.9,100,11,2011-01-20 12:23:00,2011-01-20 12:23:00,0,330.9,1
17863,59,6,3160.0,2638,110,2010-12-05 13:21:00,2011-10-11 13:45:00,310,526.6666666666666,0
17864,13,3,554.85,706,70,2011-03-09 11:44:00,2011-11-27 11:15:00,262,184.95000000000002,0
17865,31,20,10526.32,5757,191,2010-12-10 14:53:00,2011-11-09 12:08:00,333,526.316,0
17866,143,1,329.65,174,9,2011-07-20 11:07:00,2011-07-20 11:07:00,0,329.65,1
17867,30,6,1157.8700000000001,508,62,2011-02-24 12:25:00,2011-11-09 14:15:00,258,192.97833333333335,0
17869,107,5,428.18,111,37,2010-12-06 17:16:00,2011-08-24 16:16:00,260,85.636,1
17870,2,12,1865.89,1351,214,2010-12-08 08:12:00,2011-12-07 15:07:00,364,155.49083333333334,0
17871,205,1,155.9,182,10,2011-05-19 11:32:00,2011-05-19 11:32:00,0,155.9,1
17873,80,5,1848.96,1035,24,2010-12-01 14:54:00,2011-09-20 16:41:00,293,369.79200000000003,0
17874,185,6,683.46,221,37,2011-03-29 11:25:00,2011-06-07 12:54:00,70,113.91000000000001,1
17877,170,1,237.61,98,12,2011-06-22 13:00:00,2011-06-22 13:00:00,0,237.61,1
17878,44,1,379.45,401,26,2011-10-27 11:24:00,2011-10-27 11:24:00,0,379.45,1
17879,174,1,178.51999999999998,45,6,2011-06-19 12:36:00,2011-06-19 12:36:00,0,178.51999999999998,1
17880,365,1,458.92,314,26,2010-12-10 10:21:00,2010-12-10 10:21:00,0,458.92,1
17881,304,1,133.35000000000002,32,8,2011-02-08 17:16:00,2011-02-08 17:16:00,0,133.35000000000002,1
17883,3,4,664.34,374,133,2011-04-07 19:16:00,2011-12-06 17:49:00,242,166.085,0
17884,4,4,695.0699999999999,817,107,2010-12-03 12:11:00,2011-12-06 11:33:00,367,173.76749999999998,0
17885,12,1,156.34,110,50,2011-11-27 14:40:00,2011-11-27 14:40:00,0,156.34,1
17886,32,3,869.28,469,93,2011-04-04 12:34:00,2011-11-08 10:09:00,217,289.76,0
17887,129,1,111.35,30,10,2011-08-02 17:29:00,2011-08-02 17:29:00,0,111.35,1
17888,21,8,716.0,973,60,2010-12-17 13:56:00,2011-11-18 13:45:00,335,89.5,0
17889,212,2,201.37,77,20,2011-01-21 17:14:00,2011-05-11 16:26:00,109,100.685,1
17890,323,2,586.89,402,88,2010-12-13 15:12:00,2011-01-21 11:19:00,38,293.445,1
17891,162,1,203.85999999999999,393,34,2011-06-30 20:08:00,2011-06-30 20:08:00,0,203.85999999999999,1
17892,56,3,244.1,109,27,2011-07-07 12:56:00,2011-10-14 16:49:00,99,81.36666666666666,1
17893,225,1,107.21,149,15,2011-04-28 13:50:00,2011-04-28 13:50:00,0,107.21,1
17894,72,8,1118.96,404,127,2010-12-08 14:50:00,2011-09-29 09:23:00,294,139.87,0
17895,44,1,95.45,127,15,2011-10-26 17:00:00,2011-10-26 17:00:00,0,95.45,1
17896,23,1,256.32,288,2,2011-11-16 13:59:00,2011-11-16 13:59:00,0,256.32,1
17897,173,3,541.8100000000001,222,100,2010-12-01 12:31:00,2011-06-20 11:23:00,200,180.60333333333335,0
17898,85,2,152.06,190,27,2011-05-16 17:13:00,2011-09-15 14:56:00,121,76.03,1
17899,159,1,154.55,170,29,2011-07-03 14:58:00,2011-07-03 14:58:00,0,154.55,1
17900,190,2,112.19999999999999,73,4,2011-06-02 14:28:00,2011-06-02 14:38:00,0,56.099999999999994,1
17901,29,1,110.38,24,19,2011-11-10 17:29:00,2011-11-10 17:29:00,0,110.38,1
17904,21,1,181.07,59,33,2011-11-18 12:57:00,2011-11-18 12:57:00,0,181.07,1
17905,71,4,798.99,406,33,2010-12-01 13:21:00,2011-09-29 17:33:00,302,199.7475,0
17906,247,1,72.9,26,12,2011-04-06 17:25:00,2011-04-06 17:25:00,0,72.9,1
17908,374,1,232.03,169,51,2010-12-01 11:45:00,2010-12-01 11:45:00,0,232.03,1
17911,9,1,366.23,223,39,2011-11-30 14:52:00,2011-11-30 14:52:00,0,366.23,1
17912,310,5,310.06,184,35,2010-12-10 11:11:00,2011-02-02 14:25:00,54,62.012,1
17913,59,2,408.65,288,55,2010-12-19 11:35:00,2011-10-12 10:45:00,296,204.325,0
17914,4,1,329.36,457,72,2011-12-06 11:58:00,2011-12-06 11:58:00,0,329.36,1
17917,45,3,335.03,184,77,2010-12-12 12:08:00,2011-10-25 13:20:00,317,111.67666666666666,1
17919,88,1,1304.04,756,23,2011-09-12 13:41:00,2011-09-12 13:41:00,0,1304.04,1
17920,4,17,4119.5,2473,407,2010-12-01 11:49:00,2011-12-05 14:29:00,369,242.3235294117647,0
17921,64,4,820.23,425,114,2011-03-18 13:19:00,2011-10-06 18:56:00,202,205.0575,0
17923,282,1,207.50000000000003,50,1,2011-03-02 15:15:00,2011-03-02 15:15:00,0,207.50000000000003,1
17924,12,7,2962.5,1160,26,2010-12-01 10:51:00,2011-11-28 09:11:00,361,423.2142857142857,0
17925,373,1,244.08,72,1,2010-12-02 10:10:00,2010-12-02 10:10:00,0,244.08,1
17926,133,2,397.29,306,17,2011-05-20 09:24:00,2011-07-29 14:39:00,70,198.645,1
17928,45,2,212.54,140,23,2011-04-07 18:03:00,2011-10-25 13:52:00,200,106.27,1
17929,11,4,843.0,108,4,2011-02-04 11:40:00,2011-11-28 16:01:00,297,210.75,1
17930,36,5,1740.48,1594,26,2011-04-14 15:46:00,2011-11-04 10:23:00,203,348.096,0
17931,134,2,408.36,249,63,2011-03-29 12:31:00,2011-07-28 18:33:00,121,204.18,1
17932,29,3,1331.57,789,84,2011-05-12 13:58:00,2011-11-10 19:49:00,182,443.8566666666666,0
17934,52,2,704.25,478,21,2011-10-12 10:50:00,2011-10-19 11:16:00,7,352.125,1
17935,138,2,145.79,82,28,2011-07-21 11:23:00,2011-07-24 13:18:00,3,72.895,1
17936,5,1,380.13,257,68,2011-12-04 13:32:00,2011-12-04 13:32:00,0,380.13,1
17937,9,7,4301.22,1754,19,2010-12-12 14:43:00,2011-12-01 11:45:00,353,614.46,0
17939,160,1,99.14,40,12,2011-07-03 12:27:00,2011-07-03 12:27:00,0,99.14,1
17940,49,10,4020.04,9323,6,2011-02-10 09:29:00,2011-10-21 13:27:00,253,402.004,0
17941,131,1,304.56,252,2,2011-08-01 08:30:00,2011-08-01 08:30:00,0,304.56,1
17942,8,1,77.50000000000001,38,2,2011-12-02 10:45:00,2011-12-02 10:45:00,0,77.50000000000001,1
17946,233,2,149.57999999999998,75,18,2011-03-25 14:34:00,2011-04-20 17:00:00,26,74.78999999999999,1
17947,37,1,176.68,168,9,2011-11-02 13:05:00,2011-11-02 13:05:00,0,176.68,1
17948,147,1,358.56000000000006,144,1,2011-07-15 12:58:00,2011-07-15 12:58:00,0,358.56000000000006,1
17949,1,45,58510.48,30546,29,2010-12-03 13:12:00,2011-12-08 18:46:00,370,1300.232888888889,0
17950,72,3,482.2,366,63,2010-12-09 15:16:00,2011-09-28 15:18:00,293,160.73333333333332,0
17951,40,3,1008.5400000000001,616,18,2010-12-01 12:40:00,2011-10-31 12:30:00,333,336.18,0
17954,5,12,2314.13,2221,326,2010-12-03 14:18:00,2011-12-04 14:15:00,365,192.84416666666667,0
17955,199,4,557.3,273,14,2011-05-04 12:29:00,2011-05-25 12:00:00,20,139.325,1
17956,249,1,12.75,1,1,2011-04-04 13:47:00,2011-04-04 13:47:00,0,12.75,1
17957,66,1,111.68,287,31,2011-10-04 14:58:00,2011-10-04 14:58:00,0,111.68,1
17958,117,1,508.4599999999999,84,7,2011-08-15 12:19:00,2011-08-15 12:19:00,0,508.4599999999999,1
17960,171,1,73.78,41,26,2011-06-21 14:15:00,2011-06-21 14:15:00,0,73.78,1
17961,21,39,1296.44,560,211,2010-12-02 19:18:00,2011-11-18 16:55:00,350,33.242051282051285,0
17962,142,1,102.41,127,33,2011-07-20 14:16:00,2011-07-20 14:16:00,0,102.41,1
17964,32,2,463.21,294,84,2010-12-02 13:32:00,2011-11-08 10:44:00,340,231.605,0
17965,38,14,2599.19,1532,274,2010-12-05 15:54:00,2011-11-02 09:31:00,331,185.65642857142856,0
17966,38,5,1098.43,2571,53,2011-03-23 17:25:00,2011-11-02 10:26:00,223,219.686,0
17967,372,1,112.27,73,41,2010-12-03 11:19:00,2010-12-03 11:19:00,0,112.27,1
17968,374,1,265.1,151,74,2010-12-01 12:23:00,2010-12-01 12:23:00,0,265.1,1
17969,166,2,228.2,152,14,2010-12-13 15:34:00,2011-06-26 13:00:00,194,114.1,1
17970,211,1,562.79,513,27,2011-05-12 20:03:00,2011-05-12 20:03:00,0,562.79,1
17972,242,1,135.19,36,30,2011-04-12 12:16:00,2011-04-12 12:16:00,0,135.19,1
17973,52,1,337.04,176,15,2011-10-19 10:34:00,2011-10-19 10:34:00,0,337.04,1
17974,25,3,703.99,500,143,2011-05-04 11:50:00,2011-11-15 11:37:00,194,234.66333333333333,0
17975,15,13,4483.26,1565,189,2010-12-08 11:38:00,2011-11-24 13:27:00,351,344.86615384615385,0
17976,372,1,321.79,93,56,2010-12-02 13:49:00,2010-12-02 13:49:00,0,321.79,1
17977,29,1,288.14,342,19,2011-11-10 13:28:00,2011-11-10 13:28:00,0,288.14,1
17978,365,1,300.91999999999996,499,12,2010-12-09 14:05:00,2010-12-09 14:05:00,0,300.91999999999996,1
17979,36,4,732.41,383,116,2011-03-25 11:34:00,2011-11-04 12:05:00,224,183.1025,0
17980,166,3,811.45,682,23,2010-12-15 15:50:00,2011-06-27 12:01:00,193,270.48333333333335,0
17984,145,1,152.68,98,48,2011-07-17 15:59:00,2011-07-17 15:59:00,0,152.68,1
17985,22,1,631.35,171,20,2011-11-17 14:24:00,2011-11-17 14:24:00,0,631.35,1
17986,56,1,20.8,10,1,2011-10-14 14:22:00,2011-10-14 14:22:00,0,20.8,1
17987,185,1,198.57,261,13,2011-06-07 14:22:00,2011-06-07 14:22:00,0,198.57,1
17988,12,7,201.12,43,37,2011-01-17 11:59:00,2011-11-28 11:00:00,314,28.731428571428573,1
17990,237,3,630.84,414,27,2010-12-13 12:10:00,2011-04-17 11:44:00,124,210.28,1
17991,225,2,93.35,25,4,2011-04-27 16:39:00,2011-04-28 15:58:00,0,46.675,1
17994,122,4,674.89,495,63,2011-02-22 11:02:00,2011-08-10 11:41:00,169,168.7225,0
17995,282,1,76.1,133,2,2011-03-03 12:30:00,2011-03-03 12:30:00,0,76.1,1
17997,74,8,1962.46,2273,133,2011-06-28 17:28:00,2011-09-26 16:13:00,89,245.3075,0
17999,37,2,380.39,219,87,2010-12-08 15:17:00,2011-11-02 15:56:00,329,190.195,0
18001,12,2,415.13,362,56,2011-09-14 11:21:00,2011-11-27 16:02:00,74,207.565,0
18004,362,1,157.92,75,32,2010-12-12 13:47:00,2010-12-12 13:47:00,0,157.92,1
18005,4,2,226.47,86,52,2011-10-23 14:40:00,2011-12-06 11:51:00,43,113.235,1
18006,23,1,444.68,220,21,2011-11-16 16:52:00,2011-11-16 16:52:00,0,444.68,1
18008,70,9,2116.19,1581,24,2011-01-25 12:26:00,2011-09-30 15:17:00,248,235.13222222222223,0
18009,235,1,247.39,125,31,2011-04-18 13:36:00,2011-04-18 13:36:00,0,247.39,1
18010,257,1,174.8,60,14,2011-03-28 12:27:00,2011-03-28 12:27:00,0,174.8,1
18011,373,1,102.78999999999999,71,28,2010-12-01 17:35:00,2010-12-01 17:35:00,0,102.78999999999999,1
18013,155,2,187.29,285,31,2011-07-07 14:08:00,2011-07-07 14:11:00,0,93.645,1
18014,28,1,162.22,66,29,2011-11-11 15:28:00,2011-11-11 15:28:00,0,162.22,1
18015,4,1,120.03,157,46,2011-12-05 14:49:00,2011-12-05 14:49:00,0,120.03,1
18016,32,5,1477.66,1027,90,2010-12-10 17:14:00,2011-11-07 13:25:00,331,295.53200000000004,0
18017,81,3,523.0,300,1,2011-02-02 13:57:00,2011-09-19 16:15:00,229,174.33333333333334,1
18018,108,2,122.14,55,29,2011-05-24 13:22:00,2011-08-23 17:37:00,91,61.07,1
18019,52,1,38.45,7,5,2011-10-19 12:10:00,2011-10-19 12:10:00,0,38.45,1
18022,36,1,612.72,703,141,2011-11-04 12:45:00,2011-11-04 12:45:00,0,612.72,1
18024,153,2,389.78,184,21,2011-07-10 12:28:00,2011-07-10 12:40:00,0,194.89,1
18027,99,1,115.31,78,21,2011-09-02 10:38:00,2011-09-02 10:38:00,0,115.31,1
18030,4,2,230.64999999999998,67,8,2011-10-28 13:55:00,2011-12-05 16:37:00,38,115.32499999999999,1
18032,334,1,73.5,42,5,2011-01-09 15:32:00,2011-01-09 15:32:00,0,73.5,1
18033,65,1,93.82000000000001,252,32,2011-10-05 17:28:00,2011-10-05 17:28:00,0,93.82000000000001,1
18034,22,2,418.68,559,99,2011-11-18 12:08:00,2011-11-18 12:22:00,0,209.34,1
18035,36,3,713.89,584,44,2011-10-27 17:48:00,2011-11-04 12:39:00,7,237.96333333333334,0
18036,32,3,403.12,232,77,2011-04-08 11:26:00,2011-11-07 14:40:00,213,134.37333333333333,0
18037,154,6,70.02,20,19,2010-12-12 16:20:00,2011-07-08 13:39:00,207,11.67,1
18040,19,2,357.20000000000005,148,18,2011-04-08 08:27:00,2011-11-20 14:20:00,226,178.60000000000002,1
18041,12,21,4097.37,3758,285,2010-12-02 11:21:00,2011-11-28 11:39:00,361,195.11285714285714,0
18042,54,1,165.04999999999998,33,7,2011-10-17 11:49:00,2011-10-17 11:49:00,0,165.04999999999998,1
18043,25,3,529.29,265,106,2010-12-08 12:35:00,2011-11-15 12:48:00,342,176.42999999999998,0
18044,4,10,2088.6,1033,88,2010-12-14 12:25:00,2011-12-05 14:26:00,356,208.85999999999999,0
18045,45,1,178.34,138,43,2011-10-25 13:07:00,2011-10-25 13:07:00,0,178.34,1
18048,203,2,172.29000000000002,127,6,2011-05-20 14:54:00,2011-05-20 14:58:00,0,86.14500000000001,1
18050,359,1,74.4,40,5,2010-12-15 14:25:00,2010-12-15 14:25:00,0,74.4,1
18053,71,1,300.02,302,20,2011-09-30 09:05:00,2011-09-30 09:05:00,0,300.02,1
18055,7,10,6761.34,2452,223,2010-12-05 10:52:00,2011-12-02 14:25:00,362,676.134,0
18056,288,1,363.65,211,19,2011-02-24 14:27:00,2011-02-24 14:27:00,0,363.65,1
18058,10,1,170.16,88,3,2011-11-30 08:38:00,2011-11-30 08:38:00,0,170.16,1
18059,23,3,306.46,258,17,2011-10-03 09:30:00,2011-11-16 16:49:00,44,102.15333333333332,1
18061,22,10,2119.41,955,18,2010-12-08 13:03:00,2011-11-18 11:20:00,344,211.94099999999997,0
18062,173,3,720.52,396,23,2011-01-06 10:03:00,2011-06-19 14:47:00,164,240.17333333333332,1
18064,133,2,814.0,384,7,2011-04-18 15:08:00,2011-07-29 16:39:00,102,407.0,1
18065,6,14,2392.83,1027,110,2010-12-10 12:44:00,2011-12-04 10:30:00,358,170.91642857142855,0
18066,75,1,318.0,108,10,2011-09-25 15:30:00,2011-09-25 15:30:00,0,318.0,1
18067,40,1,396.33,189,36,2011-10-30 15:58:00,2011-10-30 15:58:00,0,396.33,1
18068,289,1,101.69999999999999,6,1,2011-02-23 14:50:00,2011-02-23 14:50:00,0,101.69999999999999,1
18069,26,5,2009.24,1296,334,2011-01-16 15:50:00,2011-11-13 16:03:00,301,401.848,0
18071,258,2,453.0,260,23,2010-12-09 10:33:00,2011-03-27 11:59:00,108,226.5,1
18072,186,1,247.44,288,18,2011-06-07 10:44:00,2011-06-07 10:44:00,0,247.44,1
18073,114,12,3859.82,3102,23,2011-05-26 19:38:00,2011-08-17 14:02:00,82,321.6516666666667,0
18074,374,1,489.6,190,13,2010-12-01 09:53:00,2010-12-01 09:53:00,0,489.6,1
18075,23,10,2611.75,1464,97,2010-12-14 10:48:00,2011-11-16 15:21:00,337,261.175,0
18077,8,11,2584.41,1839,101,2010-12-08 10:21:00,2011-12-01 13:32:00,358,234.94636363636363,0
18078,217,2,336.13,145,27,2011-03-25 15:08:00,2011-05-06 14:32:00,41,168.065,1
18079,45,4,3613.15,7347,99,2011-04-15 12:14:00,2011-10-25 15:27:00,193,903.2875,0
18080,19,2,1231.5,642,2,2011-04-11 10:10:00,2011-11-21 08:02:00,223,615.75,0
18081,36,3,343.45,195,14,2011-07-29 11:56:00,2011-11-03 16:30:00,97,114.48333333333333,1
18082,26,1,680.84,608,62,2011-11-14 12:45:00,2011-11-14 12:45:00,0,680.84,1
18084,16,1,90.47999999999999,312,1,2011-11-23 13:57:00,2011-11-23 13:57:00,0,90.47999999999999,1
18085,330,2,689.95,265,25,2010-12-01 12:08:00,2011-01-13 15:17:00,43,344.975,1
18086,274,1,101.34,106,7,2011-03-10 13:34:00,2011-03-10 13:34:00,0,101.34,1
18087,98,2,4055.7199999999993,3907,2,2011-02-22 10:43:00,2011-09-02 15:12:00,192,2027.8599999999997,0
18088,61,1,166.03,107,35,2011-10-09 13:41:00,2011-10-09 13:41:00,0,166.03,1
18092,2,11,9068.26,4252,28,2010-12-09 10:00:00,2011-12-07 13:14:00,363,824.3872727272727,0
18093,93,4,2106.52,1392,31,2011-02-10 12:15:00,2011-09-07 15:43:00,209,526.63,0
18094,82,7,3017.3,2518,39,2011-02-21 08:50:00,2011-09-19 09:28:00,210,431.04285714285714,0
18095,313,2,580.0500000000001,419,20,2011-01-11 12:37:00,2011-01-31 12:50:00,20,290.02500000000003,1
18096,12,3,849.06,788,157,2011-10-07 11:55:00,2011-11-28 12:44:00,52,283.02,0
18097,8,6,2662.4,1662,65,2010-12-20 14:49:00,2011-12-02 11:16:00,346,443.73333333333335,0
18099,127,1,168.31,149,19,2011-08-04 15:52:00,2011-08-04 15:52:00,0,168.31,1
18101,11,2,222.4,87,37,2011-07-19 13:05:00,2011-11-28 13:37:00,132,111.2,1
18102,1,60,259657.3,64124,150,2010-12-07 16:42:00,2011-12-09 11:50:00,366,4327.621666666667,0
18104,37,1,754.64,362,38,2011-11-02 14:07:00,2011-11-02 14:07:00,0,754.64,1
18105,38,1,113.48000000000002,46,18,2011-11-02 12:04:00,2011-11-02 12:04:00,0,113.48000000000002,1
18106,330,1,421.9,126,33,2011-01-14 12:23:00,2011-01-14 12:23:00,0,421.9,1
18108,254,1,271.0,84,17,2011-03-30 13:56:00,2011-03-30 13:56:00,0,271.0,1
18109,2,26,8004.92,4230,119,2010-12-05 10:58:00,2011-12-08 11:36:00,368,307.88153846153847,0
18110,20,1,198.8,72,33,2011-11-20 12:34:00,2011-11-20 12:34:00,0,198.8,1
18112,12,2,352.69,255,26,2011-06-26 13:56:00,2011-11-27 14:43:00,154,176.345,1
18113,369,1,76.32000000000001,72,1,2010-12-06 12:31:00,2010-12-06 12:31:00,0,76.32000000000001,1
18114,290,1,220.1,55,28,2011-02-22 13:20:00,2011-02-22 13:20:00,0,220.1,1
18116,68,8,1403.1100000000001,837,230,2010-12-10 12:14:00,2011-10-03 11:00:00,296,175.38875000000002,0
18117,26,1,315.65,605,68,2011-11-14 12:47:00,2011-11-14 12:47:00,0,315.65,1
18118,11,26,5625.08,2865,424,2010-12-05 12:13:00,2011-11-29 11:32:00,358,216.34923076923076,0
18119,368,1,180.7,124,29,2010-12-07 11:59:00,2010-12-07 11:59:00,0,180.7,1
18120,214,1,111.15,31,17,2011-05-09 13:45:00,2011-05-09 13:45:00,0,111.15,1
18121,149,2,653.3,438,28,2011-07-08 12:14:00,2011-07-13 12:53:00,5,326.65,1
18122,8,6,1793.06,1225,239,2011-07-12 11:37:00,2011-12-01 13:08:00,142,298.8433333333333,0
18123,24,2,574.4399999999999,582,31,2011-11-08 13:31:00,2011-11-15 14:23:00,7,287.21999999999997,1
18125,30,4,1131.75,800,164,2011-01-27 15:02:00,2011-11-10 12:29:00,286,282.9375,0
18126,61,1,200.92000000000002,135,52,2011-10-10 12:19:00,2011-10-10 12:19:00,0,200.92000000000002,1
18127,19,3,347.08,187,41,2011-07-29 10:06:00,2011-11-20 14:05:00,114,115.69333333333333,1
18129,243,1,112.55000000000001,48,13,2011-04-10 14:16:00,2011-04-10 14:16:00,0,112.55000000000001,1
18130,15,3,1059.39,824,58,2011-10-13 15:58:00,2011-11-24 14:40:00,41,353.13000000000005,0
18133,212,1,931.4999999999999,1350,1,2011-05-11 14:14:00,2011-05-11 14:14:00,0,931.4999999999999,1
18135,29,5,681.9100000000001,349,11,2011-06-02 14:04:00,2011-11-10 19:32:00,161,136.382,0
18136,63,3,784.33,379,34,2011-01-24 12:08:00,2011-10-07 15:40:00,256,261.4433333333333,0
18138,295,1,152.65,38,8,2011-02-17 14:51:00,2011-02-17 14:51:00,0,152.65,1
18139,18,6,8438.34,5557,35,2011-11-21 14:06:00,2011-11-22 10:44:00,0,1406.39,0
18142,157,2,1019.52,1276,9,2011-05-08 12:31:00,2011-07-05 13:19:00,58,509.76,1
18143,117,2,1000.16,570,59,2011-07-21 10:44:00,2011-08-15 12:07:00,25,500.08,0
18144,8,12,2888.75,1343,27,2010-12-01 13:45:00,2011-12-02 12:46:00,365,240.72916666666666,0
18145,13,4,2861.55,2625,174,2011-01-31 12:10:00,2011-11-27 11:22:00,299,715.3875,0
18146,141,2,160.35000000000002,153,10,2011-05-03 16:35:00,2011-07-22 12:08:00,79,80.17500000000001,1
18147,46,2,179.33999999999997,203,7,2011-08-23 12:22:00,2011-10-25 11:46:00,62,89.66999999999999,1
18149,51,3,612.0799999999999,310,11,2011-03-11 12:44:00,2011-10-20 12:04:00,222,204.02666666666664,1
18150,32,3,566.58,332,29,2011-05-22 10:47:00,2011-11-07 16:49:00,169,188.86,0
18151,135,2,653.35,355,38,2011-02-23 08:29:00,2011-07-28 11:35:00,155,326.675,1
18154,3,2,399.19,255,15,2011-10-27 10:40:00,2011-12-06 16:41:00,40,199.595,1
18155,75,3,371.62,266,19,2011-02-21 10:36:00,2011-09-25 13:32:00,216,123.87333333333333,1
18156,13,2,675.64,283,100,2010-12-05 12:29:00,2011-11-27 12:24:00,356,337.82,0
18158,9,2,453.4,354,24,2011-09-12 09:03:00,2011-11-30 16:19:00,79,226.7,0
18159,301,1,530.15,139,23,2011-02-11 14:26:00,2011-02-11 14:26:00,0,530.15,1
18160,57,2,638.0600000000001,294,37,2011-05-23 13:41:00,2011-10-13 15:50:00,143,319.03000000000003,0
18161,15,5,1618.69,812,49,2011-01-24 11:56:00,2011-11-24 16:40:00,304,323.738,0
18164,37,1,399.65000000000003,184,24,2011-11-02 12:56:00,2011-11-02 12:56:00,0,399.65000000000003,1
18165,177,1,302.46000000000004,254,10,2011-06-15 13:23:00,2011-06-15 13:23:00,0,302.46000000000004,1
18167,23,3,1384.8600000000001,382,24,2011-08-26 11:40:00,2011-11-16 15:56:00,82,461.62000000000006,0
18168,176,6,1160.04,592,97,2010-12-02 18:08:00,2011-06-16 19:21:00,196,193.34,0
18169,61,1,202.65,61,9,2011-10-10 12:18:00,2011-10-10 12:18:00,0,202.65,1
18170,33,3,980.31,409,29,2011-05-06 15:13:00,2011-11-06 14:35:00,183,326.77,0
18171,59,5,1231.31,481,43,2011-01-10 09:55:00,2011-10-12 09:13:00,274,246.262,0
18172,15,20,7561.68,3184,100,2011-02-23 10:44:00,2011-11-25 11:12:00,275,378.084,0
18173,87,4,2106.84,1220,23,2011-03-10 11:56:00,2011-09-14 11:26:00,187,526.71,0
18174,7,1,104.0,50,1,2011-12-02 16:56:00,2011-12-02 16:56:00,0,104.0,1
18176,358,1,476.35,283,30,2010-12-16 15:45:00,2010-12-16 15:45:00,0,476.35,1
18177,31,6,1340.8700000000001,709,53,2011-03-29 08:46:00,2011-11-08 14:44:00,224,223.47833333333335,0
18178,129,4,1590.81,983,80,2010-12-10 12:42:00,2011-08-03 09:30:00,235,397.7025,0
18179,9,6,1793.17,1360,86,2011-01-07 14:22:00,2011-11-30 16:23:00,327,298.8616666666667,0
18180,5,6,1843.75,1721,108,2011-07-20 08:59:00,2011-12-05 08:39:00,137,307.2916666666667,0
18181,24,1,366.85,133,40,2011-11-15 15:08:00,2011-11-15 15:08:00,0,366.85,1
18183,227,2,632.07,371,36,2011-03-10 10:08:00,2011-04-26 15:26:00,47,316.035,1
18184,15,1,49.8,60,1,2011-11-24 15:28:00,2011-11-24 15:28:00,0,49.8,1
18185,249,1,304.25,183,17,2011-04-04 13:42:00,2011-04-04 13:42:00,0,304.25,1
18188,15,3,2001.04,1168,63,2011-02-22 14:43:00,2011-11-24 16:46:00,275,667.0133333333333,0
18189,78,2,1090.24,566,65,2011-03-17 09:49:00,2011-09-23 12:40:00,190,545.12,0
18190,192,2,284.46000000000004,140,14,2011-01-13 10:35:00,2011-05-31 14:48:00,138,142.23000000000002,1
18191,262,1,207.79999999999998,140,7,2011-03-23 12:08:00,2011-03-23 12:08:00,0,207.79999999999998,1
18192,72,1,957.97,339,45,2011-09-29 09:53:00,2011-09-29 09:53:00,0,957.97,1
18193,165,1,243.76,124,16,2011-06-27 13:58:00,2011-06-27 13:58:00,0,243.76,1
18194,82,1,973.8399999999999,632,7,2011-09-18 13:29:00,2011-09-18 13:29:00,0,973.8399999999999,1
18196,95,2,686.63,431,131,2011-02-22 16:13:00,2011-09-05 16:22:00,195,343.315,0
18198,4,17,5425.56,4074,81,2011-01-07 13:39:00,2011-12-05 14:49:00,332,319.15058823529415,0
18200,106,1,150.35,104,29,2011-08-25 18:45:00,2011-08-25 18:45:00,0,150.35,1
18202,200,3,1396.99,581,55,2011-02-01 13:36:00,2011-05-24 12:12:00,111,465.66333333333336,0
18203,157,1,160.42000000000002,43,19,2011-07-05 13:07:00,2011-07-05 13:07:00,0,160.42000000000002,1
18204,71,3,1975.35,1190,159,2011-05-31 15:26:00,2011-09-29 16:44:00,121,658.4499999999999,0
18205,36,2,517.36,192,30,2011-09-26 12:02:00,2011-11-03 13:22:00,38,258.68,1
18209,29,1,139.10000000000002,58,8,2011-11-11 12:07:00,2011-11-11 12:07:00,0,139.10000000000002,1
18210,2,6,2621.38,1398,109,2011-03-17 16:58:00,2011-12-08 11:02:00,265,436.8966666666667,0
18211,26,5,600.07,359,37,2011-03-06 12:09:00,2011-11-14 08:10:00,252,120.01400000000001,0
18212,326,1,216.07,92,30,2011-01-17 16:14:00,2011-01-17 16:14:00,0,216.07,1
18213,237,1,232.48000000000002,232,15,2011-04-17 10:21:00,2011-04-17 10:21:00,0,232.48000000000002,1
18215,89,1,299.34000000000003,118,13,2011-09-11 16:05:00,2011-09-11 16:05:00,0,299.34000000000003,1
18216,31,1,481.75,200,26,2011-11-08 16:55:00,2011-11-08 16:55:00,0,481.75,1
18217,29,2,621.75,491,27,2011-09-30 10:44:00,2011-11-10 13:18:00,41,310.875,0
18218,211,2,641.92,536,17,2011-03-03 12:24:00,2011-05-12 12:53:00,70,320.96,1
18219,3,10,2069.77,885,58,2010-12-06 10:05:00,2011-12-07 11:43:00,366,206.977,0
18220,227,1,305.28000000000003,288,2,2011-04-27 09:03:00,2011-04-27 09:03:00,0,305.28000000000003,1
18221,22,5,1041.61,791,59,2011-05-12 14:13:00,2011-11-17 14:40:00,189,208.32199999999997,0
18222,93,1,443.0,335,19,2011-09-08 10:45:00,2011-09-08 10:45:00,0,443.0,1
18223,5,14,6484.54,2948,116,2010-12-16 16:42:00,2011-12-05 09:11:00,353,463.18142857142857,0
18224,264,1,158.95000000000002,69,10,2011-03-21 10:30:00,2011-03-21 10:30:00,0,158.95000000000002,1
18225,3,12,5504.96,3242,150,2010-12-09 15:46:00,2011-12-06 13:27:00,361,458.74666666666667,0
18226,44,11,5228.05,3466,141,2011-01-06 09:00:00,2011-10-26 13:36:00,293,475.27727272727276,0
18227,218,1,93.75,21,5,2011-05-06 12:23:00,2011-05-06 12:23:00,0,93.75,1
18228,57,2,779.9,238,23,2011-09-21 10:48:00,2011-10-14 09:21:00,22,389.95,1
18229,12,20,7276.900000000001,2488,66,2010-12-01 16:25:00,2011-11-28 09:48:00,361,363.845,0
18230,9,7,2810.2000000000003,1316,32,2011-02-10 13:06:00,2011-11-30 13:22:00,293,401.4571428571429,0
18231,192,5,2071.77,819,106,2011-02-24 09:08:00,2011-05-31 14:18:00,96,414.354,0
18232,82,4,592.97,302,31,2011-05-26 16:30:00,2011-09-19 11:49:00,115,148.2425,1
18233,326,1,440.0,4,1,2011-01-18 08:44:00,2011-01-18 08:44:00,0,440.0,1
18235,72,3,1796.48,1578,100,2011-05-06 13:35:00,2011-09-29 08:27:00,145,598.8266666666667,0
18236,30,6,882.24,403,42,2011-04-13 09:52:00,2011-11-10 08:06:00,210,147.04,0
18237,3,5,987.1,622,40,2011-07-28 13:05:00,2011-12-07 12:49:00,131,197.42000000000002,0
18239,219,5,1561.6100000000001,795,80,2010-12-02 17:48:00,2011-05-05 12:38:00,153,312.322,0
18240,46,1,422.58,126,6,2011-10-24 13:06:00,2011-10-24 13:06:00,0,422.58,1
18241,10,17,2073.09,1051,60,2011-05-06 09:22:00,2011-11-30 12:10:00,208,121.9464705882353,0
18242,72,4,2232.4900000000002,1017,72,2011-05-10 11:20:00,2011-09-28 13:43:00,141,558.1225000000001,0
18245,7,7,2567.06,1788,153,2010-12-19 14:58:00,2011-12-02 14:48:00,347,366.72285714285715,0
18246,24,2,596.1,166,3,2011-04-20 13:55:00,2011-11-16 11:49:00,209,298.05,1
18248,123,2,804.02,511,39,2011-06-06 13:18:00,2011-08-09 10:19:00,63,402.01,0
18249,17,1,95.34,128,8,2011-11-22 15:07:00,2011-11-22 15:07:00,0,95.34,1
18250,310,1,349.27,199,21,2011-02-02 13:16:00,2011-02-02 13:16:00,0,349.27,1
18251,87,1,4314.72,7824,16,2011-09-13 15:03:00,2011-09-13 15:03:00,0,4314.72,0
18252,51,2,518.27,234,90,2011-06-21 11:47:00,2011-10-20 12:43:00,121,259.135,0
18255,89,1,103.3,74,6,2011-09-11 13:16:00,2011-09-11 13:16:00,0,103.3,1
18257,39,8,2337.63,1041,97,2011-02-16 15:13:00,2011-10-31 14:48:00,256,292.20375,0
18259,25,3,2338.6000000000004,714,27,2010-12-08 13:38:00,2011-11-15 12:34:00,341,779.5333333333334,0
18260,173,6,2628.35,1475,86,2010-12-16 18:23:00,2011-06-20 12:37:00,185,438.05833333333334,0
18261,43,2,324.24,146,19,2011-09-05 09:34:00,2011-10-27 15:36:00,52,162.12,1
18262,140,1,149.48,182,13,2011-07-22 16:04:00,2011-07-22 16:04:00,0,149.48,1
18263,26,3,1213.1599999999999,1468,59,2011-04-01 11:48:00,2011-11-14 09:00:00,226,404.3866666666666,0
18265,72,2,801.51,311,44,2011-07-04 15:26:00,2011-09-28 14:10:00,85,400.755,0
18268,134,1,25.5,2,1,2011-07-28 19:13:00,2011-07-28 19:13:00,0,25.5,1
18269,366,1,168.6,76,7,2010-12-08 13:53:00,2010-12-08 13:53:00,0,168.6,1
18270,38,2,283.15,101,11,2011-03-18 12:41:00,2011-11-01 13:57:00,228,141.575,1
18272,3,6,3078.58,2050,99,2011-04-07 09:35:00,2011-12-07 12:43:00,244,513.0966666666667,0
18273,2,3,204.0,80,1,2011-03-27 11:22:00,2011-12-07 13:16:00,255,68.0,1
18274,30,1,175.92,88,11,2011-11-09 17:03:00,2011-11-09 17:03:00,0,175.92,1
18276,44,1,335.86,186,14,2011-10-27 10:54:00,2011-10-27 10:54:00,0,335.86,1
18277,58,1,110.38,68,8,2011-10-12 15:22:00,2011-10-12 15:22:00,0,110.38,1
18278,74,1,173.9,66,9,2011-09-27 11:58:00,2011-09-27 11:58:00,0,173.9,1
18280,278,1,180.60000000000002,45,10,2011-03-07 09:52:00,2011-03-07 09:52:00,0,180.60000000000002,1
18281,181,1,80.82,54,7,2011-06-12 10:53:00,2011-06-12 10:53:00,0,80.82,1
18282,8,2,178.05,103,12,2011-08-05 13:35:00,2011-12-02 11:43:00,118,89.025,1
18283,4,16,2045.53,1357,263,2011-01-06 14:14:00,2011-12-06 12:02:00,333,127.845625,0
18287,43,3,1837.28,1586,59,2011-05-22 10:39:00,2011-10-28 09:29:00,158,612.4266666666666,0
